poll_id,race_id,cycle,office,state,pollster,sample_size,poll_date,days_out,election_date,margin_poll,margin_actual,error,dem_won
6483,1687,2000,SEN-G,FL,McLaughlin & Associates,600,2000-10-17,21,2000-11-07,0.0,4.85,-4.85,1
6472,1706,2000,SEN-G,PA,Lincoln Institute,728,2000-10-17,21,2000-11-07,-11.0,-6.91,-4.09,0
25719,1694,2000,SEN-G,MI,EPIC-MRA,500,2000-10-18,20,2000-11-07,-7.0,1.61,-8.61,1
63599,1694,2000,SEN-G,MI,Rasmussen Reports,626,2000-10-18,20,2000-11-07,-19.0,1.61,-20.61,1
63600,1706,2000,SEN-G,PA,Rasmussen Reports,1043,2000-10-18,20,2000-11-07,-13.0,-6.91,-6.09,0
54529,1714,2000,SEN-G,WV,Rasmussen Reports,1036,2000-10-18,20,2000-11-07,61.0,57.59,3.41,1
6491,1695,2000,SEN-G,MN,St. Cloud State University,514,2000-10-19,19,2000-11-07,15.0,5.54,9.46,1
54474,1698,2000,SEN-G,MT,Rasmussen Reports,968,2000-10-19,19,2000-11-07,-10.0,-3.31,-6.69,0
25949,1703,2000,SEN-G,NY,Zogby Analytics,504,2000-10-19,19,2000-11-07,-1.0,12.26,-13.26,1
6462,1705,2000,SEN-G,OH,Mason-Dixon Polling & Strategy,625,2000-10-19,19,2000-11-07,-23.0,-24.07,1.07,0
63603,1707,2000,SEN-G,RI,Rasmussen Reports,802,2000-10-19,19,2000-11-07,-17.0,-15.73,-1.27,0
6463,1711,2000,SEN-G,VT,Mason-Dixon Polling & Strategy,628,2000-10-19,19,2000-11-07,-43.0,-40.18,-2.82,0
6451,1713,2000,SEN-G,WA,Elway Research,400,2000-10-19,19,2000-11-07,-3.0,0.09,-3.09,1
25743,1687,2000,SEN-G,FL,Fleming & Associates,606,2000-10-20,18,2000-11-07,3.0,4.85,-1.85,1
6447,1715,2000,SEN-G,WI,Harris Insights & Analytics,587,2000-10-20,18,2000-11-07,43.0,24.51,18.49,1
25903,1715,2000,SEN-G,WI,University of Wisconsin Survey Center,587,2000-10-20,18,2000-11-07,43.0,24.51,18.49,1
12771,1684,2000,SEN-G,CA,Los Angeles Times,852,2000-10-21,17,2000-11-07,25.0,19.25,5.75,1
25829,1698,2000,SEN-G,MT,Montana State University Billings Mountain States Poll,403,2000-10-21,17,2000-11-07,2.0,-3.31,5.31,0
6464,1701,2000,SEN-G,NJ,Quinnipiac University,909,2000-10-21,17,2000-11-07,5.0,3.01,1.99,1
54489,1704,2000,SEN-G,ND,Rasmussen Reports,1258,2000-10-21,17,2000-11-07,23.0,22.74,0.26,1
63608,1708,2000,SEN-G,TN,Rasmussen Reports,839,2000-10-21,17,2000-11-07,-29.0,-32.89,3.89,0
6454,1712,2000,SEN-G,VA,Virginia Commonwealth University L. Douglas Wilder School of Government and Public Affairs,596,2000-10-21,17,2000-11-07,-15.0,-4.58,-10.42,0
6489,1713,2000,SEN-G,WA,EMC Research,500,2000-10-21,17,2000-11-07,-4.0,0.09,-4.09,1
63609,1688,2000,SEN-G,GA,Rasmussen Reports,1029,2000-10-22,16,2000-11-07,17.0,20.4,-3.4,1
25884,1691,2000,SEN-G,ME,Pan Atlantic Research,400,2000-10-22,16,2000-11-07,-54.0,-37.88,-16.12,0
63610,1691,2000,SEN-G,ME,Rasmussen Reports,1548,2000-10-22,16,2000-11-07,-39.0,-37.88,-1.12,0
63611,1703,2000,SEN-G,NY,Rasmussen Reports,781,2000-10-22,16,2000-11-07,3.0,12.26,-9.26,1
25897,1705,2000,SEN-G,OH,University of Cincinnati (Ohio Poll),608,2000-10-22,16,2000-11-07,-25.0,-24.07,-0.93,0
6450,1706,2000,SEN-G,PA,Public Opinion Strategies,500,2000-10-22,16,2000-11-07,-22.0,-6.91,-15.09,0
6416,1707,2000,SEN-G,RI,Brown University A. Alfred Taubman Center for American Politics and Policy,370,2000-10-22,16,2000-11-07,-24.0,-15.73,-8.27,0
6403,1687,2000,SEN-G,FL,CBS News/The New York Times,514,2000-10-23,15,2000-11-07,9.0,4.85,4.15,1
54458,1697,2000,SEN-G,MO,Rasmussen Reports,1072,2000-10-23,15,2000-11-07,-3.0,2.08,-5.08,1
63614,1700,2000,SEN-G,NV,Rasmussen Reports,817,2000-10-23,15,2000-11-07,-17.0,-15.7,-1.3,0
63615,1705,2000,SEN-G,OH,Rasmussen Reports,929,2000-10-23,15,2000-11-07,-26.0,-24.07,-1.93,0
6405,1684,2000,SEN-G,CA,Research 2000,822,2000-10-24,14,2000-11-07,15.0,19.25,-4.25,1
54442,1686,2000,SEN-G,DE,SurveyUSA,500,2000-10-24,14,2000-11-07,1.0,11.83,-10.83,1
6400,1691,2000,SEN-G,ME,Market Decisions Research,824,2000-10-24,14,2000-11-07,-45.0,-37.88,-7.12,0
25718,1694,2000,SEN-G,MI,EPIC-MRA,500,2000-10-24,14,2000-11-07,0.0,1.61,-1.61,1
6388,1694,2000,SEN-G,MI,Mitchell Research & Communications,800,2000-10-24,14,2000-11-07,-3.0,1.61,-4.61,1
6386,1697,2000,SEN-G,MO,Mason-Dixon Polling & Strategy,625,2000-10-24,14,2000-11-07,0.0,2.08,-2.08,1
6387,1698,2000,SEN-G,MT,Mason-Dixon Polling & Strategy,628,2000-10-24,14,2000-11-07,-1.0,-3.31,2.31,0
6398,1703,2000,SEN-G,NY,Blum & Weprin Associates,850,2000-10-24,14,2000-11-07,7.0,12.26,-5.26,1
73383,1703,2000,SEN-G,NY,SurveyUSA,500,2000-10-24,14,2000-11-07,6.0,12.26,-6.26,1
54509,1710,2000,SEN-G,UT,Rasmussen Reports,918,2000-10-24,14,2000-11-07,-37.0,-34.07,-2.93,0
6389,1711,2000,SEN-G,VT,Research 2000,400,2000-10-24,14,2000-11-07,-28.0,-40.18,12.18,0
25901,1712,2000,SEN-G,VA,ABC News/The Washington Post,1009,2000-10-24,14,2000-11-07,-2.0,-4.58,2.58,0
63619,1712,2000,SEN-G,VA,Rasmussen Reports,1100,2000-10-24,14,2000-11-07,-8.0,-4.58,-3.42,0
63620,1687,2000,SEN-G,FL,Rasmussen Reports,864,2000-10-25,13,2000-11-07,4.0,4.85,-0.85,1
6367,1693,2000,SEN-G,MA,KRC Research,400,2000-10-25,13,2000-11-07,52.0,59.89,-7.89,1
6366,1693,2000,SEN-G,MA,RKM Research and Communications Inc.,400,2000-10-25,13,2000-11-07,49.0,59.89,-10.89,1
6368,1694,2000,SEN-G,MI,Marketing Resource Group (MRG),500,2000-10-25,13,2000-11-07,-8.0,1.61,-9.61,1
6372,1697,2000,SEN-G,MO,Zogby Analytics,603,2000-10-25,13,2000-11-07,2.0,2.08,-0.08,1
6383,1701,2000,SEN-G,NJ,Rutgers University Eagleton Center for Public Interest Polling,432,2000-10-25,13,2000-11-07,10.0,3.01,6.99,1
63733,1701,2000,SEN-G,NJ,SurveyUSA,500,2000-10-25,13,2000-11-07,8.0,3.01,4.99,1
6377,1712,2000,SEN-G,VA,Mason-Dixon Polling & Strategy,625,2000-10-25,13,2000-11-07,-3.0,-4.58,1.58,0
6363,1692,2000,SEN-G,MD,Mason-Dixon Polling & Strategy,625,2000-10-26,12,2000-11-07,29.0,26.47,2.53,1
63624,1692,2000,SEN-G,MD,Rasmussen Reports,696,2000-10-26,12,2000-11-07,20.0,26.47,-6.47,1
6352,1699,2000,SEN-G,NE,RKM Research and Communications Inc.,1007,2000-10-26,12,2000-11-07,12.0,2.18,9.82,1
54518,1711,2000,SEN-G,VT,Rasmussen Reports,1000,2000-10-26,12,2000-11-07,-42.0,-40.18,-1.82,0
6332,1687,2000,SEN-G,FL,Zogby Analytics,600,2000-10-27,11,2000-11-07,10.0,4.85,5.15,1
54450,1690,2000,SEN-G,IN,Market Shares Corp.,600,2000-10-27,11,2000-11-07,-59.0,-34.71,-24.29,0
6371,1692,2000,SEN-G,MD,Gonzales Research & Marketing Strategies Inc.,627,2000-10-27,11,2000-11-07,33.0,26.47,6.53,1
6341,1693,2000,SEN-G,MA,University of Massachusetts Department of Political Science,401,2000-10-27,11,2000-11-07,53.0,59.89,-6.89,1
6333,1694,2000,SEN-G,MI,Zogby Analytics,600,2000-10-27,11,2000-11-07,2.0,1.61,0.39,1
6324,1695,2000,SEN-G,MN,Mason-Dixon Polling & Strategy,625,2000-10-27,11,2000-11-07,5.0,5.54,-0.54,1
25934,1697,2000,SEN-G,MO,Zogby Analytics,600,2000-10-27,11,2000-11-07,7.0,2.08,4.92,1
6325,1700,2000,SEN-G,NV,Mason-Dixon Polling & Strategy,625,2000-10-27,11,2000-11-07,-17.0,-15.7,-1.3,0
6338,1701,2000,SEN-G,NJ,Monmouth University,575,2000-10-27,11,2000-11-07,4.0,3.01,0.99,1
6370,1701,2000,SEN-G,NJ,Quinnipiac University,600,2000-10-27,11,2000-11-07,8.0,3.01,4.99,1
6343,1703,2000,SEN-G,NY,CBS News/The New York Times,871,2000-10-27,11,2000-11-07,8.0,12.26,-4.26,1
6369,1703,2000,SEN-G,NY,Quinnipiac University,600,2000-10-27,11,2000-11-07,3.0,12.26,-9.26,1
25947,1703,2000,SEN-G,NY,Zogby Analytics,700,2000-10-27,11,2000-11-07,-1.0,12.26,-13.26,1
6336,1705,2000,SEN-G,OH,Zogby Analytics,600,2000-10-27,11,2000-11-07,-25.0,-24.07,-0.93,0
6320,1706,2000,SEN-G,PA,Zogby Analytics,600,2000-10-27,11,2000-11-07,-21.0,-6.91,-14.09,0
6340,1708,2000,SEN-G,TN,Zogby Analytics,500,2000-10-27,11,2000-11-07,-34.0,-32.89,-1.11,0
6321,1713,2000,SEN-G,WA,Zogby Analytics,500,2000-10-27,11,2000-11-07,-2.0,0.09,-2.09,1
6362,1715,2000,SEN-G,WI,Market Shares Corp.,500,2000-10-27,11,2000-11-07,33.0,24.51,8.49,1
6322,1715,2000,SEN-G,WI,Zogby Analytics,500,2000-10-27,11,2000-11-07,34.0,24.51,9.49,1
6326,1706,2000,SEN-G,PA,Millersville University Center for Politics and Public Affairs,550,2000-10-28,10,2000-11-07,-21.0,-6.91,-14.09,0
63626,1708,2000,SEN-G,TN,Rasmussen Reports,722,2000-10-28,10,2000-11-07,-26.0,-32.89,6.89,0
6300,1684,2000,SEN-G,CA,Field Research Corp. (Field Poll),900,2000-10-29,9,2000-11-07,20.0,19.25,0.75,1
63628,1684,2000,SEN-G,CA,Rasmussen Reports,1536,2000-10-29,9,2000-11-07,10.0,19.25,-9.25,1
25830,1687,2000,SEN-G,FL,The Florida Poll,824,2000-10-29,9,2000-11-07,7.0,4.85,2.15,1
6301,1688,2000,SEN-G,GA,Marketing Workshop,512,2000-10-29,9,2000-11-07,23.0,20.4,2.6,1
25863,1690,2000,SEN-G,IN,Research 2000,600,2000-10-29,9,2000-11-07,-48.0,-34.71,-13.29,0
63630,1694,2000,SEN-G,MI,Rasmussen Reports,956,2000-10-29,9,2000-11-07,-1.0,1.61,-2.61,1
75505,1694,2000,SEN-G,MI,SurveyUSA,600,2000-10-29,9,2000-11-07,-2.0,1.61,-3.61,1
63631,1697,2000,SEN-G,MO,Rasmussen Reports,1243,2000-10-29,9,2000-11-07,2.0,2.08,-0.08,1
63635,1706,2000,SEN-G,PA,Rasmussen Reports,967,2000-10-29,9,2000-11-07,-18.0,-6.91,-11.09,0
63742,1707,2000,SEN-G,RI,SurveyUSA,500,2000-10-29,9,2000-11-07,-26.0,-15.73,-10.27,0
63637,1686,2000,SEN-G,DE,Rasmussen Reports,776,2000-10-30,8,2000-11-07,3.0,11.83,-8.83,1
6261,1687,2000,SEN-G,FL,Zogby Analytics,600,2000-10-30,8,2000-11-07,5.0,4.85,0.15,1
6263,1694,2000,SEN-G,MI,Zogby Analytics,600,2000-10-30,8,2000-11-07,9.0,1.61,7.39,1
25931,1697,2000,SEN-G,MO,Zogby Analytics,600,2000-10-30,8,2000-11-07,2.0,2.08,-0.08,1
63638,1701,2000,SEN-G,NJ,Rasmussen Reports,594,2000-10-30,8,2000-11-07,4.0,3.01,0.99,1
25761,1703,2000,SEN-G,NY,Marist College,516,2000-10-30,8,2000-11-07,4.0,12.26,-8.26,1
6281,1703,2000,SEN-G,NY,Princeton Survey Research Associates International,844,2000-10-30,8,2000-11-07,1.0,12.26,-11.26,1
25944,1703,2000,SEN-G,NY,Zogby Analytics,700,2000-10-30,8,2000-11-07,-2.0,12.26,-14.26,1
6251,1705,2000,SEN-G,OH,Zogby Analytics,600,2000-10-30,8,2000-11-07,-33.0,-24.07,-8.93,0
6266,1706,2000,SEN-G,PA,Zogby Analytics,600,2000-10-30,8,2000-11-07,-17.0,-6.91,-10.09,0
6270,1708,2000,SEN-G,TN,Zogby Analytics,500,2000-10-30,8,2000-11-07,-29.0,-32.89,3.89,0
63639,1712,2000,SEN-G,VA,Rasmussen Reports,897,2000-10-30,8,2000-11-07,-6.0,-4.58,-1.42,0
6304,1712,2000,SEN-G,VA,Richmond Times-Dispatch,735,2000-10-30,8,2000-11-07,-2.0,-4.58,2.58,0
73387,1712,2000,SEN-G,VA,SurveyUSA,500,2000-10-30,8,2000-11-07,-7.0,-4.58,-2.42,0
6252,1713,2000,SEN-G,WA,Zogby Analytics,500,2000-10-30,8,2000-11-07,-1.0,0.09,-1.09,1
6267,1715,2000,SEN-G,WI,Zogby Analytics,500,2000-10-30,8,2000-11-07,27.0,24.51,2.49,1
6233,1684,2000,SEN-G,CA,Research 2000,820,2000-10-31,7,2000-11-07,15.0,19.25,-4.25,1
25768,1686,2000,SEN-G,DE,Mason-Dixon Polling & Strategy,625,2000-10-31,7,2000-11-07,0.0,11.83,-11.83,1
6220,1687,2000,SEN-G,FL,Mason-Dixon Polling & Strategy,812,2000-10-31,7,2000-11-07,5.0,4.85,0.15,1
25816,1694,2000,SEN-G,MI,Mitchell Research & Communications,800,2000-10-31,7,2000-11-07,-2.0,1.61,-3.61,1
6299,1705,2000,SEN-G,OH,Columbus Dispatch,2050,2000-10-31,7,2000-11-07,-27.0,-24.07,-2.93,0
6231,1712,2000,SEN-G,VA,Mason-Dixon Polling & Strategy,625,2000-10-31,7,2000-11-07,-5.0,-4.58,-0.42,0
63744,1684,2000,SEN-G,CA,SurveyUSA,530,2000-11-01,6,2000-11-07,12.0,19.25,-7.25,1
63640,1687,2000,SEN-G,FL,Rasmussen Reports,577,2000-11-01,6,2000-11-07,-3.0,4.85,-7.85,1
75501,1687,2000,SEN-G,FL,SurveyUSA,500,2000-11-01,6,2000-11-07,2.0,4.85,-2.85,1
6249,1694,2000,SEN-G,MI,Mitchell Research & Communications,800,2000-11-01,6,2000-11-07,-3.0,1.61,-4.61,1
6200,1694,2000,SEN-G,MI,Research 2000,602,2000-11-01,6,2000-11-07,5.0,1.61,3.39,1
25886,1695,2000,SEN-G,MN,Tarrance Group,450,2000-11-01,6,2000-11-07,1.0,5.54,-4.54,1
6191,1697,2000,SEN-G,MO,Research 2000,600,2000-11-01,6,2000-11-07,5.0,2.08,2.92,1
63745,1700,2000,SEN-G,NV,SurveyUSA,500,2000-11-01,6,2000-11-07,-16.0,-15.7,-0.3,0
25887,1701,2000,SEN-G,NJ,Tarrance Group,500,2000-11-01,6,2000-11-07,-4.0,3.01,-7.01,1
6217,1703,2000,SEN-G,NY,Blum & Weprin Associates,883,2000-11-01,6,2000-11-07,7.0,12.26,-5.26,1
63746,1703,2000,SEN-G,NY,SurveyUSA,500,2000-11-01,6,2000-11-07,6.0,12.26,-6.26,1
63748,1705,2000,SEN-G,OH,SurveyUSA,500,2000-11-01,6,2000-11-07,-19.0,-24.07,5.07,0
6194,1706,2000,SEN-G,PA,Decision Forecasting,1032,2000-11-01,6,2000-11-07,-21.0,-6.91,-14.09,0
63749,1706,2000,SEN-G,PA,SurveyUSA,800,2000-11-01,6,2000-11-07,-16.0,-6.91,-9.09,0
63804,1709,2000,SEN-G,TX,Scripps Howard,844,2000-11-01,6,2000-11-07,-32.0,-32.77,0.77,0
54524,1713,2000,SEN-G,WA,SurveyUSA,500,2000-11-01,6,2000-11-07,-2.0,0.09,-2.09,1
6168,1687,2000,SEN-G,FL,Zogby Analytics,600,2000-11-02,5,2000-11-07,5.0,4.85,0.15,1
6172,1694,2000,SEN-G,MI,EPIC-MRA,500,2000-11-02,5,2000-11-07,-5.0,1.61,-6.61,1
6169,1694,2000,SEN-G,MI,Zogby Analytics,600,2000-11-02,5,2000-11-07,0.0,1.61,-1.61,1
6213,1695,2000,SEN-G,MN,Minneapolis Star Tribune,900,2000-11-02,5,2000-11-07,9.0,5.54,3.46,1
25928,1697,2000,SEN-G,MO,Zogby Analytics,600,2000-11-02,5,2000-11-07,3.0,2.08,0.92,1
6171,1702,2000,SEN-G,NM,Mason-Dixon Polling & Strategy,425,2000-11-02,5,2000-11-07,30.0,23.45,6.55,1
6190,1703,2000,SEN-G,NY,Blum & Weprin Associates,851,2000-11-02,5,2000-11-07,7.0,12.26,-5.26,1
25941,1703,2000,SEN-G,NY,Zogby Analytics,700,2000-11-02,5,2000-11-07,4.0,12.26,-8.26,1
6167,1705,2000,SEN-G,OH,Mason-Dixon Polling & Strategy,625,2000-11-02,5,2000-11-07,-24.0,-24.07,0.07,0
6183,1705,2000,SEN-G,OH,Zogby Analytics,600,2000-11-02,5,2000-11-07,-32.0,-24.07,-7.93,0
63571,1706,2000,SEN-G,PA,Harris Insights & Analytics,5788.5,2000-11-02,5,2000-11-07,-15.5,-6.91,-8.59,0
6174,1706,2000,SEN-G,PA,Mason-Dixon Polling & Strategy,625,2000-11-02,5,2000-11-07,-19.0,-6.91,-12.09,0
63644,1706,2000,SEN-G,PA,Rasmussen Reports,644,2000-11-02,5,2000-11-07,-20.0,-6.91,-13.09,0
6184,1706,2000,SEN-G,PA,Zogby Analytics,600,2000-11-02,5,2000-11-07,-16.0,-6.91,-9.09,0
6185,1708,2000,SEN-G,TN,Zogby Analytics,500,2000-11-02,5,2000-11-07,-19.0,-32.89,13.89,0
6170,1713,2000,SEN-G,WA,Zogby Analytics,500,2000-11-02,5,2000-11-07,-2.0,0.09,-2.09,1
6187,1715,2000,SEN-G,WI,Zogby Analytics,500,2000-11-02,5,2000-11-07,29.0,24.51,4.49,1
63547,1684,2000,SEN-G,CA,Harris Insights & Analytics,24965,2000-11-03,4,2000-11-07,12.0,19.25,-7.25,1
63549,1685,2000,SEN-G,CT,Harris Insights & Analytics,2504,2000-11-03,4,2000-11-07,27.0,29.04,-2.04,1
63550,1687,2000,SEN-G,FL,Harris Insights & Analytics,16996,2000-11-03,4,2000-11-07,4.0,4.85,-0.85,1
63551,1688,2000,SEN-G,GA,Harris Insights & Analytics,6862,2000-11-03,4,2000-11-07,17.0,20.4,-3.4,1
63552,1689,2000,SEN-G,HI,Harris Insights & Analytics,585,2000-11-03,4,2000-11-07,29.0,48.17,-19.17,1
54454,1690,2000,SEN-G,IN,Harris Insights & Analytics,5592,2000-11-03,4,2000-11-07,-46.0,-34.71,-11.29,0
63560,1691,2000,SEN-G,ME,Harris Insights & Analytics,1473,2000-11-03,4,2000-11-07,-42.0,-37.88,-4.12,0
63559,1692,2000,SEN-G,MD,Harris Insights & Analytics,5198,2000-11-03,4,2000-11-07,25.0,26.47,-1.47,1
63558,1693,2000,SEN-G,MA,Harris Insights & Analytics,5109,2000-11-03,4,2000-11-07,53.0,59.89,-6.89,1
63561,1694,2000,SEN-G,MI,Harris Insights & Analytics,6748,2000-11-03,4,2000-11-07,0.0,1.61,-1.61,1
63562,1695,2000,SEN-G,MN,Harris Insights & Analytics,3793,2000-11-03,4,2000-11-07,10.0,5.54,4.46,1
54469,1697,2000,SEN-G,MO,Harris Insights & Analytics,5833,2000-11-03,4,2000-11-07,0.0,2.08,-2.08,1
63563,1699,2000,SEN-G,NE,Harris Insights & Analytics,1477,2000-11-03,4,2000-11-07,7.0,2.18,4.82,1
63566,1700,2000,SEN-G,NV,Harris Insights & Analytics,1833,2000-11-03,4,2000-11-07,-9.0,-15.7,6.7,0
63564,1701,2000,SEN-G,NJ,Harris Insights & Analytics,7193,2000-11-03,4,2000-11-07,4.0,3.01,0.99,1
6163,1701,2000,SEN-G,NJ,Monmouth University,843,2000-11-03,4,2000-11-07,5.0,3.01,1.99,1
6175,1701,2000,SEN-G,NJ,Quinnipiac University,770,2000-11-03,4,2000-11-07,-2.0,3.01,-5.01,1
63565,1702,2000,SEN-G,NM,Harris Insights & Analytics,1656,2000-11-03,4,2000-11-07,26.0,23.45,2.55,1
63567,1703,2000,SEN-G,NY,Harris Insights & Analytics,13590,2000-11-03,4,2000-11-07,5.0,12.26,-7.26,1
6165,1703,2000,SEN-G,NY,Quinnipiac University,979,2000-11-03,4,2000-11-07,12.0,12.26,-0.26,1
63568,1705,2000,SEN-G,OH,Harris Insights & Analytics,10956,2000-11-03,4,2000-11-07,-23.0,-24.07,1.07,0
25896,1705,2000,SEN-G,OH,University of Cincinnati (Ohio Poll),1179,2000-11-03,4,2000-11-07,-28.9,-24.07,-4.83,0
63572,1708,2000,SEN-G,TN,Harris Insights & Analytics,5165,2000-11-03,4,2000-11-07,-27.0,-32.89,5.89,0
6154,1708,2000,SEN-G,TN,Mason-Dixon Polling & Strategy,625,2000-11-03,4,2000-11-07,-32.0,-32.89,0.89,0
63573,1709,2000,SEN-G,TX,Harris Insights & Analytics,17907,2000-11-03,4,2000-11-07,-32.0,-32.77,0.77,0
54510,1710,2000,SEN-G,UT,Harris Insights & Analytics,1638,2000-11-03,4,2000-11-07,-32.0,-34.07,2.07,0
63574,1712,2000,SEN-G,VA,Harris Insights & Analytics,7462,2000-11-03,4,2000-11-07,-5.0,-4.58,-0.42,0
54525,1713,2000,SEN-G,WA,Harris Insights & Analytics,6542,2000-11-03,4,2000-11-07,-2.0,0.09,-2.09,1
54531,1714,2000,SEN-G,WV,Harris Insights & Analytics,1683,2000-11-03,4,2000-11-07,58.0,57.59,0.41,1
63575,1715,2000,SEN-G,WI,Harris Insights & Analytics,5163,2000-11-03,4,2000-11-07,21.0,24.51,-3.51,1
63645,1694,2000,SEN-G,MI,Rasmussen Reports,787,2000-11-04,3,2000-11-07,-6.0,1.61,-7.61,1
63751,1694,2000,SEN-G,MI,SurveyUSA,600,2000-11-04,3,2000-11-07,-6.0,1.61,-7.61,1
6142,1703,2000,SEN-G,NY,Marist College,580,2000-11-04,3,2000-11-07,4.0,12.26,-8.26,1
63652,1703,2000,SEN-G,NY,Rasmussen Reports,680,2000-11-04,3,2000-11-07,8.0,12.26,-4.26,1
63752,1712,2000,SEN-G,VA,SurveyUSA,500,2000-11-04,3,2000-11-07,-10.0,-4.58,-5.42,0
63750,1687,2000,SEN-G,FL,SurveyUSA,500,2000-11-05,2,2000-11-07,7.0,4.85,2.15,1
65023,1687,2000,SEN-G,FL,Zogby Analytics,593,2000-11-05,2,2000-11-07,2.0,4.85,-2.85,1
25916,1694,2000,SEN-G,MI,Zogby Analytics,593,2000-11-05,2,2000-11-07,4.0,1.61,2.39,1
65025,1697,2000,SEN-G,MO,Zogby Analytics,597,2000-11-05,2,2000-11-07,0.0,2.08,-2.08,1
63653,1701,2000,SEN-G,NJ,Rasmussen Reports,637,2000-11-05,2,2000-11-07,-1.0,3.01,-4.01,1
65026,1703,2000,SEN-G,NY,Zogby Analytics,689,2000-11-05,2,2000-11-07,3.0,12.26,-9.26,1
65027,1705,2000,SEN-G,OH,Zogby Analytics,589,2000-11-05,2,2000-11-07,-25.0,-24.07,-0.93,0
63654,1706,2000,SEN-G,PA,Rasmussen Reports,1091,2000-11-05,2,2000-11-07,-14.0,-6.91,-7.09,0
65009,1706,2000,SEN-G,PA,Zogby Analytics,592,2000-11-05,2,2000-11-07,-18.0,-6.91,-11.09,0
65028,1708,2000,SEN-G,TN,Zogby Analytics,490,2000-11-05,2,2000-11-07,-34.0,-32.89,-1.11,0
63656,1713,2000,SEN-G,WA,Rasmussen Reports,909,2000-11-05,2,2000-11-07,-4.0,0.09,-4.09,1
65029,1713,2000,SEN-G,WA,Zogby Analytics,504,2000-11-05,2,2000-11-07,5.0,0.09,4.91,1
63657,1715,2000,SEN-G,WI,Rasmussen Reports,1000,2000-11-05,2,2000-11-07,17.0,24.51,-7.51,1
65030,1715,2000,SEN-G,WI,Zogby Analytics,492,2000-11-05,2,2000-11-07,29.0,24.51,4.49,1
25581,1655,2002,SEN-G,IL,Research 2000,600,2002-10-15,21,2002-11-05,18.0,22.31,-4.31,1
25576,1656,2002,SEN-G,IA,Research 2000,600,2002-10-15,21,2002-11-05,9.0,10.4,-1.4,1
63775,1658,2002,SEN-G,KY,SurveyUSA,705,2002-10-15,21,2002-11-05,-35.0,-29.36,-5.64,0
25554,1663,2002,SEN-G,MI,Mitchell Research & Communications,600,2002-10-15,21,2002-11-05,26.0,22.72,3.28,1
25584,1666,2002,SEN-G,MO,Research 2000,600,2002-10-15,21,2002-11-05,-1.0,-1.13,0.13,0
25392,1669,2002,SEN-G,NH,American Research Group,600,2002-10-15,21,2002-11-05,-8.0,-4.42,-3.58,0
25605,1670,2002,SEN-G,NJ,Rutgers University Eagleton Center for Public Interest Polling,600,2002-10-15,21,2002-11-05,5.0,9.93,-4.93,1
54879,1673,2002,SEN-G,OK,SurveyUSA,710,2002-10-15,21,2002-11-05,-16.0,-20.99,4.99,0
25534,1676,2002,SEN-G,SC,Mason-Dixon Polling & Strategy,625,2002-10-15,21,2002-11-05,-17.0,-10.22,-6.78,0
25422,1679,2002,SEN-G,TX,Blum & Weprin Associates,600,2002-10-15,21,2002-11-05,-10.0,-11.97,1.97,0
72955,1679,2002,SEN-G,TX,FM3 Research,600,2002-10-15,21,2002-11-05,2.0,-11.97,13.97,0
54967,1679,2002,SEN-G,TX,SurveyUSA,683,2002-10-15,21,2002-11-05,-12.0,-11.97,-0.03,0
63821,1659,2002,SEN-G,LA,Voter/Consumer Research,500,2002-10-16,20,2002-11-05,28.0,18.76,9.24,1
25402,1666,2002,SEN-G,MO,American Viewpoint,600,2002-10-16,20,2002-11-05,-8.0,-1.13,-6.87,0
63777,1666,2002,SEN-G,MO,SurveyUSA,958,2002-10-16,20,2002-11-05,3.0,-1.13,4.13,0
25485,1669,2002,SEN-G,NH,GQR,500,2002-10-16,20,2002-11-05,2.0,-4.42,6.42,0
63704,1678,2002,SEN-G,TN,North Star Opinion Research,600,2002-10-16,20,2002-11-05,-16.0,-9.94,-6.06,0
25519,1653,2002,SEN-G,GA,Mason-Dixon Polling & Strategy,625,2002-10-17,19,2002-11-05,6.0,-6.83,12.83,0
25599,1674,2002,SEN-G,OR,Riley Research Associates,600,2002-10-17,19,2002-11-05,-18.0,-16.62,-1.38,0
25418,1679,2002,SEN-G,TX,"Normington, Petts & Associates",600,2002-10-17,19,2002-11-05,-2.0,-11.97,9.97,0
25560,1650,2002,SEN-G,AR,Opinion Research Associates,501,2002-10-18,18,2002-11-05,5.0,7.8,-2.8,1
72942,1659,2002,SEN-G,LA,Ed Renwick/Loyola University New Orleans,600,2002-10-18,18,2002-11-05,20.0,18.76,1.24,1
63684,1659,2002,SEN-G,LA,Mason-Dixon Polling & Strategy,400,2002-10-18,18,2002-11-05,24.0,18.76,5.24,1
25570,1670,2002,SEN-G,NJ,Quinnipiac University,603,2002-10-18,18,2002-11-05,9.0,9.93,-0.93,1
25659,1670,2002,SEN-G,NJ,West Chester University,404,2002-10-18,18,2002-11-05,10.0,9.93,0.07,1
25457,1679,2002,SEN-G,TX,FM3 Research,900,2002-10-18,18,2002-11-05,1.0,-11.97,12.97,0
25465,1679,2002,SEN-G,TX,Frank N. Magid Associates Inc.,550,2002-10-18,18,2002-11-05,-10.0,-11.97,1.97,0
25610,1679,2002,SEN-G,TX,Scripps Howard,795,2002-10-18,18,2002-11-05,-9.0,-11.97,2.97,0
54930,1676,2002,SEN-G,SC,SurveyUSA,764,2002-10-19,17,2002-11-05,-9.0,-10.22,1.22,0
25547,1678,2002,SEN-G,TN,Mellman Group,600,2002-10-19,17,2002-11-05,-6.0,-9.94,3.94,0
25424,1675,2002,SEN-G,RI,Brown University A. Alfred Taubman Center for American Politics and Policy,418,2002-10-20,16,2002-11-05,47.0,56.86,-9.86,1
25456,1678,2002,SEN-G,TN,Ethridge & Associates LLC,819,2002-10-20,16,2002-11-05,-9.0,-9.94,0.94,0
54948,1678,2002,SEN-G,TN,SurveyUSA,726,2002-10-20,16,2002-11-05,-4.0,-9.94,5.94,0
25503,1655,2002,SEN-G,IL,Illinois Wesleyan University Department of Political Science,497,2002-10-21,15,2002-11-05,18.0,22.31,-4.31,1
25597,1655,2002,SEN-G,IL,Richard Day Research,800,2002-10-21,15,2002-11-05,21.0,22.31,-1.31,1
54667,1656,2002,SEN-G,IA,SurveyUSA,605,2002-10-21,15,2002-11-05,17.0,10.4,6.6,1
63805,1659,2002,SEN-G,LA,Southeastern Louisiana University Social Science Research Center,537,2002-10-21,15,2002-11-05,29.0,18.76,10.24,1
25391,1669,2002,SEN-G,NH,American Research Group,600,2002-10-21,15,2002-11-05,-2.0,-4.42,2.42,0
73400,1670,2002,SEN-G,NJ,SurveyUSA,600,2002-10-21,15,2002-11-05,11.0,9.93,1.07,1
25504,1677,2002,SEN-G,SD,Jim Meader (KELOLAND-TV),600,2002-10-21,15,2002-11-05,3.0,0.15,2.85,1
63768,1651,2002,SEN-G,CO,SurveyUSA,739,2002-10-22,14,2002-11-05,-2.0,-4.93,2.93,0
25521,1655,2002,SEN-G,IL,Mason-Dixon Polling & Strategy,625,2002-10-22,14,2002-11-05,24.0,22.31,1.69,1
54694,1655,2002,SEN-G,IL,SurveyUSA,528,2002-10-22,14,2002-11-05,19.5,22.31,-2.81,1
25553,1663,2002,SEN-G,MI,Mitchell Research & Communications,600,2002-10-22,14,2002-11-05,34.0,22.72,11.28,1
25642,1670,2002,SEN-G,NJ,CBS News/The New York Times,746,2002-10-22,14,2002-11-05,13.0,9.93,3.07,1
25531,1670,2002,SEN-G,NJ,Mason-Dixon Polling & Strategy,800,2002-10-22,14,2002-11-05,7.0,9.93,-2.93,1
63792,1672,2002,SEN-G,NC,SurveyUSA,611,2002-10-22,14,2002-11-05,-6.0,-8.6,2.6,0
25538,1678,2002,SEN-G,TN,Mason-Dixon Polling & Strategy,625,2002-10-22,14,2002-11-05,-10.0,-9.94,-0.06,0
54970,1679,2002,SEN-G,TX,SurveyUSA,683,2002-10-22,14,2002-11-05,-7.0,-11.97,4.97,0
73448,1648,2002,SEN-G,AL,University of South Alabama Polling Group,926,2002-10-23,13,2002-11-05,-30.0,-18.77,-11.23,0
25431,1651,2002,SEN-G,CO,Ciruli Associates,500,2002-10-23,13,2002-11-05,-6.5,-4.93,-1.57,0
25630,1651,2002,SEN-G,CO,"Drake Research & Strategy, Inc.",500,2002-10-23,13,2002-11-05,1.0,-4.93,5.93,0
54807,1669,2002,SEN-G,NH,Becker Institute,401,2002-10-23,13,2002-11-05,6.0,-4.42,10.42,0
25480,1672,2002,SEN-G,NC,Garin-Hart-Yang Research Group,603,2002-10-23,13,2002-11-05,-4.0,-8.6,4.6,0
25487,1677,2002,SEN-G,SD,GQR,553,2002-10-23,13,2002-11-05,2.0,0.15,1.85,1
64227,1681,2002,SEN-G,WV,RMS Research,400,2002-10-23,13,2002-11-05,55.0,26.22,28.78,1
25525,1667,2002,SEN-G,MT,Mason-Dixon Polling & Strategy,625,2002-10-24,12,2002-11-05,31.0,31.01,-0.01,1
25464,1679,2002,SEN-G,TX,Frank N. Magid Associates Inc.,550,2002-10-24,12,2002-11-05,-3.0,-11.97,8.97,0
25559,1650,2002,SEN-G,AR,Opinion Research Associates,500,2002-10-25,11,2002-11-05,8.0,7.8,0.2,1
54764,1661,2002,SEN-G,ME,RKM Research and Communications Inc.,300,2002-10-25,11,2002-11-05,-28.0,-16.88,-11.12,0
25568,1677,2002,SEN-G,SD,Public Opinion Strategies,500,2002-10-25,11,2002-11-05,-3.0,0.15,-3.15,1
25627,1651,2002,SEN-G,CO,"Drake Research & Strategy, Inc.",500,2002-10-26,10,2002-11-05,0.0,-4.93,4.93,0
25515,1655,2002,SEN-G,IL,Market Shares Corp.,701,2002-10-26,10,2002-11-05,20.0,22.31,-2.31,1
54765,1661,2002,SEN-G,ME,Pan Atlantic Research,500,2002-10-26,10,2002-11-05,-19.0,-16.88,-2.12,0
25551,1668,2002,SEN-G,NE,MSR Group,604,2002-10-26,10,2002-11-05,-72.0,-68.12,-3.88,0
25651,1669,2002,SEN-G,NH,University of New Hampshire Survey Center,648,2002-10-26,10,2002-11-05,4.0,-4.42,8.42,0
25598,1674,2002,SEN-G,OR,Riley Research Associates,604,2002-10-26,10,2002-11-05,-22.0,-16.62,-5.38,0
54931,1676,2002,SEN-G,SC,SurveyUSA,764,2002-10-26,10,2002-11-05,-1.0,-10.22,9.22,0
25536,1677,2002,SEN-G,SD,Mason-Dixon Polling & Strategy,805,2002-10-26,10,2002-11-05,2.0,0.15,1.85,1
25427,1651,2002,SEN-G,CO,Ciruli Associates,400,2002-10-27,9,2002-11-05,-2.0,-4.93,2.93,0
25412,1653,2002,SEN-G,GA,Marketing Workshop,800,2002-10-27,9,2002-11-05,5.0,-6.83,11.83,0
25565,1664,2002,SEN-G,MN,Public Opinion Strategies,600,2002-10-27,9,2002-11-05,2.0,-2.2,4.2,0
25514,1666,2002,SEN-G,MO,Market Research Institute Inc.,601,2002-10-27,9,2002-11-05,-5.0,-1.13,-3.87,0
25448,1674,2002,SEN-G,OR,DHM Research,608,2002-10-27,9,2002-11-05,-19.0,-16.62,-2.38,0
54950,1678,2002,SEN-G,TN,SurveyUSA,726,2002-10-27,9,2002-11-05,-11.0,-9.94,-1.06,0
25595,1679,2002,SEN-G,TX,Rice University,656,2002-10-27,9,2002-11-05,-6.0,-11.97,5.97,0
73109,1680,2002,SEN-G,VA,Mason-Dixon Polling & Strategy,600,2002-10-27,9,2002-11-05,71.0,73.24,-2.24,1
54668,1656,2002,SEN-G,IA,SurveyUSA,605,2002-10-28,8,2002-11-05,22.0,10.4,11.6,1
25618,1664,2002,SEN-G,MN,Minneapolis Star Tribune,929,2002-10-28,8,2002-11-05,8.0,-2.2,10.2,0
25401,1666,2002,SEN-G,MO,American Viewpoint,600,2002-10-28,8,2002-11-05,-7.0,-1.13,-5.87,0
63783,1670,2002,SEN-G,NJ,SurveyUSA,732,2002-10-28,8,2002-11-05,10.0,9.93,0.07,1
25592,1674,2002,SEN-G,OR,Research 2000,802,2002-10-28,8,2002-11-05,-15.0,-16.62,1.62,0
25567,1677,2002,SEN-G,SD,Public Opinion Strategies,500,2002-10-28,8,2002-11-05,-3.0,0.15,-3.15,1
25492,1654,2002,SEN-G,ID,Greg Smith & Associates,400,2002-10-29,7,2002-11-05,-31.0,-32.61,1.61,0
25580,1655,2002,SEN-G,IL,Research 2000,600,2002-10-29,7,2002-11-05,17.0,22.31,-5.31,1
54700,1655,2002,SEN-G,IL,SurveyUSA,528,2002-10-29,7,2002-11-05,19.0,22.31,-3.31,1
72982,1656,2002,SEN-G,IA,Gazette Communications,1082,2002-10-29,7,2002-11-05,22.0,10.4,11.6,1
25575,1656,2002,SEN-G,IA,Research 2000,600,2002-10-29,7,2002-11-05,9.0,10.4,-1.4,1
63776,1658,2002,SEN-G,KY,SurveyUSA,705,2002-10-29,7,2002-11-05,-37.0,-29.36,-7.64,0
25452,1663,2002,SEN-G,MI,EPIC-MRA,500,2002-10-29,7,2002-11-05,32.0,22.72,9.28,1
25552,1663,2002,SEN-G,MI,Mitchell Research & Communications,600,2002-10-29,7,2002-11-05,30.0,22.72,7.28,1
25583,1666,2002,SEN-G,MO,Research 2000,600,2002-10-29,7,2002-11-05,-4.0,-1.13,-2.87,0
25390,1669,2002,SEN-G,NH,American Research Group,600,2002-10-29,7,2002-11-05,-2.0,-4.42,2.42,0
25468,1669,2002,SEN-G,NH,Franklin Pierce University Marlin Fitzwater Center for Communication,933,2002-10-29,7,2002-11-05,5.0,-4.42,9.42,0
25604,1670,2002,SEN-G,NJ,Rutgers University Eagleton Center for Public Interest Polling,458,2002-10-29,7,2002-11-05,12.0,9.93,2.07,1
25532,1671,2002,SEN-G,NM,Mason-Dixon Polling & Strategy,405,2002-10-29,7,2002-11-05,-33.0,-30.08,-2.92,0
64864,1672,2002,SEN-G,NC,Ethridge & Associates LLC,560,2002-10-29,7,2002-11-05,-7.0,-8.6,1.6,0
72973,1672,2002,SEN-G,NC,Garin-Hart-Yang Research Group,600,2002-10-29,7,2002-11-05,-3.0,-8.6,5.6,0
25529,1672,2002,SEN-G,NC,Mason-Dixon Polling & Strategy,625,2002-10-29,7,2002-11-05,-6.0,-8.6,2.6,0
63793,1672,2002,SEN-G,NC,SurveyUSA,611,2002-10-29,7,2002-11-05,-4.0,-8.6,4.6,0
25533,1676,2002,SEN-G,SC,Mason-Dixon Polling & Strategy,625,2002-10-29,7,2002-11-05,-17.0,-10.22,-6.78,0
54543,1648,2002,SEN-G,AL,University of Alabama at Birmingham,600,2002-10-30,6,2002-11-05,-35.0,-18.77,-16.23,0
25623,1651,2002,SEN-G,CO,"Drake Research & Strategy, Inc.",500,2002-10-30,6,2002-11-05,4.0,-4.93,8.93,0
25587,1669,2002,SEN-G,NH,Research 2000,600,2002-10-30,6,2002-11-05,1.0,-4.42,5.42,0
25461,1670,2002,SEN-G,NJ,Fairleigh Dickinson University,600,2002-10-30,6,2002-11-05,10.0,9.93,0.07,1
25572,1671,2002,SEN-G,NM,Research & Polling Inc.,905,2002-10-30,6,2002-11-05,-38.0,-30.08,-7.92,0
54881,1673,2002,SEN-G,OK,SurveyUSA,710,2002-10-30,6,2002-11-05,-17.0,-20.99,3.99,0
25426,1651,2002,SEN-G,CO,Ciruli Associates,400,2002-10-31,5,2002-11-05,1.0,-4.93,5.93,0
25613,1656,2002,SEN-G,IA,Selzer & Co.,807,2002-10-31,5,2002-11-05,9.0,10.4,-1.4,1
25524,1664,2002,SEN-G,MN,Mason-Dixon Polling & Strategy,625,2002-10-31,5,2002-11-05,-6.0,-2.2,-3.8,0
25617,1664,2002,SEN-G,MN,Minneapolis Star Tribune,929,2002-10-31,5,2002-11-05,5.0,-2.2,7.2,0
25677,1666,2002,SEN-G,MO,Zogby Analytics,600,2002-10-31,5,2002-11-05,0.0,-1.13,1.13,0
25460,1670,2002,SEN-G,NJ,Fairleigh Dickinson University,921,2002-10-31,5,2002-11-05,9.0,9.93,-0.93,1
25569,1670,2002,SEN-G,NJ,Quinnipiac University,574,2002-10-31,5,2002-11-05,11.0,9.93,1.07,1
25421,1679,2002,SEN-G,TX,Blum & Weprin Associates,1002,2002-10-31,5,2002-11-05,-9.0,-11.97,2.97,0
54973,1679,2002,SEN-G,TX,SurveyUSA,683,2002-10-31,5,2002-11-05,-8.0,-11.97,3.97,0
25469,1650,2002,SEN-G,AR,Gallup,616,2002-11-01,4,2002-11-05,8.0,7.8,0.2,1
25661,1650,2002,SEN-G,AR,Zogby Analytics,600,2002-11-01,4,2002-11-05,11.0,7.8,3.2,1
25470,1651,2002,SEN-G,CO,Gallup,619,2002-11-01,4,2002-11-05,-2.0,-4.93,2.93,0
63677,1651,2002,SEN-G,CO,Hill Research Consultants,400,2002-11-01,4,2002-11-05,-6.0,-4.93,-1.07,0
63770,1651,2002,SEN-G,CO,SurveyUSA,739,2002-11-01,4,2002-11-05,-4.0,-4.93,0.93,0
25666,1651,2002,SEN-G,CO,Zogby Analytics,600,2002-11-01,4,2002-11-05,7.0,-4.93,11.93,0
25670,1653,2002,SEN-G,GA,Zogby Analytics,600,2002-11-01,4,2002-11-05,-1.0,-6.83,5.83,0
25671,1655,2002,SEN-G,IL,Zogby Analytics,802,2002-11-01,4,2002-11-05,24.0,22.31,1.69,1
25451,1663,2002,SEN-G,MI,EPIC-MRA,500,2002-11-01,4,2002-11-05,30.0,22.72,7.28,1
25675,1664,2002,SEN-G,MN,Zogby Analytics,600,2002-11-01,4,2002-11-05,3.0,-2.2,5.2,0
25471,1666,2002,SEN-G,MO,Gallup,604,2002-11-01,4,2002-11-05,-4.0,-1.13,-2.87,0
25650,1669,2002,SEN-G,NH,University of New Hampshire Survey Center,644,2002-11-01,4,2002-11-05,-1.0,-4.42,3.42,0
25473,1670,2002,SEN-G,NJ,Monmouth University,611,2002-11-01,4,2002-11-05,5.0,9.93,-4.93,1
25590,1670,2002,SEN-G,NJ,Research 2000,600,2002-11-01,4,2002-11-05,9.0,9.93,-0.93,1
25686,1670,2002,SEN-G,NJ,Zogby Analytics,600,2002-11-01,4,2002-11-05,13.0,9.93,3.07,1
25683,1672,2002,SEN-G,NC,Zogby Analytics,525,2002-11-01,4,2002-11-05,-4.0,-8.6,4.6,0
25472,1677,2002,SEN-G,SD,Gallup,685,2002-11-01,4,2002-11-05,-3.0,0.15,-3.15,1
25690,1677,2002,SEN-G,SD,Zogby Analytics,500,2002-11-01,4,2002-11-05,4.0,0.15,3.85,1
25696,1679,2002,SEN-G,TX,Zogby Analytics,600,2002-11-01,4,2002-11-05,0.0,-11.97,11.97,0
63778,1666,2002,SEN-G,MO,SurveyUSA,958,2002-11-02,3,2002-11-05,2.0,-1.13,3.13,0
54882,1673,2002,SEN-G,OK,SurveyUSA,710,2002-11-02,3,2002-11-05,-17.0,-20.99,3.99,0
54933,1676,2002,SEN-G,SC,SurveyUSA,764,2002-11-02,3,2002-11-05,-1.0,-10.22,9.22,0
73170,1679,2002,SEN-G,TX,Frank N. Magid Associates Inc.,550,2002-11-02,3,2002-11-05,1.0,-11.97,12.97,0
25660,1650,2002,SEN-G,AR,Zogby Analytics,507,2002-11-03,2,2002-11-05,12.0,7.8,4.2,1
63815,1651,2002,SEN-G,CO,Tarrance Group,400,2002-11-03,2,2002-11-05,-6.0,-4.93,-1.07,0
25665,1651,2002,SEN-G,CO,Zogby Analytics,507,2002-11-03,2,2002-11-05,5.0,-4.93,9.93,0
25669,1653,2002,SEN-G,GA,Zogby Analytics,600,2002-11-03,2,2002-11-05,2.0,-6.83,8.83,0
73209,1664,2002,SEN-G,MN,Public Opinion Strategies,600,2002-11-03,2,2002-11-05,0.2,-2.2,2.4,0
25389,1669,2002,SEN-G,NH,American Research Group,600,2002-11-03,2,2002-11-05,-4.0,-4.42,0.42,0
73210,1669,2002,SEN-G,NH,Public Opinion Strategies,600,2002-11-03,2,2002-11-05,1.8,-4.42,6.22,0
25685,1670,2002,SEN-G,NJ,Zogby Analytics,527,2002-11-03,2,2002-11-05,11.0,9.93,1.07,1
25682,1672,2002,SEN-G,NC,Zogby Analytics,525,2002-11-03,2,2002-11-05,-7.0,-8.6,1.6,0
73211,1677,2002,SEN-G,SD,Public Opinion Strategies,600,2002-11-03,2,2002-11-05,-0.1,0.15,-0.25,1
25674,1664,2002,SEN-G,MN,Zogby Analytics,600,2002-11-04,1,2002-11-05,5.0,-2.2,7.2,0
25676,1666,2002,SEN-G,MO,Zogby Analytics,600,2002-11-04,1,2002-11-05,-7.0,-1.13,-5.87,0
25689,1677,2002,SEN-G,SD,Zogby Analytics,500,2002-11-04,1,2002-11-05,-4.0,0.15,-4.15,1
25695,1679,2002,SEN-G,TX,Zogby Analytics,602,2002-11-04,1,2002-11-05,-4.0,-11.97,7.97,0
63806,1660,2002,SEN-G,LA,Southern Media & Opinion Research,600,2002-11-20,17,2002-12-07,16.0,3.4,12.6,1
63680,1660,2002,SEN-G,LA,Marketing Research Institute,800,2002-11-21,16,2002-12-07,-4.0,3.4,-7.4,1
63819,1660,2002,SEN-G,LA,University of New Orleans Survey Research Center,700,2002-11-26,11,2002-12-07,1.0,3.4,-2.4,1
63682,1660,2002,SEN-G,LA,Mason-Dixon Polling & Strategy,625,2002-12-03,4,2002-12-07,2.0,3.4,-1.4,1
4705,1643,2004,SEN-G,SD,Rasmussen Reports,500,2004-10-12,21,2004-11-02,0.0,-1.16,1.16,0
4707,1621,2004,SEN-G,FL,Strategic Vision LLC,801,2004-10-13,20,2004-11-02,0.0,-1.11,1.11,0
4714,1621,2004,SEN-G,FL,University of North Florida Public Opinion Research Lab,614,2004-10-13,20,2004-11-02,3.0,-1.11,4.11,0
4709,1622,2004,SEN-G,GA,Strategic Vision LLC,801,2004-10-13,20,2004-11-02,-15.0,-17.9,2.9,0
73220,1629,2004,SEN-G,KY,Public Opinion Strategies,600,2004-10-13,20,2004-11-02,-11.0,-1.32,-9.68,0
4700,1630,2004,SEN-G,LA,Southern Media & Opinion Research,600,2004-10-13,20,2004-11-02,-25.4,-21.69,-3.71,0
4708,1634,2004,SEN-G,NH,Research 2000,600,2004-10-13,20,2004-11-02,-52.0,-32.49,-19.51,0
4713,1618,2004,SEN-G,CA,Public Policy Institute of California,1170,2004-10-14,19,2004-11-02,18.0,19.91,-1.91,1
4699,1622,2004,SEN-G,GA,Zogby Analytics,501,2004-10-14,19,2004-11-02,-18.0,-17.9,-0.1,0
25092,1630,2004,SEN-G,LA,Ed Renwick/Loyola University New Orleans,600,2004-10-14,19,2004-11-02,-24.0,-21.69,-2.31,0
25344,1638,2004,SEN-G,OH,University of Cincinnati (Ohio Poll),600,2004-10-14,19,2004-11-02,-27.0,-27.7,0.7,0
25267,1639,2004,SEN-G,OK,SoonerPoll.com,500,2004-10-14,19,2004-11-02,2.7,-11.53,14.23,0
25255,1647,2004,SEN-G,WI,Rasmussen Reports,500,2004-10-14,19,2004-11-02,10.0,11.25,-1.25,1
25216,1619,2004,SEN-G,CO,Public Opinion Strategies,500,2004-10-15,18,2004-11-02,-5.0,4.77,-9.77,1
4681,1621,2004,SEN-G,FL,Mason-Dixon Polling & Strategy,625,2004-10-15,18,2004-11-02,0.0,-1.11,1.11,0
4685,1646,2004,SEN-G,WA,Elway Research,405,2004-10-15,18,2004-11-02,17.0,12.24,4.76,1
25154,1615,2004,SEN-G,AK,Alaska Survey Research,548,2004-10-16,17,2004-11-02,1.6,-3.03,4.63,0
25276,1617,2004,SEN-G,AR,SurveyUSA,613,2004-10-16,17,2004-11-02,19.0,11.83,7.17,1
4689,1618,2004,SEN-G,CA,Los Angeles Times,925,2004-10-16,17,2004-11-02,22.0,19.91,2.09,1
25279,1618,2004,SEN-G,CA,SurveyUSA,697,2004-10-16,17,2004-11-02,22.0,19.91,2.09,1
4691,1619,2004,SEN-G,CO,Gallup,666,2004-10-16,17,2004-11-02,1.0,4.77,-3.77,1
4672,1621,2004,SEN-G,FL,SurveyUSA,596,2004-10-16,17,2004-11-02,-2.0,-1.11,-0.89,0
25128,1629,2004,SEN-G,KY,Garin-Hart-Yang Research Group,600,2004-10-16,17,2004-11-02,0.0,-1.32,1.32,0
4675,1634,2004,SEN-G,NH,Suffolk University,400,2004-10-16,17,2004-11-02,-26.0,-32.49,6.49,0
4668,1636,2004,SEN-G,NC,SurveyUSA,621,2004-10-16,17,2004-11-02,-2.0,-4.58,2.58,0
4688,1638,2004,SEN-G,OH,ABC News/The Washington Post,789,2004-10-16,17,2004-11-02,-25.0,-27.7,2.7,0
4657,1639,2004,SEN-G,OK,WPA Intelligence,500,2004-10-16,17,2004-11-02,-3.0,-11.53,8.53,0
4666,1641,2004,SEN-G,PA,SurveyUSA,608,2004-10-16,17,2004-11-02,-7.0,-10.63,3.63,0
4669,1646,2004,SEN-G,WA,SurveyUSA,640,2004-10-16,17,2004-11-02,18.0,12.24,5.76,1
4636,1618,2004,SEN-G,CA,Strategic Vision LLC,801,2004-10-17,16,2004-11-02,17.0,19.91,-2.91,1
25078,1619,2004,SEN-G,CO,Ciruli Associates,600,2004-10-17,16,2004-11-02,4.0,4.77,-0.77,1
4652,1621,2004,SEN-G,FL,Quinnipiac University,808,2004-10-17,16,2004-11-02,0.0,-1.11,1.11,0
4644,1632,2004,SEN-G,MO,SurveyUSA,667,2004-10-17,16,2004-11-02,-18.0,-13.29,-4.71,0
4686,1633,2004,SEN-G,NV,Mason-Dixon Polling & Strategy,625,2004-10-17,16,2004-11-02,27.0,26.37,0.63,1
4645,1638,2004,SEN-G,OH,SurveyUSA,698,2004-10-17,16,2004-11-02,-24.0,-27.7,3.7,0
25085,1639,2004,SEN-G,OK,Consumer Logic,753,2004-10-17,16,2004-11-02,7.0,-11.53,18.53,0
4643,1646,2004,SEN-G,WA,Strategic Vision LLC,801,2004-10-17,16,2004-11-02,8.0,12.24,-4.24,1
25131,1615,2004,SEN-G,AK,Global Strategy Group,600,2004-10-18,15,2004-11-02,4.0,-3.03,7.03,0
25133,1619,2004,SEN-G,CO,Global Strategy Group,600,2004-10-18,15,2004-11-02,6.0,4.77,1.23,1
25152,1619,2004,SEN-G,CO,Harstad Strategic Research,515,2004-10-18,15,2004-11-02,6.0,4.77,1.23,1
4601,1619,2004,SEN-G,CO,Rasmussen Reports,500,2004-10-18,15,2004-11-02,-1.0,4.77,-5.77,1
4631,1622,2004,SEN-G,GA,Strategic Vision LLC,801,2004-10-18,15,2004-11-02,-14.0,-17.9,3.9,0
4638,1625,2004,SEN-G,IL,Market Shares Corp.,700,2004-10-18,15,2004-11-02,47.0,42.95,4.05,1
4663,1625,2004,SEN-G,IL,Richard Day Research,828,2004-10-18,15,2004-11-02,50.0,42.95,7.05,1
4628,1626,2004,SEN-G,IN,SurveyUSA,597,2004-10-18,15,2004-11-02,32.0,24.42,7.58,1
4629,1629,2004,SEN-G,KY,SurveyUSA,623,2004-10-18,15,2004-11-02,-14.0,-1.32,-12.68,0
4614,1630,2004,SEN-G,LA,Market Research Insight,600,2004-10-18,15,2004-11-02,-29.0,-21.69,-7.31,0
4637,1633,2004,SEN-G,NV,Belden Russonello,600,2004-10-18,15,2004-11-02,34.0,26.37,7.63,1
4617,1638,2004,SEN-G,OH,Opinion Dynamics,800,2004-10-18,15,2004-11-02,-30.0,-27.7,-2.3,0
4634,1641,2004,SEN-G,PA,Quinnipiac University,841,2004-10-18,15,2004-11-02,-16.5,-10.63,-5.87,0
4620,1641,2004,SEN-G,PA,Strategic Vision LLC,801,2004-10-18,15,2004-11-02,-19.0,-10.63,-8.37,0
4608,1617,2004,SEN-G,AR,Opinion Research Associates,500,2004-10-19,14,2004-11-02,36.0,11.83,24.17,1
4611,1619,2004,SEN-G,CO,SurveyUSA,596,2004-10-19,14,2004-11-02,-4.0,4.77,-8.77,1
4606,1621,2004,SEN-G,FL,Strategic Vision LLC,801,2004-10-19,14,2004-11-02,3.0,-1.11,4.11,0
25292,1622,2004,SEN-G,GA,SurveyUSA,604,2004-10-19,14,2004-11-02,-16.0,-17.9,1.9,0
4604,1629,2004,SEN-G,KY,Louisville Courier-Journal,690,2004-10-19,14,2004-11-02,-6.0,-1.32,-4.68,0
4599,1636,2004,SEN-G,NC,Mason-Dixon Polling & Strategy,625,2004-10-19,14,2004-11-02,0.0,-4.58,4.58,0
4590,1636,2004,SEN-G,NC,The Tyson Group,600,2004-10-19,14,2004-11-02,-1.0,-4.58,3.58,0
4592,1637,2004,SEN-G,ND,Minnesota State University Moorhead Public Affairs Institute,623,2004-10-19,14,2004-11-02,51.0,36.56,14.44,1
25138,1639,2004,SEN-G,OK,Global Strategy Group,600,2004-10-19,14,2004-11-02,1.0,-11.53,12.53,0
4613,1639,2004,SEN-G,OK,SurveyUSA,625,2004-10-19,14,2004-11-02,-6.0,-11.53,5.53,0
73046,1621,2004,SEN-G,FL,InsiderAdvantage,400,2004-10-20,13,2004-11-02,7.0,-1.11,8.11,0
4609,1621,2004,SEN-G,FL,Research 2000,600,2004-10-20,13,2004-11-02,0.0,-1.11,1.11,0
4584,1621,2004,SEN-G,FL,SEA Polling & Strategic Design,800,2004-10-20,13,2004-11-02,0.0,-1.11,1.11,0
4615,1630,2004,SEN-G,LA,Southeastern Louisiana University Social Science Research Center,637,2004-10-20,13,2004-11-02,-24.8,-21.69,-3.11,0
4588,1633,2004,SEN-G,NV,Research 2000,600,2004-10-20,13,2004-11-02,22.0,26.37,-4.37,1
4593,1634,2004,SEN-G,NH,Franklin Pierce University Marlin Fitzwater Center for Communication,617,2004-10-20,13,2004-11-02,-33.0,-32.49,-0.51,0
25137,1636,2004,SEN-G,NC,Global Strategy Group,800,2004-10-20,13,2004-11-02,2.0,-4.58,6.58,0
25251,1636,2004,SEN-G,NC,Rasmussen Reports,500,2004-10-20,13,2004-11-02,-4.0,-4.58,0.58,0
25253,1639,2004,SEN-G,OK,Rasmussen Reports,500,2004-10-20,13,2004-11-02,-5.0,-11.53,6.53,0
25191,1641,2004,SEN-G,PA,Mason-Dixon Polling & Strategy,800,2004-10-20,13,2004-11-02,-18.0,-10.63,-7.37,0
4621,1641,2004,SEN-G,PA,Muhlenberg College,787,2004-10-20,13,2004-11-02,-22.0,-10.63,-11.37,0
4583,1642,2004,SEN-G,SC,Mason-Dixon Polling & Strategy,625,2004-10-20,13,2004-11-02,-4.0,-9.57,5.57,0
4581,1643,2004,SEN-G,SD,Mason-Dixon Polling & Strategy,800,2004-10-20,13,2004-11-02,2.0,-1.16,3.16,0
4577,1619,2004,SEN-G,CO,FM3 Research,400,2004-10-21,12,2004-11-02,5.0,4.77,0.23,1
25266,1639,2004,SEN-G,OK,SoonerPoll.com,500,2004-10-21,12,2004-11-02,-1.2,-11.53,10.33,0
4587,1641,2004,SEN-G,PA,Franklin & Marshall College,376,2004-10-21,12,2004-11-02,-21.0,-10.63,-10.37,0
4567,1625,2004,SEN-G,IL,Research 2000,800,2004-10-22,11,2004-11-02,42.0,42.95,-0.95,1
25153,1621,2004,SEN-G,FL,InsiderAdvantage,400,2004-10-23,10,2004-11-02,-2.0,-1.11,-0.89,0
4548,1621,2004,SEN-G,FL,Strategic Vision LLC,801,2004-10-23,10,2004-11-02,-2.0,-1.11,-0.89,0
4549,1621,2004,SEN-G,FL,SurveyUSA,738,2004-10-23,10,2004-11-02,3.0,-1.11,4.11,0
4547,1626,2004,SEN-G,IN,Research 2000,600,2004-10-23,10,2004-11-02,34.0,24.42,9.58,1
25127,1629,2004,SEN-G,KY,Garin-Hart-Yang Research Group,502,2004-10-23,10,2004-11-02,-1.0,-1.32,0.32,0
4524,1632,2004,SEN-G,MO,Research 2000,800,2004-10-23,10,2004-11-02,-16.0,-13.29,-2.71,0
4550,1636,2004,SEN-G,NC,SurveyUSA,686,2004-10-23,10,2004-11-02,-6.0,-4.58,-1.42,0
4518,1639,2004,SEN-G,OK,WPA Intelligence,500,2004-10-23,10,2004-11-02,-3.0,-11.53,8.53,0
4543,1642,2004,SEN-G,SC,SurveyUSA,559,2004-10-23,10,2004-11-02,-13.0,-9.57,-3.43,0
4554,1643,2004,SEN-G,SD,McLaughlin & Associates,400,2004-10-23,10,2004-11-02,-4.0,-1.16,-2.84,0
4505,1617,2004,SEN-G,AR,SurveyUSA,649,2004-10-24,9,2004-11-02,19.0,11.83,7.17,1
4556,1618,2004,SEN-G,CA,Field Research Corp. (Field Poll),1086,2004-10-24,9,2004-11-02,19.0,19.91,-0.91,1
4512,1618,2004,SEN-G,CA,SurveyUSA,743,2004-10-24,9,2004-11-02,15.0,19.91,-4.91,1
4516,1621,2004,SEN-G,FL,Quinnipiac University,944,2004-10-24,9,2004-11-02,-3.0,-1.11,-1.89,0
4519,1628,2004,SEN-G,KS,Market Research Institute Inc.,573,2004-10-24,9,2004-11-02,-33.0,-41.67,8.67,0
63795,1628,2004,SEN-G,KS,SurveyUSA,573,2004-10-24,9,2004-11-02,-33.0,-41.67,8.67,0
4529,1632,2004,SEN-G,MO,Market Research Institute Inc.,553,2004-10-24,9,2004-11-02,-17.0,-13.29,-3.71,0
4513,1632,2004,SEN-G,MO,SurveyUSA,675,2004-10-24,9,2004-11-02,-26.0,-13.29,-12.71,0
4514,1638,2004,SEN-G,OH,SurveyUSA,818,2004-10-24,9,2004-11-02,-26.0,-27.7,1.7,0
4517,1641,2004,SEN-G,PA,Quinnipiac University,909,2004-10-24,9,2004-11-02,-24.0,-10.63,-13.37,0
4515,1641,2004,SEN-G,PA,SurveyUSA,803,2004-10-24,9,2004-11-02,-13.0,-10.63,-2.37,0
25357,1644,2004,SEN-G,UT,Valley Research,1200,2004-10-24,9,2004-11-02,-38.0,-40.33,2.33,0
4506,1646,2004,SEN-G,WA,SurveyUSA,618,2004-10-24,9,2004-11-02,14.0,12.24,1.76,1
25134,1621,2004,SEN-G,FL,Global Strategy Group,700,2004-10-25,8,2004-11-02,4.0,-1.11,5.11,0
4510,1621,2004,SEN-G,FL,The Florida Poll,802,2004-10-25,8,2004-11-02,3.1,-1.11,4.21,0
4491,1622,2004,SEN-G,GA,Strategic Vision LLC,801,2004-10-25,8,2004-11-02,-15.0,-17.9,2.9,0
4487,1636,2004,SEN-G,NC,Research 2000,600,2004-10-25,8,2004-11-02,-1.0,-4.58,3.58,0
4579,1638,2004,SEN-G,OH,Columbus Dispatch,2880,2004-10-25,8,2004-11-02,-24.0,-27.7,3.7,0
4536,1641,2004,SEN-G,PA,Temple University Institute for Survey Research,1488,2004-10-25,8,2004-11-02,-22.0,-10.63,-11.37,0
63717,1643,2004,SEN-G,SD,Rasmussen Reports,500,2004-10-25,8,2004-11-02,-3.0,-1.16,-1.84,0
55068,1644,2004,SEN-G,UT,Dan Jones & Associates,1228,2004-10-25,8,2004-11-02,-43.0,-40.33,-2.67,0
4483,1646,2004,SEN-G,WA,Strategic Vision LLC,801,2004-10-25,8,2004-11-02,8.0,12.24,-4.24,1
4507,1647,2004,SEN-G,WI,University of Wisconsin Survey Center,545,2004-10-25,8,2004-11-02,15.0,11.25,3.75,1
25178,1619,2004,SEN-G,CO,Mason-Dixon Polling & Strategy,625,2004-10-26,7,2004-11-02,0.0,4.77,-4.77,1
4439,1619,2004,SEN-G,CO,Public Opinion Strategies,500,2004-10-26,7,2004-11-02,6.0,4.77,1.23,1
25366,1619,2004,SEN-G,CO,Zogby Analytics,600,2004-10-26,7,2004-11-02,11.0,4.77,6.23,1
4479,1621,2004,SEN-G,FL,EMC Research,600,2004-10-26,7,2004-11-02,0.0,-1.11,1.11,0
4468,1621,2004,SEN-G,FL,Strategic Vision LLC,801,2004-10-26,7,2004-11-02,-3.0,-1.11,-1.89,0
4481,1621,2004,SEN-G,FL,Zogby Analytics,599,2004-10-26,7,2004-11-02,0.0,-1.11,1.11,0
4471,1627,2004,SEN-G,IA,Research 2000,600,2004-10-26,7,2004-11-02,-38.0,-42.32,4.32,0
4473,1627,2004,SEN-G,IA,Zogby Analytics,600,2004-10-26,7,2004-11-02,-41.0,-42.32,1.32,0
4455,1631,2004,SEN-G,MD,Ipsos,455,2004-10-26,7,2004-11-02,37.0,31.08,5.92,1
4485,1633,2004,SEN-G,NV,Zogby Analytics,600,2004-10-26,7,2004-11-02,23.0,26.37,-3.37,1
25353,1634,2004,SEN-G,NH,University of New Hampshire Survey Center,758,2004-10-26,7,2004-11-02,-39.0,-32.49,-6.51,0
4465,1635,2004,SEN-G,NY,Marist College,817,2004-10-26,7,2004-11-02,56.0,46.92,9.08,1
4456,1636,2004,SEN-G,NC,Mason-Dixon Polling & Strategy,625,2004-10-26,7,2004-11-02,0.3,-4.58,4.88,0
4476,1638,2004,SEN-G,OH,Zogby Analytics,600,2004-10-26,7,2004-11-02,-31.0,-27.7,-3.3,0
4435,1639,2004,SEN-G,OK,Cole Hargrave Snodgrass & Associates,500,2004-10-26,7,2004-11-02,-5.0,-11.53,6.53,0
4460,1641,2004,SEN-G,PA,Strategic Vision LLC,801,2004-10-26,7,2004-11-02,-20.0,-10.63,-9.37,0
4484,1641,2004,SEN-G,PA,West Chester University,684,2004-10-26,7,2004-11-02,-19.0,-10.63,-8.37,0
4486,1641,2004,SEN-G,PA,Zogby Analytics,600,2004-10-26,7,2004-11-02,-26.0,-10.63,-15.37,0
25148,1643,2004,SEN-G,SD,GQR,640,2004-10-26,7,2004-11-02,2.0,-1.16,3.16,0
25378,1643,2004,SEN-G,SD,Zogby Analytics,800,2004-10-26,7,2004-11-02,-2.0,-1.16,-0.84,0
4447,1646,2004,SEN-G,WA,Mason-Dixon Polling & Strategy,800,2004-10-26,7,2004-11-02,14.0,12.24,1.76,1
25337,1647,2004,SEN-G,WI,Tarrance Group,500,2004-10-26,7,2004-11-02,5.0,11.25,-6.25,1
4489,1647,2004,SEN-G,WI,Zogby Analytics,601,2004-10-26,7,2004-11-02,23.0,11.25,11.75,1
4428,1620,2004,SEN-G,CT,Research 2000,600,2004-10-27,6,2004-11-02,39.0,34.22,4.78,1
25181,1621,2004,SEN-G,FL,Mason-Dixon Polling & Strategy,625,2004-10-27,6,2004-11-02,-1.0,-1.11,0.11,0
73162,1630,2004,SEN-G,LA,Market Research Insight,600,2004-10-27,6,2004-11-02,-36.0,-21.69,-14.31,0
25186,1633,2004,SEN-G,NV,Mason-Dixon Polling & Strategy,625,2004-10-27,6,2004-11-02,24.0,26.37,-2.37,1
4440,1634,2004,SEN-G,NH,Franklin Pierce University Marlin Fitzwater Center for Communication,617,2004-10-27,6,2004-11-02,-40.0,-32.49,-7.51,0
4429,1634,2004,SEN-G,NH,Research 2000,600,2004-10-27,6,2004-11-02,-49.0,-32.49,-16.51,0
25188,1638,2004,SEN-G,OH,Mason-Dixon Polling & Strategy,1500,2004-10-27,6,2004-11-02,-38.0,-27.7,-10.3,0
25196,1642,2004,SEN-G,SC,McLaughlin & Associates,400,2004-10-27,6,2004-11-02,-8.0,-9.57,1.57,0
4371,1622,2004,SEN-G,GA,Zogby Analytics,501,2004-10-28,5,2004-11-02,-13.0,-17.9,4.9,0
4376,1625,2004,SEN-G,IL,Research 2000,600,2004-10-28,5,2004-11-02,42.0,42.95,-0.95,1
4385,1625,2004,SEN-G,IL,SurveyUSA,655,2004-10-28,5,2004-11-02,39.0,42.95,-3.95,1
4392,1626,2004,SEN-G,IN,SurveyUSA,586,2004-10-28,5,2004-11-02,27.0,24.42,2.58,1
4356,1619,2004,SEN-G,CO,SurveyUSA,622,2004-10-29,4,2004-11-02,2.0,4.77,-2.77,1
58435,1621,2004,SEN-G,FL,Gallup,1138,2004-10-29,4,2004-11-02,2.0,-1.11,3.11,0
4374,1621,2004,SEN-G,FL,Quinnipiac University,1098,2004-10-29,4,2004-11-02,-5.0,-1.11,-3.89,0
4357,1622,2004,SEN-G,GA,SurveyUSA,624,2004-10-29,4,2004-11-02,-16.0,-17.9,1.9,0
4351,1629,2004,SEN-G,KY,SurveyUSA,631,2004-10-29,4,2004-11-02,-9.0,-1.32,-7.68,0
4367,1634,2004,SEN-G,NH,American Research Group,600,2004-10-29,4,2004-11-02,-40.0,-32.49,-7.51,0
25343,1638,2004,SEN-G,OH,University of Cincinnati (Ohio Poll),823,2004-10-29,4,2004-11-02,-30.0,-27.7,-2.3,0
4359,1639,2004,SEN-G,OK,SurveyUSA,656,2004-10-29,4,2004-11-02,-8.0,-11.53,3.53,0
4370,1641,2004,SEN-G,PA,Quinnipiac University,1022,2004-10-29,4,2004-11-02,-20.0,-10.63,-9.37,0
25195,1615,2004,SEN-G,AK,McLaughlin & Associates,500,2004-10-30,3,2004-11-02,-5.0,-3.03,-1.97,0
25275,1617,2004,SEN-G,AR,SurveyUSA,644,2004-10-30,3,2004-11-02,13.0,11.83,1.17,1
4322,1618,2004,SEN-G,CA,SurveyUSA,767,2004-10-30,3,2004-11-02,21.0,19.91,1.09,1
25362,1619,2004,SEN-G,CO,Zogby Analytics,600,2004-10-30,3,2004-11-02,8.0,4.77,3.23,1
4335,1621,2004,SEN-G,FL,Gallup,1521,2004-10-30,3,2004-11-02,1.0,-1.11,2.11,0
4318,1621,2004,SEN-G,FL,InsiderAdvantage,400,2004-10-30,3,2004-11-02,1.0,-1.11,2.11,0
4319,1621,2004,SEN-G,FL,Strategic Vision LLC,801,2004-10-30,3,2004-11-02,-4.0,-1.11,-2.89,0
4323,1621,2004,SEN-G,FL,SurveyUSA,738,2004-10-30,3,2004-11-02,0.0,-1.11,1.11,0
4339,1621,2004,SEN-G,FL,Zogby Analytics,599,2004-10-30,3,2004-11-02,0.0,-1.11,1.11,0
4320,1622,2004,SEN-G,GA,Strategic Vision LLC,801,2004-10-30,3,2004-11-02,-15.0,-17.9,2.9,0
4354,1625,2004,SEN-G,IL,Victory Research,1200,2004-10-30,3,2004-11-02,46.0,42.95,3.05,1
4332,1627,2004,SEN-G,IA,Zogby Analytics,602,2004-10-30,3,2004-11-02,-46.0,-42.32,-3.68,0
73256,1630,2004,SEN-G,LA,Market Research Insight,600,2004-10-30,3,2004-11-02,-39.0,-21.69,-17.31,0
4330,1632,2004,SEN-G,MO,SurveyUSA,690,2004-10-30,3,2004-11-02,-19.0,-13.29,-5.71,0
4340,1633,2004,SEN-G,NV,Zogby Analytics,603,2004-10-30,3,2004-11-02,24.0,26.37,-2.37,1
4325,1634,2004,SEN-G,NH,University of New Hampshire Survey Center,957,2004-10-30,3,2004-11-02,-36.0,-32.49,-3.51,0
4326,1636,2004,SEN-G,NC,SurveyUSA,616,2004-10-30,3,2004-11-02,-5.0,-4.58,-0.42,0
4313,1638,2004,SEN-G,OH,SurveyUSA,813,2004-10-30,3,2004-11-02,-28.0,-27.7,-0.3,0
4331,1638,2004,SEN-G,OH,Zogby Analytics,602,2004-10-30,3,2004-11-02,-24.0,-27.7,3.7,0
4306,1641,2004,SEN-G,PA,Strategic Vision LLC,801,2004-10-30,3,2004-11-02,-22.0,-10.63,-11.37,0
4327,1641,2004,SEN-G,PA,SurveyUSA,758,2004-10-30,3,2004-11-02,-19.0,-10.63,-8.37,0
4341,1641,2004,SEN-G,PA,Zogby Analytics,600,2004-10-30,3,2004-11-02,-21.0,-10.63,-10.37,0
4321,1646,2004,SEN-G,WA,Strategic Vision LLC,801,2004-10-30,3,2004-11-02,8.0,12.24,-4.24,1
4328,1646,2004,SEN-G,WA,SurveyUSA,622,2004-10-30,3,2004-11-02,6.0,12.24,-6.24,1
4342,1647,2004,SEN-G,WI,Zogby Analytics,601,2004-10-30,3,2004-11-02,23.0,11.25,11.75,1
4298,1619,2004,SEN-G,CO,SurveyUSA,705,2004-10-31,2,2004-11-02,4.0,4.77,-0.77,1
25109,1621,2004,SEN-G,FL,Opinion Dynamics,700,2004-10-31,2,2004-11-02,6.0,-1.11,7.11,0
25110,1627,2004,SEN-G,IA,Opinion Dynamics,700,2004-10-31,2,2004-11-02,-47.0,-42.32,-4.68,0
4297,1638,2004,SEN-G,OH,Opinion Dynamics,700,2004-10-31,2,2004-11-02,-30.0,-27.7,-2.3,0
25114,1647,2004,SEN-G,WI,Opinion Dynamics,700,2004-10-31,2,2004-11-02,14.0,11.25,2.75,1
25274,1617,2004,SEN-G,AR,SurveyUSA,549,2004-11-01,1,2004-11-02,10.0,11.83,-1.83,1
4293,1641,2004,SEN-G,PA,SurveyUSA,650,2004-11-01,1,2004-11-02,-18.0,-10.63,-7.37,0
24328,1585,2006,SEN-G,FL,Mason-Dixon Polling & Strategy,625,2006-10-17,21,2006-11-07,26.0,22.2,3.8,1
24499,1588,2006,SEN-G,ME,Rasmussen Reports,500,2006-10-17,21,2006-11-07,-46.0,-53.67,7.67,0
24578,1597,2006,SEN-G,NV,Rasmussen Reports,500,2006-10-17,21,2006-11-07,-9.0,-14.57,5.57,0
24319,1600,2006,SEN-G,NY,Marist College,475,2006-10-17,21,2006-11-07,36.0,35.99,0.01,1
24656,1610,2006,SEN-G,WA,Rasmussen Reports,500,2006-10-17,21,2006-11-07,15.0,16.92,-1.92,1
4091,1610,2006,SEN-G,WA,Strategic Vision LLC,800,2006-10-17,21,2006-11-07,9.0,16.92,-7.92,1
24415,1583,2006,SEN-G,CT,Quinnipiac University,881,2006-10-18,20,2006-11-07,-17.0,-9.98,-7.02,0
24338,1594,2006,SEN-G,MO,Mason-Dixon Polling & Strategy,625,2006-10-18,20,2006-11-07,3.0,2.27,0.73,1
24341,1595,2006,SEN-G,MT,Mason-Dixon Polling & Strategy,625,2006-10-18,20,2006-11-07,3.0,0.87,2.13,1
24541,1595,2006,SEN-G,MT,Rasmussen Reports,500,2006-10-18,20,2006-11-07,3.0,0.87,2.13,1
24380,1598,2006,SEN-G,NJ,Monmouth University,396,2006-10-18,20,2006-11-07,9.0,16.01,-7.01,1
24368,1609,2006,SEN-G,VA,Mason-Dixon Polling & Strategy,625,2006-10-18,20,2006-11-07,-4.0,0.4,-4.4,1
24373,1610,2006,SEN-G,WA,Mason-Dixon Polling & Strategy,625,2006-10-18,20,2006-11-07,15.0,16.92,-1.92,1
24197,1583,2006,SEN-G,CT,American Research Group,600,2006-10-19,19,2006-11-07,-12.0,-9.98,-2.02,0
24355,1602,2006,SEN-G,OH,Mason-Dixon Polling & Strategy,625,2006-10-19,19,2006-11-07,8.0,12.34,-4.34,1
24361,1604,2006,SEN-G,RI,Mason-Dixon Polling & Strategy,625,2006-10-19,19,2006-11-07,5.0,7.04,-2.04,1
24610,1604,2006,SEN-G,RI,Rasmussen Reports,500,2006-10-19,19,2006-11-07,8.0,7.04,0.96,1
24364,1605,2006,SEN-G,TN,Mason-Dixon Polling & Strategy,625,2006-10-19,19,2006-11-07,-2.0,-2.72,0.72,0
73302,1605,2006,SEN-G,TN,Rasmussen Reports,500,2006-10-19,19,2006-11-07,-2.0,-2.72,0.72,0
24421,1585,2006,SEN-G,FL,Quinnipiac University,816,2006-10-20,18,2006-11-07,35.0,22.2,12.8,1
24230,1588,2006,SEN-G,ME,Digital Research,600,2006-10-20,18,2006-11-07,-60.0,-53.67,-6.33,0
24347,1598,2006,SEN-G,NJ,Mason-Dixon Polling & Strategy,625,2006-10-20,18,2006-11-07,3.0,16.01,-13.01,1
24358,1603,2006,SEN-G,PA,Mason-Dixon Polling & Strategy,625,2006-10-20,18,2006-11-07,12.0,17.36,-5.36,1
24236,1610,2006,SEN-G,WA,Elway Research,405,2006-10-20,18,2006-11-07,18.0,16.92,1.08,1
24203,1581,2006,SEN-G,AZ,Arizona State University Morrison Institute for Public Policy,1019,2006-10-21,17,2006-11-07,-6.0,-9.84,3.84,0
64035,1584,2006,SEN-G,DE,Fairleigh Dickinson University,502,2006-10-21,17,2006-11-07,34.0,41.5,-7.5,1
4089,1585,2006,SEN-G,FL,Strategic Vision LLC,1200,2006-10-21,17,2006-11-07,23.0,22.2,0.8,1
24717,1592,2006,SEN-G,MN,St. Cloud State University,504,2006-10-21,17,2006-11-07,25.0,20.13,4.87,1
24861,1603,2006,SEN-G,PA,Temple University Institute for Survey Research,698,2006-10-21,17,2006-11-07,16.0,17.36,-1.36,1
24801,1590,2006,SEN-G,MA,Suffolk University,400,2006-10-22,16,2006-11-07,34.0,38.82,-4.82,1
24306,1591,2006,SEN-G,MI,Lake Research Partners,600,2006-10-22,16,2006-11-07,18.0,15.65,2.35,1
24503,1591,2006,SEN-G,MI,Rasmussen Reports,500,2006-10-22,16,2006-11-07,16.0,15.65,0.35,1
4090,1591,2006,SEN-G,MI,Strategic Vision LLC,1200,2006-10-22,16,2006-11-07,6.0,15.65,-9.65,1
24829,1592,2006,SEN-G,MN,SurveyUSA,606,2006-10-22,16,2006-11-07,16.0,20.13,-4.13,1
24310,1594,2006,SEN-G,MO,Los Angeles Times,593,2006-10-22,16,2006-11-07,-3.0,2.27,-5.27,1
24834,1594,2006,SEN-G,MO,SurveyUSA,630,2006-10-22,16,2006-11-07,-3.0,2.27,-5.27,1
24311,1598,2006,SEN-G,NJ,Los Angeles Times,314,2006-10-22,16,2006-11-07,4.0,16.01,-12.01,1
24312,1602,2006,SEN-G,OH,Los Angeles Times,507,2006-10-22,16,2006-11-07,8.0,12.34,-4.34,1
24768,1603,2006,SEN-G,PA,Strategic Vision LLC,1200,2006-10-22,16,2006-11-07,7.0,17.36,-10.36,1
24313,1605,2006,SEN-G,TN,Los Angeles Times,515,2006-10-22,16,2006-11-07,-5.0,-2.72,-2.28,0
24314,1609,2006,SEN-G,VA,Los Angeles Times,385,2006-10-22,16,2006-11-07,3.0,0.4,2.6,1
55818,1612,2006,SEN-G,WI,University of Wisconsin Survey Center,266,2006-10-22,16,2006-11-07,57.0,37.86,19.14,1
63841,1613,2006,SEN-G,WY,Aspen Media & Market Research,539,2006-10-22,16,2006-11-07,-48.0,-40.18,-7.82,0
24881,1582,2006,SEN-G,CA,YouGov,877,2006-10-23,15,2006-11-07,18.0,24.41,-6.41,1
24873,1589,2006,SEN-G,MD,Voter/Consumer Research,602,2006-10-23,15,2006-11-07,2.0,10.01,-8.01,1
24823,1591,2006,SEN-G,MI,SurveyUSA,803,2006-10-23,15,2006-11-07,7.0,15.65,-8.65,1
24689,1597,2006,SEN-G,NV,Research 2000,600,2006-10-23,15,2006-11-07,-14.0,-14.57,0.57,0
24224,1598,2006,SEN-G,NJ,CBS News/The New York Times,552,2006-10-23,15,2006-11-07,1.0,16.01,-15.01,1
24300,1605,2006,SEN-G,TN,EMC Research,800,2006-10-23,15,2006-11-07,2.0,-2.72,4.72,0
24622,1605,2006,SEN-G,TN,Rasmussen Reports,500,2006-10-23,15,2006-11-07,-2.0,-2.72,0.72,0
24845,1605,2006,SEN-G,TN,SurveyUSA,780,2006-10-23,15,2006-11-07,0.0,-2.72,2.72,0
24632,1606,2006,SEN-G,TX,Rasmussen Reports,500,2006-10-23,15,2006-11-07,-26.0,-25.65,-0.35,0
24849,1609,2006,SEN-G,VA,SurveyUSA,613,2006-10-23,15,2006-11-07,-3.0,0.4,-3.4,1
24809,1582,2006,SEN-G,CA,SurveyUSA,507,2006-10-24,14,2006-11-07,26.0,24.41,1.59,1
24705,1585,2006,SEN-G,FL,SEA Polling & Strategic Design,800,2006-10-24,14,2006-11-07,26.0,22.2,3.8,1
24875,1589,2006,SEN-G,MD,ABC News/The Washington Post,1003,2006-10-24,14,2006-11-07,11.0,10.01,0.99,1
24289,1589,2006,SEN-G,MD,Garin-Hart-Yang Research Group,602,2006-10-24,14,2006-11-07,12.0,10.01,1.99,1
24872,1590,2006,SEN-G,MA,University of New Hampshire Survey Center,585,2006-10-24,14,2006-11-07,41.0,38.82,2.18,1
24243,1591,2006,SEN-G,MI,EPIC-MRA,600,2006-10-24,14,2006-11-07,12.0,15.65,-3.65,1
24683,1591,2006,SEN-G,MI,Research 2000,600,2006-10-24,14,2006-11-07,11.0,15.65,-4.65,1
24215,1598,2006,SEN-G,NJ,"Normington, Petts & Associates",800,2006-10-24,14,2006-11-07,9.0,16.01,-7.01,1
24688,1598,2006,SEN-G,NJ,Research 2000,600,2006-10-24,14,2006-11-07,6.0,16.01,-10.01,1
24582,1602,2006,SEN-G,OH,Rasmussen Reports,500,2006-10-24,14,2006-11-07,11.0,12.34,-1.34,1
24839,1602,2006,SEN-G,OH,SurveyUSA,563,2006-10-24,14,2006-11-07,20.0,12.34,7.66,1
24878,1603,2006,SEN-G,PA,West Chester University,601,2006-10-24,14,2006-11-07,11.0,17.36,-6.36,1
24695,1604,2006,SEN-G,RI,Quest Research Group,408,2006-10-24,14,2006-11-07,10.0,7.04,2.96,1
25054,1606,2006,SEN-G,TX,Zogby Analytics,1003,2006-10-24,14,2006-11-07,-34.5,-25.65,-8.85,0
24691,1608,2006,SEN-G,VT,Research 2000,400,2006-10-24,14,2006-11-07,21.0,33.08,-12.08,1
55159,1581,2006,SEN-G,AZ,Zogby Analytics,644,2006-10-25,13,2006-11-07,-7.4,-9.84,2.44,0
24991,1583,2006,SEN-G,CT,Zogby Analytics,600,2006-10-25,13,2006-11-07,-4.9,-9.98,5.08,0
55283,1585,2006,SEN-G,FL,Zogby Analytics,952,2006-10-25,13,2006-11-07,14.1,22.2,-8.1,1
55437,1589,2006,SEN-G,MD,Zogby Analytics,644,2006-10-25,13,2006-11-07,9.3,10.01,-0.71,1
55509,1591,2006,SEN-G,MI,Zogby Analytics,1081,2006-10-25,13,2006-11-07,7.4,15.65,-8.25,1
24513,1592,2006,SEN-G,MN,Rasmussen Reports,500,2006-10-25,13,2006-11-07,14.0,20.13,-6.13,1
25008,1592,2006,SEN-G,MN,Zogby Analytics,600,2006-10-25,13,2006-11-07,7.7,20.13,-12.43,1
24524,1594,2006,SEN-G,MO,Rasmussen Reports,500,2006-10-25,13,2006-11-07,-2.0,2.27,-4.27,1
24684,1594,2006,SEN-G,MO,Research 2000,800,2006-10-25,13,2006-11-07,0.0,2.27,-2.27,1
25012,1594,2006,SEN-G,MO,Zogby Analytics,600,2006-10-25,13,2006-11-07,-1.3,2.27,-3.57,1
24303,1595,2006,SEN-G,MT,Harstad Strategic Research,662,2006-10-25,13,2006-11-07,6.0,0.87,5.13,1
55566,1597,2006,SEN-G,NV,Zogby Analytics,485,2006-10-25,13,2006-11-07,-21.5,-14.57,-6.93,0
24563,1598,2006,SEN-G,NJ,Rasmussen Reports,500,2006-10-25,13,2006-11-07,0.0,16.01,-16.01,1
25019,1598,2006,SEN-G,NJ,Zogby Analytics,600,2006-10-25,13,2006-11-07,5.9,16.01,-10.11,1
25024,1599,2006,SEN-G,NM,Zogby Analytics,600,2006-10-25,13,2006-11-07,20.7,41.28,-20.58,1
55595,1600,2006,SEN-G,NY,Zogby Analytics,952,2006-10-25,13,2006-11-07,24.3,35.99,-11.69,1
24395,1602,2006,SEN-G,OH,Opinion Consultants,800,2006-10-25,13,2006-11-07,7.0,12.34,-5.34,1
55628,1602,2006,SEN-G,OH,Zogby Analytics,678,2006-10-25,13,2006-11-07,1.4,12.34,-10.94,1
55709,1603,2006,SEN-G,PA,Zogby Analytics,755,2006-10-25,13,2006-11-07,8.9,17.36,-8.46,1
25047,1605,2006,SEN-G,TN,Zogby Analytics,600,2006-10-25,13,2006-11-07,-1.2,-2.72,1.52,0
55779,1606,2006,SEN-G,TX,Zogby Analytics,1081,2006-10-25,13,2006-11-07,-18.9,-25.65,6.75,0
24640,1609,2006,SEN-G,VA,Rasmussen Reports,500,2006-10-25,13,2006-11-07,-2.0,0.4,-2.4,1
25058,1609,2006,SEN-G,VA,Zogby Analytics,600,2006-10-25,13,2006-11-07,3.8,0.4,3.4,1
25062,1610,2006,SEN-G,WA,Zogby Analytics,600,2006-10-25,13,2006-11-07,3.9,16.92,-13.02,1
25065,1612,2006,SEN-G,WI,Zogby Analytics,600,2006-10-25,13,2006-11-07,9.2,37.86,-28.66,1
24490,1589,2006,SEN-G,MD,Rasmussen Reports,500,2006-10-26,12,2006-11-07,5.0,10.01,-5.01,1
55534,1592,2006,SEN-G,MN,University of Minnesota Hubert H. Humphrey School of Public Affairs,663,2006-10-26,12,2006-11-07,22.0,20.13,1.87,1
24540,1595,2006,SEN-G,MT,Rasmussen Reports,500,2006-10-26,12,2006-11-07,3.0,0.87,2.13,1
24431,1598,2006,SEN-G,NJ,Quinnipiac University,887,2006-10-26,12,2006-11-07,5.0,16.01,-11.01,1
24449,1603,2006,SEN-G,PA,Quinnipiac University,933,2006-10-26,12,2006-11-07,10.0,17.36,-7.36,1
24700,1609,2006,SEN-G,VA,Roanoke College Institute for Policy and Opinion Research,453,2006-10-26,12,2006-11-07,-3.0,0.4,-3.4,1
24655,1610,2006,SEN-G,WA,Rasmussen Reports,500,2006-10-26,12,2006-11-07,12.0,16.92,-4.92,1
24258,1582,2006,SEN-G,CA,Field Research Corp. (Field Poll),795,2006-10-27,11,2006-11-07,22.0,24.41,-2.41,1
24414,1583,2006,SEN-G,CT,Quinnipiac University,926,2006-10-27,11,2006-11-07,-12.0,-9.98,-2.02,0
24990,1583,2006,SEN-G,CT,Zogby Analytics,600,2006-10-27,11,2006-11-07,-12.0,-9.98,-2.02,0
24999,1589,2006,SEN-G,MD,Zogby Analytics,600,2006-10-27,11,2006-11-07,5.0,10.01,-5.01,1
25011,1594,2006,SEN-G,MO,Zogby Analytics,600,2006-10-27,11,2006-11-07,3.0,2.27,0.73,1
25016,1595,2006,SEN-G,MT,Zogby Analytics,600,2006-10-27,11,2006-11-07,1.0,0.87,0.13,1
25018,1598,2006,SEN-G,NJ,Zogby Analytics,600,2006-10-27,11,2006-11-07,12.0,16.01,-4.01,1
25034,1602,2006,SEN-G,OH,Zogby Analytics,600,2006-10-27,11,2006-11-07,7.0,12.34,-5.34,1
24264,1603,2006,SEN-G,PA,Franklin & Marshall College,626,2006-10-27,11,2006-11-07,15.0,17.36,-2.36,1
25039,1603,2006,SEN-G,PA,Zogby Analytics,600,2006-10-27,11,2006-11-07,8.0,17.36,-9.36,1
25044,1604,2006,SEN-G,RI,Zogby Analytics,600,2006-10-27,11,2006-11-07,14.0,7.04,6.96,1
24211,1605,2006,SEN-G,TN,Benenson Strategy Group,560,2006-10-27,11,2006-11-07,5.0,-2.72,7.72,0
24299,1605,2006,SEN-G,TN,EMC Research,600,2006-10-27,11,2006-11-07,6.0,-2.72,8.72,0
25046,1605,2006,SEN-G,TN,Zogby Analytics,600,2006-10-27,11,2006-11-07,-10.0,-2.72,-7.28,0
25057,1609,2006,SEN-G,VA,Zogby Analytics,600,2006-10-27,11,2006-11-07,1.0,0.4,0.6,1
24900,1581,2006,SEN-G,AZ,Zimmerman & Associates/Marketing Intelligence,400,2006-10-28,10,2006-11-07,-4.5,-9.84,5.34,0
24472,1583,2006,SEN-G,CT,Rasmussen Reports,500,2006-10-28,10,2006-11-07,-8.0,-9.98,1.98,0
24242,1591,2006,SEN-G,MI,EPIC-MRA,600,2006-10-28,10,2006-11-07,14.0,15.65,-1.65,1
24335,1592,2006,SEN-G,MN,Mason-Dixon Polling & Strategy,625,2006-10-28,10,2006-11-07,10.0,20.13,-10.13,1
24396,1594,2006,SEN-G,MO,Big Village,565,2006-10-28,10,2006-11-07,0.0,2.27,-2.27,1
24349,1597,2006,SEN-G,NV,Mason-Dixon Polling & Strategy,625,2006-10-28,10,2006-11-07,-17.0,-14.57,-2.43,0
24397,1598,2006,SEN-G,NJ,Big Village,577,2006-10-28,10,2006-11-07,7.0,16.01,-9.01,1
24251,1598,2006,SEN-G,NJ,Fairleigh Dickinson University,577,2006-10-28,10,2006-11-07,10.0,16.01,-6.01,1
4086,1598,2006,SEN-G,NJ,Strategic Vision LLC,800,2006-10-28,10,2006-11-07,1.0,16.01,-15.01,1
24398,1602,2006,SEN-G,OH,Big Village,542,2006-10-28,10,2006-11-07,11.0,12.34,-1.34,1
24595,1603,2006,SEN-G,PA,Rasmussen Reports,500,2006-10-28,10,2006-11-07,13.0,17.36,-4.36,1
24399,1605,2006,SEN-G,TN,Big Village,541,2006-10-28,10,2006-11-07,-8.0,-2.72,-5.28,0
24400,1609,2006,SEN-G,VA,Big Village,597,2006-10-28,10,2006-11-07,4.0,0.4,3.6,1
24290,1609,2006,SEN-G,VA,Garin-Hart-Yang Research Group,811,2006-10-28,10,2006-11-07,4.0,0.4,3.6,1
4085,1610,2006,SEN-G,WA,Strategic Vision LLC,800,2006-10-28,10,2006-11-07,8.0,16.92,-8.92,1
24855,1610,2006,SEN-G,WA,SurveyUSA,774,2006-10-28,10,2006-11-07,13.0,16.92,-3.92,1
24871,1610,2006,SEN-G,WA,University of Washington Center for Survey Research,700,2006-10-28,10,2006-11-07,12.0,16.92,-4.92,1
24402,1589,2006,SEN-G,MD,Potomac Incorporated,800,2006-10-29,9,2006-11-07,6.0,10.01,-4.01,1
24833,1594,2006,SEN-G,MO,SurveyUSA,525,2006-10-29,9,2006-11-07,3.0,2.27,0.73,1
24562,1598,2006,SEN-G,NJ,Rasmussen Reports,500,2006-10-29,9,2006-11-07,5.0,16.01,-11.01,1
24228,1602,2006,SEN-G,OH,Columbus Dispatch,1541,2006-10-29,9,2006-11-07,24.0,12.34,11.66,1
24767,1603,2006,SEN-G,PA,Strategic Vision LLC,1200,2006-10-29,9,2006-11-07,10.0,17.36,-7.36,1
24639,1609,2006,SEN-G,VA,Rasmussen Reports,500,2006-10-29,9,2006-11-07,5.0,0.4,4.6,1
4083,1585,2006,SEN-G,FL,Strategic Vision LLC,1200,2006-10-30,8,2006-11-07,26.0,22.2,3.8,1
4084,1591,2006,SEN-G,MI,Strategic Vision LLC,1200,2006-10-30,8,2006-11-07,7.0,15.65,-8.65,1
24523,1594,2006,SEN-G,MO,Rasmussen Reports,500,2006-10-30,8,2006-11-07,1.0,2.27,-1.27,1
24701,1598,2006,SEN-G,NJ,Rutgers University Eagleton Center for Public Interest Polling,500,2006-10-30,8,2006-11-07,4.0,16.01,-12.01,1
24621,1605,2006,SEN-G,TN,Rasmussen Reports,500,2006-10-30,8,2006-11-07,-2.0,-2.72,0.72,0
24681,1583,2006,SEN-G,CT,Research 2000,600,2006-10-31,7,2006-11-07,-12.0,-9.98,-2.02,0
24241,1591,2006,SEN-G,MI,EPIC-MRA,600,2006-10-31,7,2006-11-07,13.0,15.65,-2.65,1
24577,1597,2006,SEN-G,NV,Rasmussen Reports,500,2006-10-31,7,2006-11-07,-12.0,-14.57,2.57,0
24318,1600,2006,SEN-G,NY,Marist College,503,2006-10-31,7,2006-11-07,33.0,35.99,-2.99,1
24710,1600,2006,SEN-G,NY,Siena College,500,2006-10-31,7,2006-11-07,37.0,35.99,1.01,1
24385,1603,2006,SEN-G,PA,Muhlenberg College,507,2006-10-31,7,2006-11-07,8.0,17.36,-9.36,1
64131,1607,2006,SEN-G,UT,Mason-Dixon Polling & Strategy,625,2006-10-31,7,2006-11-07,-30.0,-31.3,1.3,0
24325,1581,2006,SEN-G,AZ,Mason-Dixon Polling & Strategy,625,2006-11-01,6,2006-11-07,-8.0,-9.84,1.84,0
24802,1581,2006,SEN-G,AZ,SurveyUSA,560,2006-11-01,6,2006-11-07,-13.0,-9.84,-3.16,0
24879,1581,2006,SEN-G,AZ,YouGov,798,2006-11-01,6,2006-11-07,-4.0,-9.84,5.84,0
55203,1582,2006,SEN-G,CA,YouGov,1015,2006-11-01,6,2006-11-07,32.0,24.41,7.59,1
24882,1583,2006,SEN-G,CT,YouGov,401,2006-11-01,6,2006-11-07,-4.0,-9.98,5.98,0
24327,1585,2006,SEN-G,FL,Mason-Dixon Polling & Strategy,625,2006-11-01,6,2006-11-07,24.0,22.2,1.8,1
55287,1585,2006,SEN-G,FL,YouGov,1005,2006-11-01,6,2006-11-07,26.0,22.2,3.8,1
24995,1585,2006,SEN-G,FL,Zogby Analytics,804,2006-11-01,6,2006-11-07,29.0,22.2,6.8,1
24489,1589,2006,SEN-G,MD,Rasmussen Reports,500,2006-11-01,6,2006-11-07,5.0,10.01,-5.01,1
24819,1589,2006,SEN-G,MD,SurveyUSA,694,2006-11-01,6,2006-11-07,0.0,10.01,-10.01,1
24885,1589,2006,SEN-G,MD,YouGov,802,2006-11-01,6,2006-11-07,6.0,10.01,-4.01,1
24884,1590,2006,SEN-G,MA,YouGov,799,2006-11-01,6,2006-11-07,40.0,38.82,1.18,1
24334,1591,2006,SEN-G,MI,Mason-Dixon Polling & Strategy,625,2006-11-01,6,2006-11-07,16.0,15.65,0.35,1
24707,1591,2006,SEN-G,MI,Selzer & Co.,532,2006-11-01,6,2006-11-07,19.0,15.65,3.35,1
24886,1591,2006,SEN-G,MI,YouGov,800,2006-11-01,6,2006-11-07,15.0,15.65,-0.65,1
24512,1592,2006,SEN-G,MN,Rasmussen Reports,500,2006-11-01,6,2006-11-07,14.0,20.13,-6.13,1
24887,1592,2006,SEN-G,MN,YouGov,501,2006-11-01,6,2006-11-07,18.0,20.13,-2.13,1
24888,1594,2006,SEN-G,MO,YouGov,802,2006-11-01,6,2006-11-07,0.0,2.27,-2.27,1
24340,1595,2006,SEN-G,MT,Mason-Dixon Polling & Strategy,625,2006-11-01,6,2006-11-07,0.0,0.87,-0.87,1
24539,1595,2006,SEN-G,MT,Rasmussen Reports,500,2006-11-01,6,2006-11-07,4.0,0.87,3.13,1
24890,1597,2006,SEN-G,NV,YouGov,402,2006-11-01,6,2006-11-07,-11.0,-14.57,3.57,0
24412,1598,2006,SEN-G,NJ,Public Opinion Strategies,600,2006-11-01,6,2006-11-07,2.0,16.01,-14.01,1
24561,1598,2006,SEN-G,NJ,Rasmussen Reports,500,2006-11-01,6,2006-11-07,5.0,16.01,-11.01,1
24889,1598,2006,SEN-G,NJ,YouGov,500,2006-11-01,6,2006-11-07,6.0,16.01,-10.01,1
24354,1602,2006,SEN-G,OH,Mason-Dixon Polling & Strategy,625,2006-11-01,6,2006-11-07,6.0,12.34,-6.34,1
24891,1602,2006,SEN-G,OH,YouGov,1003,2006-11-01,6,2006-11-07,18.0,12.34,5.66,1
24357,1603,2006,SEN-G,PA,Mason-Dixon Polling & Strategy,625,2006-11-01,6,2006-11-07,13.0,17.36,-4.36,1
24892,1603,2006,SEN-G,PA,YouGov,1005,2006-11-01,6,2006-11-07,16.0,17.36,-1.36,1
24360,1604,2006,SEN-G,RI,Mason-Dixon Polling & Strategy,625,2006-11-01,6,2006-11-07,-1.0,7.04,-8.04,1
24893,1605,2006,SEN-G,TN,YouGov,502,2006-11-01,6,2006-11-07,-5.0,-2.72,-2.28,0
24894,1606,2006,SEN-G,TX,YouGov,1004,2006-11-01,6,2006-11-07,-36.0,-25.65,-10.35,0
24895,1607,2006,SEN-G,UT,YouGov,402,2006-11-01,6,2006-11-07,-32.0,-31.3,-0.7,0
24896,1609,2006,SEN-G,VA,YouGov,802,2006-11-01,6,2006-11-07,0.0,0.4,-0.4,1
24372,1610,2006,SEN-G,WA,Mason-Dixon Polling & Strategy,625,2006-11-01,6,2006-11-07,16.0,16.92,-0.92,1
24897,1610,2006,SEN-G,WA,YouGov,804,2006-11-01,6,2006-11-07,14.0,16.92,-2.92,1
24899,1611,2006,SEN-G,WV,YouGov,301,2006-11-01,6,2006-11-07,34.0,54.1,-20.1,1
55822,1612,2006,SEN-G,WI,YouGov,502,2006-11-01,6,2006-11-07,45.0,37.86,7.14,1
24332,1589,2006,SEN-G,MD,Mason-Dixon Polling & Strategy,625,2006-11-02,5,2006-11-07,3.0,10.01,-7.01,1
24719,1592,2006,SEN-G,MN,Minneapolis Star Tribune,1027,2006-11-02,5,2006-11-07,20.0,20.13,-0.13,1
24337,1594,2006,SEN-G,MO,Mason-Dixon Polling & Strategy,625,2006-11-02,5,2006-11-07,1.0,2.27,-1.27,1
24522,1594,2006,SEN-G,MO,Rasmussen Reports,500,2006-11-02,5,2006-11-07,1.0,2.27,-1.27,1
24277,1595,2006,SEN-G,MT,Gallup,734,2006-11-02,5,2006-11-07,9.0,0.87,8.13,1
24279,1598,2006,SEN-G,NJ,Gallup,654,2006-11-02,5,2006-11-07,10.0,16.01,-6.01,1
24316,1598,2006,SEN-G,NJ,Marist College,619,2006-11-02,5,2006-11-07,8.0,16.01,-8.01,1
24346,1598,2006,SEN-G,NJ,Mason-Dixon Polling & Strategy,625,2006-11-02,5,2006-11-07,7.0,16.01,-9.01,1
24379,1598,2006,SEN-G,NJ,Monmouth University,1086,2006-11-02,5,2006-11-07,3.0,16.01,-13.01,1
24430,1598,2006,SEN-G,NJ,Quinnipiac University,917,2006-11-02,5,2006-11-07,5.0,16.01,-11.01,1
64197,1599,2006,SEN-G,NM,Research & Polling Inc.,503,2006-11-02,5,2006-11-07,42.0,41.28,0.72,1
24283,1604,2006,SEN-G,RI,Gallup,706,2006-11-02,5,2006-11-07,3.0,7.04,-4.04,1
24363,1605,2006,SEN-G,TN,Mason-Dixon Polling & Strategy,625,2006-11-02,5,2006-11-07,-12.0,-2.72,-9.28,0
24620,1605,2006,SEN-G,TN,Rasmussen Reports,500,2006-11-02,5,2006-11-07,-8.0,-2.72,-5.28,0
24287,1609,2006,SEN-G,VA,Gallup,711,2006-11-02,5,2006-11-07,-3.0,0.4,-3.4,1
24367,1609,2006,SEN-G,VA,Mason-Dixon Polling & Strategy,625,2006-11-02,5,2006-11-07,1.0,0.4,0.6,1
24638,1609,2006,SEN-G,VA,Rasmussen Reports,500,2006-11-02,5,2006-11-07,0.0,0.4,-0.4,1
24233,1582,2006,SEN-G,CA,Datamar Analytics,692,2006-11-03,4,2006-11-07,16.0,24.41,-8.41,1
24808,1582,2006,SEN-G,CA,SurveyUSA,553,2006-11-03,4,2006-11-07,29.0,24.41,4.59,1
24413,1583,2006,SEN-G,CT,Quinnipiac University,676,2006-11-03,4,2006-11-07,-12.0,-9.98,-2.02,0
24812,1583,2006,SEN-G,CT,SurveyUSA,652,2006-11-03,4,2006-11-07,-11.0,-9.98,-1.02,0
4081,1585,2006,SEN-G,FL,Strategic Vision LLC,1200,2006-11-03,4,2006-11-07,23.0,22.2,0.8,1
24815,1585,2006,SEN-G,FL,SurveyUSA,682,2006-11-03,4,2006-11-07,23.0,22.2,0.8,1
4082,1591,2006,SEN-G,MI,Strategic Vision LLC,1200,2006-11-03,4,2006-11-07,6.0,15.65,-9.65,1
24822,1591,2006,SEN-G,MI,SurveyUSA,687,2006-11-03,4,2006-11-07,10.0,15.65,-5.65,1
24274,1594,2006,SEN-G,MO,Gallup,710,2006-11-03,4,2006-11-07,4.0,2.27,1.73,1
4080,1598,2006,SEN-G,NJ,Strategic Vision LLC,800,2006-11-03,4,2006-11-07,7.0,16.01,-9.01,1
24866,1602,2006,SEN-G,OH,University of Cincinnati (Ohio Poll),1008,2006-11-03,4,2006-11-07,12.0,12.34,-0.34,1
24766,1603,2006,SEN-G,PA,Strategic Vision LLC,1200,2006-11-03,4,2006-11-07,12.0,17.36,-5.36,1
24285,1605,2006,SEN-G,TN,Gallup,676,2006-11-03,4,2006-11-07,-3.0,-2.72,-0.28,0
4079,1610,2006,SEN-G,WA,Strategic Vision LLC,800,2006-11-03,4,2006-11-07,11.0,16.92,-5.92,1
24818,1589,2006,SEN-G,MD,SurveyUSA,663,2006-11-04,3,2006-11-07,3.0,10.01,-7.01,1
24828,1592,2006,SEN-G,MN,SurveyUSA,710,2006-11-04,3,2006-11-07,16.0,20.13,-4.13,1
24538,1595,2006,SEN-G,MT,Rasmussen Reports,500,2006-11-04,3,2006-11-07,2.0,0.87,1.13,1
24838,1602,2006,SEN-G,OH,SurveyUSA,436,2006-11-04,3,2006-11-07,12.0,12.34,-0.34,1
24619,1605,2006,SEN-G,TN,Rasmussen Reports,500,2006-11-04,3,2006-11-07,-4.0,-2.72,-1.28,0
24844,1605,2006,SEN-G,TN,SurveyUSA,679,2006-11-04,3,2006-11-07,-5.0,-2.72,-2.28,0
24848,1609,2006,SEN-G,VA,SurveyUSA,741,2006-11-04,3,2006-11-07,8.0,0.4,7.6,1
24521,1594,2006,SEN-G,MO,Rasmussen Reports,500,2006-11-05,2,2006-11-07,-1.0,2.27,-3.27,1
24832,1594,2006,SEN-G,MO,SurveyUSA,793,2006-11-05,2,2006-11-07,6.0,2.27,3.73,1
63695,1603,2006,SEN-G,PA,Victory Research,800,2006-11-05,2,2006-11-07,4.0,17.36,-13.36,1
24718,1592,2006,SEN-G,MN,Minneapolis Star Tribune,1027,2006-11-06,1,2006-11-07,21.0,20.13,0.87,1
24391,1594,2006,SEN-G,MO,OnPoint,594,2006-11-06,1,2006-11-07,3.0,2.27,0.73,1
24392,1595,2006,SEN-G,MT,OnPoint,602,2006-11-06,1,2006-11-07,5.0,0.87,4.13,1
24393,1598,2006,SEN-G,NJ,OnPoint,520,2006-11-06,1,2006-11-07,9.0,16.01,-7.01,1
24394,1605,2006,SEN-G,TN,OnPoint,677,2006-11-06,1,2006-11-07,-1.0,-2.72,1.72,0
24073,1548,2008,SEN-G,CO,Garin-Hart-Yang Research Group,608,2008-10-14,21,2008-11-04,12.0,10.31,1.69,1
16864,1559,2008,SEN-G,MA,SurveyUSA,624,2008-10-14,21,2008-11-04,30.0,34.96,-4.96,1
16861,1571,2008,SEN-G,OR,Rasmussen Reports,500,2008-10-14,21,2008-11-04,0.0,3.36,-3.36,1
16846,1574,2008,SEN-G,SD,Mason-Dixon Polling & Strategy,800,2008-10-14,21,2008-11-04,23.0,24.98,-1.98,1
16838,1575,2008,SEN-G,TN,North Star Opinion Research,600,2008-10-14,21,2008-11-04,-37.0,-33.5,-3.5,0
16859,1579,2008,SEN-G,WY,Mason-Dixon Polling & Strategy,625,2008-10-14,21,2008-11-04,-52.0,-51.44,-0.56,0
16859,1580,2008,SEN-G,WY,Mason-Dixon Polling & Strategy,625,2008-10-14,21,2008-11-04,-47.0,-46.88,-0.12,0
16829,1546,2008,SEN-G,AK,Research 2000,600,2008-10-15,20,2008-11-04,2.0,1.25,0.75,1
24085,1548,2008,SEN-G,CO,Hill Research Consultants,600,2008-10-15,20,2008-11-04,5.0,10.31,-5.31,1
16842,1550,2008,SEN-G,GA,Research 2000,600,2008-10-15,20,2008-11-04,-2.0,-2.93,0.93,0
16835,1556,2008,SEN-G,KY,Research 2000,600,2008-10-15,20,2008-11-04,-4.0,-5.94,1.94,0
24113,1557,2008,SEN-G,LA,OnMessage Inc.,500,2008-10-15,20,2008-11-04,5.0,6.39,-1.39,1
24156,1558,2008,SEN-G,ME,Pan Atlantic Research,400,2008-10-15,20,2008-11-04,-21.0,-22.76,1.76,0
16843,1558,2008,SEN-G,ME,Research 2000,600,2008-10-15,20,2008-11-04,-13.0,-22.76,9.76,0
16840,1561,2008,SEN-G,MN,Research 2000,600,2008-10-15,20,2008-11-04,2.0,0.01,1.99,1
16844,1563,2008,SEN-G,MS,Research 2000,600,2008-10-15,20,2008-11-04,-1.0,-9.92,8.92,0
16849,1569,2008,SEN-G,NC,Research 2000,600,2008-10-15,20,2008-11-04,4.0,8.47,-4.47,1
16841,1571,2008,SEN-G,OR,Research 2000,600,2008-10-15,20,2008-11-04,6.0,3.36,2.64,1
16774,1571,2008,SEN-G,OR,Riley Research Associates,499,2008-10-15,20,2008-11-04,1.0,3.36,-2.36,1
24078,1574,2008,SEN-G,SD,GQR,618,2008-10-15,20,2008-11-04,24.0,24.98,-0.98,1
16850,1576,2008,SEN-G,TX,Research 2000,600,2008-10-15,20,2008-11-04,-6.0,-11.98,5.98,0
16828,1579,2008,SEN-G,WY,Research 2000,600,2008-10-15,20,2008-11-04,-27.0,-51.44,24.44,0
16828,1580,2008,SEN-G,WY,Research 2000,600,2008-10-15,20,2008-11-04,-21.0,-46.88,25.88,0
16833,1548,2008,SEN-G,CO,Rasmussen Reports,700,2008-10-16,19,2008-11-04,7.0,10.31,-3.31,1
16832,1575,2008,SEN-G,TN,Rasmussen Reports,500,2008-10-16,19,2008-11-04,-28.0,-33.5,5.5,0
16834,1577,2008,SEN-G,VA,Rasmussen Reports,700,2008-10-16,19,2008-11-04,25.0,31.33,-6.33,1
24104,1557,2008,SEN-G,LA,Mellman Group,600,2008-10-17,18,2008-11-04,20.0,6.39,13.61,1
16825,1561,2008,SEN-G,MN,Princeton Survey Research Associates International,1049,2008-10-17,18,2008-11-04,3.0,0.01,2.99,1
16819,1561,2008,SEN-G,MN,SurveyUSA,655,2008-10-17,18,2008-11-04,-2.0,0.01,-2.01,1
16817,1567,2008,SEN-G,NJ,Monmouth University,723,2008-10-17,18,2008-11-04,16.0,14.08,1.92,1
16797,1546,2008,SEN-G,AK,Alaska Survey Research,500,2008-10-18,17,2008-11-04,1.0,1.25,-0.25,1
16790,1550,2008,SEN-G,GA,GQR,600,2008-10-18,17,2008-11-04,-4.0,-2.93,-1.07,0
16789,1558,2008,SEN-G,ME,Digital Research,443,2008-10-18,17,2008-11-04,-12.0,-22.76,10.76,0
16763,1561,2008,SEN-G,MN,National Journal,402,2008-10-18,17,2008-11-04,1.0,0.01,0.99,1
16730,1561,2008,SEN-G,MN,St. Cloud State University,509,2008-10-18,17,2008-11-04,-9.0,0.01,-9.01,1
16739,1563,2008,SEN-G,MS,University of South Alabama Polling Group,405,2008-10-18,17,2008-11-04,-13.0,-9.92,-3.08,0
16800,1566,2008,SEN-G,NH,Public Opinion Strategies,500,2008-10-18,17,2008-11-04,6.0,6.34,-0.34,1
16806,1566,2008,SEN-G,NH,Research 2000,600,2008-10-18,17,2008-11-04,7.0,6.34,0.66,1
16805,1567,2008,SEN-G,NJ,Quinnipiac University,1184,2008-10-18,17,2008-11-04,22.0,14.08,7.92,1
16777,1556,2008,SEN-G,KY,SurveyUSA,535,2008-10-19,16,2008-11-04,0.0,-5.94,5.94,0
16802,1569,2008,SEN-G,NC,Public Policy Polling,1200,2008-10-19,16,2008-11-04,7.0,8.47,-1.47,1
16776,1569,2008,SEN-G,NC,SurveyUSA,627,2008-10-19,16,2008-11-04,1.0,8.47,-7.47,1
16766,1569,2008,SEN-G,NC,The Tyson Group,600,2008-10-19,16,2008-11-04,3.0,8.47,-5.47,1
16809,1570,2008,SEN-G,OK,SurveyUSA,561,2008-10-19,16,2008-11-04,-12.0,-17.5,5.5,0
16743,1576,2008,SEN-G,TX,YouGov,550,2008-10-19,16,2008-11-04,-9.0,-11.98,2.98,0
63753,1577,2008,SEN-G,VA,SurveyUSA,652,2008-10-19,16,2008-11-04,24.0,31.33,-7.33,1
16751,1556,2008,SEN-G,KY,Research 2000,600,2008-10-20,15,2008-11-04,-4.0,-5.94,1.94,0
16651,1558,2008,SEN-G,ME,Market Decisions Research,425,2008-10-20,15,2008-11-04,-17.0,-22.76,5.76,0
16775,1558,2008,SEN-G,ME,SurveyUSA,642,2008-10-20,15,2008-11-04,-11.0,-22.76,11.76,0
16741,1566,2008,SEN-G,NH,University of New Hampshire Survey Center,725,2008-10-20,15,2008-11-04,13.0,6.34,6.66,1
16778,1570,2008,SEN-G,OK,SoonerPoll.com,763,2008-10-20,15,2008-11-04,-13.0,-17.5,4.5,0
16734,1550,2008,SEN-G,GA,Strategic Vision LLC,800,2008-10-21,14,2008-11-04,-2.0,-2.93,0.93,0
16719,1552,2008,SEN-G,ID,Harstad Strategic Research,503,2008-10-21,14,2008-11-04,-12.0,-23.54,11.54,0
16755,1556,2008,SEN-G,KY,Rasmussen Reports,500,2008-10-21,14,2008-11-04,-7.0,-5.94,-1.06,0
16756,1557,2008,SEN-G,LA,Rasmussen Reports,500,2008-10-21,14,2008-11-04,10.0,6.39,3.61,1
16735,1559,2008,SEN-G,MA,Suffolk University,400,2008-10-21,14,2008-11-04,37.0,34.96,2.04,1
16718,1560,2008,SEN-G,MI,EPIC-MRA,400,2008-10-21,14,2008-11-04,28.0,28.81,-0.81,1
16716,1561,2008,SEN-G,MN,Big Ten,583,2008-10-21,14,2008-11-04,6.0,0.01,5.99,1
16723,1566,2008,SEN-G,NH,Public Opinion Strategies,525,2008-10-21,14,2008-11-04,3.0,6.34,-3.34,1
16752,1567,2008,SEN-G,NJ,Marist College,628,2008-10-21,14,2008-11-04,7.0,14.08,-7.08,1
16761,1569,2008,SEN-G,NC,Marshall Marketing,500,2008-10-21,14,2008-11-04,0.6,8.47,-7.87,1
16757,1576,2008,SEN-G,TX,Rasmussen Reports,500,2008-10-21,14,2008-11-04,-15.0,-11.98,-3.02,0
16754,1577,2008,SEN-G,VA,Mason-Dixon Polling & Strategy,625,2008-10-21,14,2008-11-04,25.0,31.33,-6.33,1
16744,1577,2008,SEN-G,VA,Virginia Commonwealth University L. Douglas Wilder School of Government and Public Affairs,817,2008-10-21,14,2008-11-04,34.0,31.33,2.67,1
16762,1578,2008,SEN-G,WV,Orion Strategies,600,2008-10-21,14,2008-11-04,24.0,27.47,-3.47,1
24059,1548,2008,SEN-G,CO,Behavior Research Center (Rocky Mountain Poll),500,2008-10-22,13,2008-11-04,13.0,10.31,2.69,1
63708,1548,2008,SEN-G,CO,Public Opinion Strategies,500,2008-10-22,13,2008-11-04,13.0,10.31,2.69,1
16724,1550,2008,SEN-G,GA,Rasmussen Reports,500,2008-10-22,13,2008-11-04,-2.0,-2.93,0.93,0
16706,1553,2008,SEN-G,IL,Research 2000,800,2008-10-22,13,2008-11-04,25.0,39.31,-14.31,1
16737,1555,2008,SEN-G,KS,SurveyUSA,613,2008-10-22,13,2008-11-04,-22.0,-23.6,1.6,0
16708,1557,2008,SEN-G,LA,Southeastern Louisiana University Social Science Research Center,503,2008-10-22,13,2008-11-04,19.0,6.39,12.61,1
16725,1561,2008,SEN-G,MN,Rasmussen Reports,500,2008-10-22,13,2008-11-04,4.0,0.01,3.99,1
16728,1575,2008,SEN-G,TN,Research 2000,600,2008-10-22,13,2008-11-04,-22.0,-33.5,11.5,0
16700,1577,2008,SEN-G,VA,Public Policy Polling,1231,2008-10-22,13,2008-11-04,28.0,31.33,-3.33,1
16691,1550,2008,SEN-G,GA,InsiderAdvantage,615,2008-10-23,12,2008-11-04,-2.0,-2.93,0.93,0
16694,1550,2008,SEN-G,GA,Mason-Dixon Polling & Strategy,625,2008-10-23,12,2008-11-04,-6.0,-2.93,-3.07,0
16701,1554,2008,SEN-G,IA,Rasmussen Reports,500,2008-10-23,12,2008-11-04,16.0,25.42,-9.42,1
16702,1566,2008,SEN-G,NH,Rasmussen Reports,700,2008-10-23,12,2008-11-04,6.0,6.34,-0.34,1
24097,1569,2008,SEN-G,NC,Mason-Dixon Polling & Strategy,800,2008-10-23,12,2008-11-04,-4.0,8.47,-12.47,1
24077,1574,2008,SEN-G,SD,GQR,603,2008-10-23,12,2008-11-04,30.0,24.98,5.02,1
16687,1574,2008,SEN-G,SD,Research 2000,600,2008-10-23,12,2008-11-04,22.0,24.98,-2.98,1
16667,1577,2008,SEN-G,VA,Roanoke College Institute for Policy and Opinion Research,614,2008-10-23,12,2008-11-04,35.0,31.33,3.67,1
16632,1548,2008,SEN-G,CO,GfK Group,626,2008-10-24,11,2008-11-04,12.0,10.31,1.69,1
16634,1566,2008,SEN-G,NH,GfK Group,600,2008-10-24,11,2008-11-04,6.0,6.34,-0.34,1
16637,1569,2008,SEN-G,NC,GfK Group,601,2008-10-24,11,2008-11-04,4.0,8.47,-4.47,1
16684,1571,2008,SEN-G,OR,DHM Research,500,2008-10-24,11,2008-11-04,5.0,3.36,1.64,1
16686,1577,2008,SEN-G,VA,ABC News/The Washington Post,784,2008-10-24,11,2008-11-04,30.0,31.33,-1.33,1
16630,1577,2008,SEN-G,VA,GfK Group,601,2008-10-24,11,2008-11-04,26.0,31.33,-5.33,1
16473,1545,2008,SEN-G,AL,YouGov,452,2008-10-25,10,2008-11-04,-28.0,-26.88,-1.12,0
16449,1546,2008,SEN-G,AK,YouGov,358,2008-10-25,10,2008-11-04,2.0,1.25,0.75,1
16451,1547,2008,SEN-G,AR,YouGov,491,2008-10-25,10,2008-11-04,33.0,59.06,-26.06,1
16613,1548,2008,SEN-G,CO,National Journal,409,2008-10-25,10,2008-11-04,15.0,10.31,4.69,1
16474,1548,2008,SEN-G,CO,YouGov,685,2008-10-25,10,2008-11-04,15.0,10.31,4.69,1
16466,1549,2008,SEN-G,DE,YouGov,346,2008-10-25,10,2008-11-04,27.0,29.38,-2.38,1
16475,1550,2008,SEN-G,GA,YouGov,910,2008-10-25,10,2008-11-04,-6.0,-2.93,-3.07,0
16462,1552,2008,SEN-G,ID,YouGov,372,2008-10-25,10,2008-11-04,-25.0,-23.54,-1.46,0
16488,1553,2008,SEN-G,IL,YouGov,783,2008-10-25,10,2008-11-04,23.0,39.31,-16.31,1
16452,1554,2008,SEN-G,IA,YouGov,795,2008-10-25,10,2008-11-04,20.0,25.42,-5.42,1
16453,1555,2008,SEN-G,KS,YouGov,499,2008-10-25,10,2008-11-04,-24.0,-23.6,-0.4,0
16454,1556,2008,SEN-G,KY,YouGov,486,2008-10-25,10,2008-11-04,-7.0,-5.94,-1.06,0
16679,1557,2008,SEN-G,LA,Ed Renwick/Loyola University New Orleans,500,2008-10-25,10,2008-11-04,15.0,6.39,8.61,1
16467,1557,2008,SEN-G,LA,YouGov,436,2008-10-25,10,2008-11-04,13.0,6.39,6.61,1
16455,1558,2008,SEN-G,ME,YouGov,486,2008-10-25,10,2008-11-04,-20.0,-22.76,2.76,0
16476,1559,2008,SEN-G,MA,YouGov,705,2008-10-25,10,2008-11-04,23.0,34.96,-11.96,1
16489,1560,2008,SEN-G,MI,YouGov,973,2008-10-25,10,2008-11-04,23.0,28.81,-5.81,1
16477,1561,2008,SEN-G,MN,YouGov,699,2008-10-25,10,2008-11-04,1.0,0.01,0.99,1
16479,1562,2008,SEN-G,MS,YouGov,417,2008-10-25,10,2008-11-04,-28.0,-22.88,-5.12,0
16479,1563,2008,SEN-G,MS,YouGov,417,2008-10-25,10,2008-11-04,-8.0,-9.92,1.92,0
16491,1564,2008,SEN-G,MT,YouGov,368,2008-10-25,10,2008-11-04,28.0,45.84,-17.84,1
16463,1565,2008,SEN-G,NE,YouGov,407,2008-10-25,10,2008-11-04,-19.0,-17.46,-1.54,0
16677,1566,2008,SEN-G,NH,University of New Hampshire Survey Center,687,2008-10-25,10,2008-11-04,11.0,6.34,4.66,1
16464,1566,2008,SEN-G,NH,YouGov,516,2008-10-25,10,2008-11-04,8.0,6.34,1.66,1
16669,1567,2008,SEN-G,NJ,Strategic Vision LLC,800,2008-10-25,10,2008-11-04,8.0,14.08,-6.08,1
16468,1567,2008,SEN-G,NJ,YouGov,777,2008-10-25,10,2008-11-04,14.0,14.08,-0.08,1
16465,1568,2008,SEN-G,NM,YouGov,457,2008-10-25,10,2008-11-04,21.0,22.66,-1.66,1
16610,1569,2008,SEN-G,NC,National Journal,402,2008-10-25,10,2008-11-04,2.0,8.47,-6.47,1
16495,1569,2008,SEN-G,NC,YouGov,955,2008-10-25,10,2008-11-04,6.0,8.47,-2.47,1
24126,1570,2008,SEN-G,OK,Public Opinion Strategies,500,2008-10-25,10,2008-11-04,-16.0,-17.5,1.5,0
16676,1570,2008,SEN-G,OK,SoonerPoll.com,720,2008-10-25,10,2008-11-04,-10.0,-17.5,7.5,0
16496,1570,2008,SEN-G,OK,YouGov,491,2008-10-25,10,2008-11-04,-11.0,-17.5,6.5,0
16492,1571,2008,SEN-G,OR,YouGov,698,2008-10-25,10,2008-11-04,1.0,3.36,-2.36,1
16471,1572,2008,SEN-G,RI,YouGov,365,2008-10-25,10,2008-11-04,39.0,46.8,-7.8,1
16458,1573,2008,SEN-G,SC,YouGov,728,2008-10-25,10,2008-11-04,-16.0,-15.32,-0.68,0
16459,1574,2008,SEN-G,SD,YouGov,352,2008-10-25,10,2008-11-04,25.0,24.98,0.02,1
16478,1575,2008,SEN-G,TN,YouGov,653,2008-10-25,10,2008-11-04,-23.0,-33.5,10.5,0
16485,1576,2008,SEN-G,TX,YouGov,972,2008-10-25,10,2008-11-04,-12.0,-11.98,-0.02,0
16614,1577,2008,SEN-G,VA,National Journal,404,2008-10-25,10,2008-11-04,29.0,31.33,-2.33,1
16493,1577,2008,SEN-G,VA,YouGov,772,2008-10-25,10,2008-11-04,25.0,31.33,-6.33,1
16460,1578,2008,SEN-G,WV,YouGov,404,2008-10-25,10,2008-11-04,18.0,27.47,-9.47,1
16480,1579,2008,SEN-G,WY,YouGov,246,2008-10-25,10,2008-11-04,-43.0,-51.44,8.44,0
16480,1580,2008,SEN-G,WY,YouGov,246,2008-10-25,10,2008-11-04,-34.0,-46.88,12.88,0
16576,1548,2008,SEN-G,CO,Big Village,774,2008-10-26,9,2008-11-04,10.0,10.31,-0.31,1
16584,1550,2008,SEN-G,GA,Big Village,690,2008-10-26,9,2008-11-04,-9.0,-2.93,-6.07,0
16591,1561,2008,SEN-G,MN,University of Minnesota Hubert H. Humphrey School of Public Affairs,418,2008-10-26,9,2008-11-04,4.0,0.01,3.99,1
16550,1567,2008,SEN-G,NJ,Fairleigh Dickinson University,852,2008-10-26,9,2008-11-04,20.0,14.08,5.92,1
16585,1569,2008,SEN-G,NC,Big Village,667,2008-10-26,9,2008-11-04,9.0,8.47,0.53,1
16652,1569,2008,SEN-G,NC,Public Policy Polling,1038,2008-10-26,9,2008-11-04,3.0,8.47,-5.47,1
16673,1571,2008,SEN-G,OR,SurveyUSA,672,2008-10-26,9,2008-11-04,7.0,3.36,3.64,1
63616,1577,2008,SEN-G,VA,ABC News/The Washington Post,671,2008-10-26,9,2008-11-04,31.0,31.33,-0.33,1
16583,1577,2008,SEN-G,VA,Big Village,721,2008-10-26,9,2008-11-04,28.0,31.33,-3.33,1
16672,1577,2008,SEN-G,VA,SurveyUSA,671,2008-10-26,9,2008-11-04,31.0,31.33,-0.33,1
16616,1550,2008,SEN-G,GA,InsiderAdvantage,637,2008-10-27,8,2008-11-04,-2.0,-2.93,0.93,0
24075,1556,2008,SEN-G,KY,Garin-Hart-Yang Research Group,502,2008-10-27,8,2008-11-04,-2.0,-5.94,3.94,0
16586,1560,2008,SEN-G,MI,EPIC-MRA,600,2008-10-27,8,2008-11-04,18.0,28.81,-10.81,1
16621,1563,2008,SEN-G,MS,Rasmussen Reports,500,2008-10-27,8,2008-11-04,-11.0,-9.92,-1.08,0
16602,1567,2008,SEN-G,NJ,Research 2000,600,2008-10-27,8,2008-11-04,17.0,14.08,2.92,1
16607,1545,2008,SEN-G,AL,SurveyUSA,650,2008-10-28,7,2008-11-04,-33.0,-26.88,-6.12,0
16598,1546,2008,SEN-G,AK,Rasmussen Reports,500,2008-10-28,7,2008-11-04,8.0,1.25,6.75,1
16608,1549,2008,SEN-G,DE,SurveyUSA,657,2008-10-28,7,2008-11-04,34.0,29.38,4.62,1
16565,1554,2008,SEN-G,IA,Research 2000,600,2008-10-28,7,2008-11-04,20.0,25.42,-5.42,1
16605,1555,2008,SEN-G,KS,SurveyUSA,626,2008-10-28,7,2008-11-04,-27.0,-23.6,-3.4,0
16558,1556,2008,SEN-G,KY,Mason-Dixon Polling & Strategy,817,2008-10-28,7,2008-11-04,-5.0,-5.94,0.94,0
16547,1556,2008,SEN-G,KY,Research 2000,600,2008-10-28,7,2008-11-04,-3.0,-5.94,2.94,0
24112,1557,2008,SEN-G,LA,OnMessage Inc.,500,2008-10-28,7,2008-11-04,1.0,6.39,-5.39,1
16606,1559,2008,SEN-G,MA,SurveyUSA,658,2008-10-28,7,2008-11-04,24.0,34.96,-10.96,1
16568,1560,2008,SEN-G,MI,Strategic Vision LLC,1200,2008-10-28,7,2008-11-04,23.0,28.81,-5.81,1
16595,1561,2008,SEN-G,MN,Mason-Dixon Polling & Strategy,625,2008-10-28,7,2008-11-04,-6.0,0.01,-6.01,1
16600,1561,2008,SEN-G,MN,Rasmussen Reports,500,2008-10-28,7,2008-11-04,-4.0,0.01,-4.01,1
16545,1561,2008,SEN-G,MN,Research 2000,600,2008-10-28,7,2008-11-04,-3.0,0.01,-3.01,1
16567,1566,2008,SEN-G,NH,Strategic Vision LLC,800,2008-10-28,7,2008-11-04,7.0,6.34,0.66,1
16569,1566,2008,SEN-G,NH,Suffolk University,600,2008-10-28,7,2008-11-04,9.0,6.34,2.66,1
16574,1566,2008,SEN-G,NH,University of New Hampshire Survey Center,687,2008-10-28,7,2008-11-04,5.0,6.34,-1.34,1
16597,1568,2008,SEN-G,NM,Rasmussen Reports,500,2008-10-28,7,2008-11-04,15.0,22.66,-7.66,1
16543,1569,2008,SEN-G,NC,The Tyson Group,600,2008-10-28,7,2008-11-04,2.0,8.47,-6.47,1
16590,1571,2008,SEN-G,OR,Moore Information Group,400,2008-10-28,7,2008-11-04,-4.0,3.36,-7.36,1
16546,1571,2008,SEN-G,OR,Research 2000,600,2008-10-28,7,2008-11-04,6.0,3.36,2.64,1
16548,1579,2008,SEN-G,WY,Research 2000,600,2008-10-28,7,2008-11-04,-27.0,-51.44,24.44,0
16548,1580,2008,SEN-G,WY,Research 2000,600,2008-10-28,7,2008-11-04,-25.0,-46.88,21.88,0
16521,1546,2008,SEN-G,AK,Research 2000,600,2008-10-29,6,2008-11-04,22.0,1.25,20.75,1
16552,1548,2008,SEN-G,CO,Mason-Dixon Polling & Strategy,625,2008-10-29,6,2008-11-04,4.0,10.31,-6.31,1
16530,1548,2008,SEN-G,CO,Public Policy Polling,2023,2008-10-29,6,2008-11-04,15.0,10.31,4.69,1
16518,1550,2008,SEN-G,GA,Research 2000,600,2008-10-29,6,2008-11-04,-1.0,-2.93,1.93,0
16572,1554,2008,SEN-G,IA,SurveyUSA,658,2008-10-29,6,2008-11-04,26.0,25.42,0.58,1
16563,1556,2008,SEN-G,KY,Rasmussen Reports,500,2008-10-29,6,2008-11-04,-7.0,-5.94,-1.06,0
16528,1560,2008,SEN-G,MI,Public Policy Polling,1532,2008-10-29,6,2008-11-04,22.0,28.81,-6.81,1
16529,1561,2008,SEN-G,MN,Public Policy Polling,1050,2008-10-29,6,2008-11-04,5.0,0.01,4.99,1
16522,1563,2008,SEN-G,MS,Research 2000,600,2008-10-29,6,2008-11-04,-7.0,-9.92,2.92,0
16517,1566,2008,SEN-G,NH,American Research Group,600,2008-10-29,6,2008-11-04,12.0,6.34,5.66,1
16538,1566,2008,SEN-G,NH,Research 2000,600,2008-10-29,6,2008-11-04,10.0,6.34,3.66,1
16531,1568,2008,SEN-G,NM,Public Policy Polling,1537,2008-10-29,6,2008-11-04,19.0,22.66,-3.66,1
16512,1568,2008,SEN-G,NM,Research & Polling Inc.,1002,2008-10-29,6,2008-11-04,14.0,22.66,-8.66,1
63540,1569,2008,SEN-G,NC,Elon University,797,2008-10-29,6,2008-11-04,7.0,8.47,-1.47,1
16556,1569,2008,SEN-G,NC,Mason-Dixon Polling & Strategy,625,2008-10-29,6,2008-11-04,-1.0,8.47,-9.47,1
16564,1569,2008,SEN-G,NC,Rasmussen Reports,700,2008-10-29,6,2008-11-04,6.0,8.47,-2.47,1
16539,1569,2008,SEN-G,NC,Research 2000,600,2008-10-29,6,2008-11-04,5.0,8.47,-3.47,1
16571,1570,2008,SEN-G,OK,SurveyUSA,594,2008-10-29,6,2008-11-04,-20.0,-17.5,-2.5,0
16532,1571,2008,SEN-G,OR,Public Policy Polling,1424,2008-10-29,6,2008-11-04,8.0,3.36,4.64,1
16573,1573,2008,SEN-G,SC,SurveyUSA,654,2008-10-29,6,2008-11-04,-19.0,-15.32,-3.68,0
24120,1550,2008,SEN-G,GA,Public Opinion Strategies,600,2008-10-30,5,2008-11-04,-9.0,-2.93,-6.07,0
16537,1550,2008,SEN-G,GA,Rasmussen Reports,500,2008-10-30,5,2008-11-04,-5.0,-2.93,-2.07,0
16503,1554,2008,SEN-G,IA,Selzer & Co.,616,2008-10-30,5,2008-11-04,26.0,25.42,0.58,1
16507,1558,2008,SEN-G,ME,SurveyUSA,674,2008-10-30,5,2008-11-04,-14.0,-22.76,8.76,0
16505,1560,2008,SEN-G,MI,Selzer & Co.,616,2008-10-30,5,2008-11-04,21.0,28.81,-7.81,1
16506,1561,2008,SEN-G,MN,Princeton Survey Research Associates International,933,2008-10-30,5,2008-11-04,4.0,0.01,3.99,1
16533,1566,2008,SEN-G,NH,Rasmussen Reports,700,2008-10-30,5,2008-11-04,8.0,6.34,1.66,1
16540,1566,2008,SEN-G,NH,SurveyUSA,682,2008-10-30,5,2008-11-04,13.0,6.34,6.66,1
16504,1567,2008,SEN-G,NJ,Monmouth University,801,2008-10-30,5,2008-11-04,19.0,14.08,4.92,1
16541,1567,2008,SEN-G,NJ,SurveyUSA,632,2008-10-30,5,2008-11-04,15.0,14.08,0.92,1
16510,1568,2008,SEN-G,NM,SurveyUSA,664,2008-10-30,5,2008-11-04,14.0,22.66,-8.66,1
16535,1571,2008,SEN-G,OR,Rasmussen Reports,500,2008-10-30,5,2008-11-04,3.0,3.36,-0.36,1
16542,1571,2008,SEN-G,OR,SurveyUSA,700,2008-10-30,5,2008-11-04,7.0,3.36,3.64,1
42585,1577,2008,SEN-G,VA,Mason-Dixon Polling & Strategy,625,2008-10-30,5,2008-11-04,31.0,31.33,-0.33,1
16527,1578,2008,SEN-G,WV,Public Policy Polling,2128,2008-10-30,5,2008-11-04,18.0,27.47,-9.47,1
16447,1556,2008,SEN-G,KY,SurveyUSA,616,2008-10-31,4,2008-11-04,-8.0,-5.94,-2.06,0
16446,1561,2008,SEN-G,MN,SurveyUSA,669,2008-10-31,4,2008-11-04,-5.0,0.01,-5.01,1
16445,1577,2008,SEN-G,VA,SurveyUSA,672,2008-10-31,4,2008-11-04,24.0,31.33,-7.33,1
16417,1550,2008,SEN-G,GA,Public Policy Polling,1253,2008-11-01,3,2008-11-04,-2.0,-2.93,0.93,0
16431,1550,2008,SEN-G,GA,Strategic Vision LLC,800,2008-11-01,3,2008-11-04,-4.0,-2.93,-1.07,0
16438,1550,2008,SEN-G,GA,SurveyUSA,683,2008-11-01,3,2008-11-04,-4.0,-2.93,-1.07,0
16443,1558,2008,SEN-G,ME,Rasmussen Reports,500,2008-11-01,3,2008-11-04,-16.0,-22.76,6.76,0
16416,1564,2008,SEN-G,MT,Public Policy Polling,2734,2008-11-01,3,2008-11-04,45.0,45.84,-0.84,1
54158,1566,2008,SEN-G,NH,University of New Hampshire Survey Center,816,2008-11-01,3,2008-11-04,6.0,6.34,-0.34,1
16423,1569,2008,SEN-G,NC,Public Policy Polling,2100,2008-11-01,3,2008-11-04,7.0,8.47,-1.47,1
16435,1569,2008,SEN-G,NC,SurveyUSA,682,2008-11-01,3,2008-11-04,7.0,8.47,-1.47,1
16422,1577,2008,SEN-G,VA,Public Policy Polling,1557,2008-11-01,3,2008-11-04,26.0,31.33,-5.33,1
16413,1546,2008,SEN-G,AK,Hays Research Group,400,2008-11-02,2,2008-11-04,7.3,1.25,6.05,1
16414,1550,2008,SEN-G,GA,InsiderAdvantage,512,2008-11-02,2,2008-11-04,-5.0,-2.93,-2.07,0
24142,1551,2008,SEN-G,GA,Research 2000,600,2008-11-11,21,2008-12-02,-3.0,-14.88,11.88,0
24130,1551,2008,SEN-G,GA,Rasmussen Reports,700,2008-11-18,14,2008-12-02,-4.0,-14.88,10.88,0
24141,1551,2008,SEN-G,GA,Research 2000,600,2008-11-18,14,2008-12-02,-6.0,-14.88,8.88,0
24101,1551,2008,SEN-G,GA,Mellman Group,600,2008-11-22,10,2008-12-02,-2.0,-14.88,12.88,0
24089,1551,2008,SEN-G,GA,InsiderAdvantage,523,2008-11-23,9,2008-12-02,-3.0,-14.88,11.88,0
24115,1551,2008,SEN-G,GA,Public Policy Polling,871,2008-11-23,9,2008-12-02,-6.0,-14.88,8.88,0
24140,1551,2008,SEN-G,GA,Research 2000,600,2008-11-24,8,2008-12-02,-6.0,-14.88,8.88,0
24088,1551,2008,SEN-G,GA,InsiderAdvantage,744,2008-11-30,2,2008-12-02,-4.0,-14.88,10.88,0
24114,1551,2008,SEN-G,GA,Public Policy Polling,1276,2008-11-30,2,2008-12-02,-7.0,-14.88,7.88,0
63720,1526,2010,SEN-G,MA,Rasmussen Reports,500,2010-01-04,15,2010-01-19,9.0,-4.77,13.77,0
53048,1526,2010,SEN-G,MA,University of New Hampshire Survey Center,554,2010-01-04,15,2010-01-19,17.0,-4.77,21.77,0
53047,1526,2010,SEN-G,MA,Public Policy Polling,774,2010-01-08,11,2010-01-19,-1.0,-4.77,3.77,0
63699,1526,2010,SEN-G,MA,Mellman Group,800,2010-01-09,10,2010-01-19,14.0,-4.77,18.77,0
63721,1526,2010,SEN-G,MA,Rasmussen Reports,1000,2010-01-11,8,2010-01-19,2.0,-4.77,6.77,0
63811,1526,2010,SEN-G,MA,Suffolk University,500,2010-01-12,7,2010-01-19,-4.0,-4.77,0.77,0
63617,1526,2010,SEN-G,MA,American Research Group,600,2010-01-13,6,2010-01-19,-3.0,-4.77,1.77,0
63801,1526,2010,SEN-G,MA,Research 2000,500,2010-01-13,6,2010-01-19,8.0,-4.77,12.77,0
63622,1526,2010,SEN-G,MA,CrossTarget,946,2010-01-14,5,2010-01-19,-15.4,-4.77,-10.63,0
63700,1526,2010,SEN-G,MA,MRG Research,565,2010-01-15,4,2010-01-19,-9.6,-4.77,-4.83,0
63618,1526,2010,SEN-G,MA,American Research Group,600,2010-01-16,3,2010-01-19,-7.0,-4.77,-2.23,0
63802,1526,2010,SEN-G,MA,Research 2000,500,2010-01-16,3,2010-01-19,0.0,-4.77,4.77,0
63623,1526,2010,SEN-G,MA,CrossTarget,574,2010-01-17,2,2010-01-19,-9.6,-4.77,-4.83,0
63679,1526,2010,SEN-G,MA,InsiderAdvantage,804,2010-01-17,2,2010-01-19,-9.1,-4.77,-4.33,0
63725,1526,2010,SEN-G,MA,Public Policy Polling,1231,2010-01-17,2,2010-01-19,-5.0,-4.77,-0.23,0
32545,1513,2010,SEN-G,DE,SurveyUSA,2355,2010-10-12,21,2010-11-02,21.0,16.58,4.42,1
32563,1518,2010,SEN-G,IL,GQR,600,2010-10-12,21,2010-11-02,3.0,-1.59,4.59,0
32549,1528,2010,SEN-G,NV,Mason-Dixon Polling & Strategy,625,2010-10-12,21,2010-11-02,-2.0,5.87,-7.87,1
53158,1530,2010,SEN-G,NY,SurveyUSA,633,2010-10-12,21,2010-11-02,33.0,34.11,-1.11,1
53158,1531,2010,SEN-G,NY,SurveyUSA,633,2010-10-12,21,2010-11-02,18.0,27.84,-9.84,1
32544,1532,2010,SEN-G,NC,Rasmussen Reports,500,2010-10-12,21,2010-11-02,-14.0,-11.77,-2.23,0
32550,1537,2010,SEN-G,PA,Rasmussen Reports,750,2010-10-12,21,2010-11-02,-10.0,-2.02,-7.98,0
32559,1541,2010,SEN-G,VT,Mason-Dixon Polling & Strategy,625,2010-10-12,21,2010-11-02,35.0,33.43,1.57,1
32564,1543,2010,SEN-G,WV,Orion Strategies,450,2010-10-12,21,2010-11-02,10.0,10.07,-0.07,1
32543,1543,2010,SEN-G,WV,Rasmussen Reports,750,2010-10-12,21,2010-11-02,-3.0,10.07,-13.07,1
32554,1507,2010,SEN-G,AK,Rasmussen Reports,500,2010-10-13,20,2010-11-02,-1.0,4.02,-5.02,1
32565,1510,2010,SEN-G,CA,Ipsos,448,2010-10-13,20,2010-11-02,1.0,10.01,-9.01,1
32555,1510,2010,SEN-G,CA,Rasmussen Reports,750,2010-10-13,20,2010-11-02,3.0,10.01,-7.01,1
32572,1516,2010,SEN-G,HI,Rasmussen Reports,500,2010-10-13,20,2010-11-02,13.0,53.24,-40.24,1
32918,1518,2010,SEN-G,IL,TCJ Research,500,2010-10-13,20,2010-11-02,0.0,-1.59,1.59,0
32919,1523,2010,SEN-G,KY,TCJ Research,500,2010-10-13,20,2010-11-02,-7.0,-11.48,4.48,0
32579,1530,2010,SEN-G,NY,CBS News/The New York Times,927,2010-10-13,20,2010-11-02,40.0,34.11,5.89,1
32579,1531,2010,SEN-G,NY,CBS News/The New York Times,927,2010-10-13,20,2010-11-02,25.0,27.84,-2.84,1
32569,1536,2010,SEN-G,OR,SurveyUSA,652,2010-10-13,20,2010-11-02,22.0,17.99,4.01,1
32867,1536,2010,SEN-G,OR,ccAdvertising,2237,2010-10-13,20,2010-11-02,13.7,17.99,-4.29,1
32573,1540,2010,SEN-G,UT,Dan Jones & Associates,600,2010-10-13,20,2010-11-02,-22.0,-28.82,6.82,0
53321,1540,2010,SEN-G,UT,Rasmussen Reports,500,2010-10-13,20,2010-11-02,-33.0,-28.82,-4.18,0
32556,1542,2010,SEN-G,WA,SurveyUSA,612,2010-10-13,20,2010-11-02,3.0,4.72,-1.72,1
51647,1509,2010,SEN-G,AR,Hendrix College,1953,2010-10-14,19,2010-11-02,-13.0,-20.97,7.97,0
32693,1509,2010,SEN-G,AR,University of Arkansas Department of Political Science,566,2010-10-14,19,2010-11-02,-19.0,-20.97,1.97,0
32620,1510,2010,SEN-G,CA,Public Policy Institute of California,1067,2010-10-14,19,2010-11-02,5.0,10.01,-5.01,1
32594,1510,2010,SEN-G,CA,WPA Intelligence,800,2010-10-14,19,2010-11-02,-3.0,10.01,-13.01,1
32571,1511,2010,SEN-G,CO,Rasmussen Reports,750,2010-10-14,19,2010-11-02,-2.0,1.63,-3.63,1
32567,1512,2010,SEN-G,CT,Rasmussen Reports,750,2010-10-14,19,2010-11-02,5.0,11.94,-6.94,1
32558,1513,2010,SEN-G,DE,Rasmussen Reports,500,2010-10-14,19,2010-11-02,11.0,16.58,-5.58,1
32596,1525,2010,SEN-G,MD,Gonzales Research & Marketing Strategies Inc.,816,2010-10-14,19,2010-11-02,17.0,26.46,-9.46,1
32592,1544,2010,SEN-G,WI,St. Norbert College Strategic Research Institute,402,2010-10-14,19,2010-11-02,-2.0,-4.84,2.84,0
32917,1510,2010,SEN-G,CA,TCJ Research,500,2010-10-15,18,2010-11-02,-1.0,10.01,-11.01,1
32916,1512,2010,SEN-G,CT,TCJ Research,500,2010-10-15,18,2010-11-02,3.0,11.94,-8.94,1
32914,1513,2010,SEN-G,DE,TCJ Research,500,2010-10-15,18,2010-11-02,8.0,16.58,-8.58,1
32603,1518,2010,SEN-G,IL,Impact Research,601,2010-10-15,18,2010-11-02,5.0,-1.59,6.59,0
32618,1518,2010,SEN-G,IL,Public Policy Polling,557,2010-10-15,18,2010-11-02,-1.5,-1.59,0.09,0
32601,1534,2010,SEN-G,OH,Quinnipiac University,1188,2010-10-15,18,2010-11-02,-21.0,-17.45,-3.55,0
32623,1537,2010,SEN-G,PA,Quinnipiac University,1046,2010-10-15,18,2010-11-02,-2.0,-2.02,0.02,0
32915,1537,2010,SEN-G,PA,TCJ Research,500,2010-10-15,18,2010-11-02,-7.0,-2.02,-4.98,0
32595,1542,2010,SEN-G,WA,Public Policy Polling,1873,2010-10-15,18,2010-11-02,2.0,4.72,-2.72,1
32866,1543,2010,SEN-G,WV,ccAdvertising,1696,2010-10-15,18,2010-11-02,3.2,10.07,-6.87,1
42377,1510,2010,SEN-G,CA,Rasmussen Reports,1000,2010-10-16,17,2010-11-02,4.0,10.01,-6.01,1
32587,1511,2010,SEN-G,CO,Rasmussen Reports,1000,2010-10-16,17,2010-11-02,-1.0,1.63,-2.63,1
32906,1511,2010,SEN-G,CO,TCJ Research,500,2010-10-16,17,2010-11-02,-5.0,1.63,-6.63,1
32588,1514,2010,SEN-G,FL,Suffolk University,500,2010-10-16,17,2010-11-02,8.0,19.18,-11.18,1
32911,1518,2010,SEN-G,IL,TCJ Research,500,2010-10-16,17,2010-11-02,-1.0,-1.59,0.59,0
32583,1527,2010,SEN-G,MO,Rasmussen Reports,1000,2010-10-16,17,2010-11-02,-6.0,-13.6,7.6,0
32908,1527,2010,SEN-G,MO,TCJ Research,500,2010-10-16,17,2010-11-02,-11.0,-13.6,2.6,0
32909,1528,2010,SEN-G,NV,TCJ Research,500,2010-10-16,17,2010-11-02,-6.0,5.87,-11.87,1
32907,1529,2010,SEN-G,NH,TCJ Research,500,2010-10-16,17,2010-11-02,-13.0,-23.24,10.24,0
32600,1530,2010,SEN-G,NY,Siena College,647,2010-10-16,17,2010-11-02,39.0,34.11,4.89,1
32600,1531,2010,SEN-G,NY,Siena College,647,2010-10-16,17,2010-11-02,29.0,27.84,1.16,1
32910,1531,2010,SEN-G,NY,TCJ Research,500,2010-10-16,17,2010-11-02,14.0,27.84,-13.84,1
32590,1532,2010,SEN-G,NC,Public Policy Polling,597,2010-10-16,17,2010-11-02,-8.0,-11.77,3.77,0
32644,1534,2010,SEN-G,OH,University of Cincinnati (Ohio Poll),839,2010-10-16,17,2010-11-02,-19.0,-17.45,-1.55,0
32604,1542,2010,SEN-G,WA,Marist College,589,2010-10-16,17,2010-11-02,1.0,4.72,-3.72,1
32586,1543,2010,SEN-G,WV,Rasmussen Reports,1000,2010-10-16,17,2010-11-02,-3.0,10.07,-13.07,1
32913,1543,2010,SEN-G,WV,TCJ Research,500,2010-10-16,17,2010-11-02,-2.0,10.07,-12.07,1
32912,1544,2010,SEN-G,WI,TCJ Research,500,2010-10-16,17,2010-11-02,-10.0,-4.84,-5.16,0
32610,1507,2010,SEN-G,AK,Big Village,946,2010-10-17,16,2010-11-02,0.0,4.02,-4.02,1
32611,1509,2010,SEN-G,AR,Big Village,809,2010-10-17,16,2010-11-02,-14.0,-20.97,6.97,0
32624,1509,2010,SEN-G,AR,Mason-Dixon Polling & Strategy,625,2010-10-17,16,2010-11-02,-21.0,-20.97,-0.03,0
32647,1510,2010,SEN-G,CA,Greenberg Quinlan Rosner/American Viewpoint,922,2010-10-17,16,2010-11-02,8.0,10.01,-2.01,1
32606,1510,2010,SEN-G,CA,SurveyUSA,621,2010-10-17,16,2010-11-02,2.0,10.01,-8.01,1
32613,1514,2010,SEN-G,FL,Big Village,798,2010-10-17,16,2010-11-02,14.0,19.18,-5.18,1
32646,1514,2010,SEN-G,FL,Ipsos,577,2010-10-17,16,2010-11-02,15.0,19.18,-4.18,1
32568,1528,2010,SEN-G,NV,Rasmussen Reports,750,2010-10-17,16,2010-11-02,-3.0,5.87,-8.87,1
32615,1534,2010,SEN-G,OH,Big Village,863,2010-10-17,16,2010-11-02,-15.0,-17.45,2.45,0
32597,1536,2010,SEN-G,OR,Public Policy Polling,1229,2010-10-17,16,2010-11-02,16.0,17.99,-1.99,1
32575,1542,2010,SEN-G,WA,Rasmussen Reports,750,2010-10-17,16,2010-11-02,3.0,4.72,-1.72,1
32844,1507,2010,SEN-G,AK,Hays Research Group,500,2010-10-18,15,2010-11-02,9.0,4.02,4.98,1
32621,1510,2010,SEN-G,CA,Tarrance Group,600,2010-10-18,15,2010-11-02,0.0,10.01,-10.01,1
32895,1511,2010,SEN-G,CO,TCJ Research,1000,2010-10-18,15,2010-11-02,-5.0,1.63,-6.63,1
32593,1514,2010,SEN-G,FL,Rasmussen Reports,750,2010-10-18,15,2010-11-02,11.0,19.18,-8.18,1
32602,1518,2010,SEN-G,IL,Rasmussen Reports,750,2010-10-18,15,2010-11-02,-4.0,-1.59,-2.41,0
32598,1523,2010,SEN-G,KY,"Normington, Petts & Associates",600,2010-10-18,15,2010-11-02,2.0,-11.48,13.48,0
32589,1523,2010,SEN-G,KY,Rasmussen Reports,500,2010-10-18,15,2010-11-02,-5.0,-11.48,6.48,0
32627,1524,2010,SEN-G,LA,Impact Research,600,2010-10-18,15,2010-11-02,-3.0,-18.88,15.88,0
32659,1525,2010,SEN-G,MD,OpinionWorks,798,2010-10-18,15,2010-11-02,27.0,26.46,0.54,1
32576,1527,2010,SEN-G,MO,Public Policy Polling,646,2010-10-18,15,2010-11-02,-5.0,-13.6,8.6,0
32905,1536,2010,SEN-G,OR,TCJ Research,1000,2010-10-18,15,2010-11-02,19.0,17.99,1.01,1
32607,1537,2010,SEN-G,PA,Muhlenberg College,403,2010-10-18,15,2010-11-02,3.0,-2.02,5.02,0
32585,1537,2010,SEN-G,PA,Public Policy Polling,718,2010-10-18,15,2010-11-02,1.0,-2.02,3.02,0
32904,1542,2010,SEN-G,WA,TCJ Research,1000,2010-10-18,15,2010-11-02,-2.0,4.72,-6.72,1
32591,1511,2010,SEN-G,CO,Ipsos,405,2010-10-19,14,2010-11-02,-3.0,1.63,-4.63,1
32633,1515,2010,SEN-G,GA,Landmark Communications,3277,2010-10-19,14,2010-11-02,-20.8,-19.31,-1.49,0
32636,1518,2010,SEN-G,IL,Mason-Dixon Polling & Strategy,625,2010-10-19,14,2010-11-02,-2.0,-1.59,-0.41,0
32619,1523,2010,SEN-G,KY,Mason-Dixon Polling & Strategy,625,2010-10-19,14,2010-11-02,-5.0,-11.48,6.48,0
32637,1527,2010,SEN-G,MO,Mason-Dixon Polling & Strategy,625,2010-10-19,14,2010-11-02,-9.0,-13.6,4.6,0
32617,1527,2010,SEN-G,MO,Rasmussen Reports,750,2010-10-19,14,2010-11-02,-9.0,-13.6,4.6,0
32631,1530,2010,SEN-G,NY,Marist College,505,2010-10-19,14,2010-11-02,28.0,34.11,-6.11,1
32622,1530,2010,SEN-G,NY,Rasmussen Reports,500,2010-10-19,14,2010-11-02,28.0,34.11,-6.11,1
32631,1531,2010,SEN-G,NY,Marist College,505,2010-10-19,14,2010-11-02,18.0,27.84,-9.84,1
32622,1531,2010,SEN-G,NY,Rasmussen Reports,500,2010-10-19,14,2010-11-02,21.0,27.84,-6.84,1
32662,1532,2010,SEN-G,NC,The Tyson Group,600,2010-10-19,14,2010-11-02,-10.0,-11.77,1.77,0
32865,1534,2010,SEN-G,OH,ccAdvertising,2060,2010-10-19,14,2010-11-02,-18.3,-17.45,-0.85,0
32654,1538,2010,SEN-G,SC,Rasmussen Reports,500,2010-10-19,14,2010-11-02,-37.0,-34.41,-2.59,0
32634,1543,2010,SEN-G,WV,Global Strategy Group,804,2010-10-19,14,2010-11-02,5.0,10.07,-5.07,1
32608,1543,2010,SEN-G,WV,Rasmussen Reports,750,2010-10-19,14,2010-11-02,-7.0,10.07,-17.07,1
32896,1507,2010,SEN-G,AK,TCJ Research,1000,2010-10-20,13,2010-11-02,1.0,4.02,-3.02,1
32719,1510,2010,SEN-G,CA,Field Research Corp. (Field Poll),1092,2010-10-20,13,2010-11-02,8.0,10.01,-2.01,1
32897,1510,2010,SEN-G,CA,TCJ Research,1000,2010-10-20,13,2010-11-02,-3.0,10.01,-13.01,1
32645,1511,2010,SEN-G,CO,SurveyUSA,621,2010-10-20,13,2010-11-02,0.0,1.63,-1.63,1
32626,1512,2010,SEN-G,CT,Suffolk University,500,2010-10-20,13,2010-11-02,18.0,11.94,6.06,1
32898,1512,2010,SEN-G,CT,TCJ Research,1000,2010-10-20,13,2010-11-02,3.0,11.94,-8.94,1
32899,1513,2010,SEN-G,DE,TCJ Research,1000,2010-10-20,13,2010-11-02,7.0,16.58,-9.58,1
32650,1514,2010,SEN-G,FL,Zogby Analytics,802,2010-10-20,13,2010-11-02,7.0,19.18,-12.18,1
32641,1518,2010,SEN-G,IL,Market Shares Corp.,700,2010-10-20,13,2010-11-02,-3.0,-1.59,-1.41,0
32901,1518,2010,SEN-G,IL,TCJ Research,1000,2010-10-20,13,2010-11-02,-3.0,-1.59,-1.41,0
32640,1520,2010,SEN-G,IN,EPIC-MRA,500,2010-10-20,13,2010-11-02,-18.0,-14.58,-3.42,0
32900,1528,2010,SEN-G,NV,TCJ Research,1000,2010-10-20,13,2010-11-02,-7.0,5.87,-12.87,1
32863,1528,2010,SEN-G,NV,ccAdvertising,1884,2010-10-20,13,2010-11-02,-5.9,5.87,-11.77,1
32902,1537,2010,SEN-G,PA,TCJ Research,1000,2010-10-20,13,2010-11-02,-5.0,-2.02,-2.98,0
32903,1543,2010,SEN-G,WV,TCJ Research,1000,2010-10-20,13,2010-11-02,-5.0,10.07,-15.07,1
32638,1510,2010,SEN-G,CA,Rasmussen Reports,750,2010-10-21,12,2010-11-02,2.0,10.01,-8.01,1
32671,1512,2010,SEN-G,CT,Quinnipiac University,702,2010-10-21,12,2010-11-02,12.0,11.94,0.06,1
32708,1514,2010,SEN-G,FL,Quinnipiac University,784,2010-10-21,12,2010-11-02,7.0,19.18,-12.18,1
32661,1517,2010,SEN-G,ID,Mason-Dixon Polling & Strategy,625,2010-10-21,12,2010-11-02,-44.0,-46.25,2.25,0
32648,1520,2010,SEN-G,IN,Rasmussen Reports,500,2010-10-21,12,2010-11-02,-18.0,-14.58,-3.42,0
32692,1525,2010,SEN-G,MD,ABC News/The Washington Post,1434,2010-10-21,12,2010-11-02,37.0,26.46,10.54,1
32864,1529,2010,SEN-G,NH,ccAdvertising,744,2010-10-21,12,2010-11-02,-22.7,-23.24,0.54,0
32684,1530,2010,SEN-G,NY,Quinnipiac University,672,2010-10-21,12,2010-11-02,32.0,34.11,-2.11,1
32684,1531,2010,SEN-G,NY,Quinnipiac University,672,2010-10-21,12,2010-11-02,23.0,27.84,-4.84,1
32649,1533,2010,SEN-G,ND,Rasmussen Reports,500,2010-10-21,12,2010-11-02,-47.0,-53.97,6.97,0
32674,1534,2010,SEN-G,OH,Quinnipiac University,686,2010-10-21,12,2010-11-02,-17.0,-17.45,0.45,0
32663,1534,2010,SEN-G,OH,WPA Intelligence,500,2010-10-21,12,2010-11-02,-11.0,-17.45,6.45,0
32685,1537,2010,SEN-G,PA,Franklin & Marshall College,489,2010-10-21,12,2010-11-02,-8.0,-2.02,-5.98,0
32632,1537,2010,SEN-G,PA,Rasmussen Reports,750,2010-10-21,12,2010-11-02,-4.0,-2.02,-1.98,0
32843,1507,2010,SEN-G,AK,Hays Research Group,500,2010-10-22,11,2010-11-02,5.0,4.02,0.98,1
32676,1510,2010,SEN-G,CA,Public Policy Polling,622,2010-10-22,11,2010-11-02,9.0,10.01,-1.01,1
32639,1511,2010,SEN-G,CO,Public Policy Polling,818,2010-10-22,11,2010-11-02,0.0,1.63,-1.63,1
32670,1518,2010,SEN-G,IL,Impact Research,600,2010-10-22,11,2010-11-02,2.0,-1.59,3.59,0
32655,1537,2010,SEN-G,PA,Muhlenberg College,445,2010-10-22,11,2010-11-02,-3.0,-2.02,-0.98,0
32697,1510,2010,SEN-G,CA,Big Village,888,2010-10-23,10,2010-11-02,5.0,10.01,-5.01,1
42407,1510,2010,SEN-G,CA,Rasmussen Reports,1000,2010-10-23,10,2010-11-02,4.0,10.01,-6.01,1
32675,1510,2010,SEN-G,CA,Suffolk University,600,2010-10-23,10,2010-11-02,9.0,10.01,-1.01,1
32686,1510,2010,SEN-G,CA,SurveyUSA,594,2010-10-23,10,2010-11-02,5.0,10.01,-5.01,1
32700,1511,2010,SEN-G,CO,Big Village,829,2010-10-23,10,2010-11-02,-1.0,1.63,-2.63,1
32665,1512,2010,SEN-G,CT,Rasmussen Reports,1000,2010-10-23,10,2010-11-02,11.0,11.94,-0.94,1
32711,1513,2010,SEN-G,DE,Fairleigh Dickinson University,797,2010-10-23,10,2010-11-02,21.0,16.58,4.42,1
32653,1515,2010,SEN-G,GA,SurveyUSA,601,2010-10-23,10,2010-11-02,-24.0,-19.31,-4.69,0
51744,1516,2010,SEN-G,HI,MRG Research,1181,2010-10-23,10,2010-11-02,32.1,53.24,-21.14,1
32667,1518,2010,SEN-G,IL,Rasmussen Reports,1000,2010-10-23,10,2010-11-02,-2.0,-1.59,-0.41,0
32681,1520,2010,SEN-G,IN,SurveyUSA,1600,2010-10-23,10,2010-11-02,-22.0,-14.58,-7.42,0
32701,1523,2010,SEN-G,KY,Big Village,785,2010-10-23,10,2010-11-02,-7.0,-11.48,4.48,0
32664,1523,2010,SEN-G,KY,Public Policy Polling,900,2010-10-23,10,2010-11-02,-13.0,-11.48,-1.52,0
32668,1523,2010,SEN-G,KY,Rasmussen Reports,1000,2010-10-23,10,2010-11-02,-7.0,-11.48,4.48,0
32682,1524,2010,SEN-G,LA,Clarus Research Group,700,2010-10-23,10,2010-11-02,-12.0,-18.88,6.88,0
32702,1528,2010,SEN-G,NV,Big Village,773,2010-10-23,10,2010-11-02,-4.0,5.87,-9.87,1
32696,1537,2010,SEN-G,PA,Big Village,823,2010-10-23,10,2010-11-02,-4.0,-2.02,-1.98,0
32672,1537,2010,SEN-G,PA,Ipsos,400,2010-10-23,10,2010-11-02,0.0,-2.02,2.02,0
32741,1542,2010,SEN-G,WA,University of Washington Center for Survey Research,695,2010-10-23,10,2010-11-02,6.0,4.72,1.28,1
32669,1543,2010,SEN-G,WV,Rasmussen Reports,1000,2010-10-23,10,2010-11-02,-2.0,10.07,-12.07,1
32656,1508,2010,SEN-G,AZ,Public Policy Polling,664,2010-10-24,9,2010-11-02,-18.0,-24.21,6.21,0
32894,1509,2010,SEN-G,AR,TCJ Research,1000,2010-10-24,9,2010-11-02,-21.0,-20.97,-0.03,0
32888,1510,2010,SEN-G,CA,TCJ Research,1000,2010-10-24,9,2010-11-02,-4.0,10.01,-14.01,1
32886,1511,2010,SEN-G,CO,TCJ Research,1000,2010-10-24,9,2010-11-02,-5.0,1.63,-6.63,1
32643,1512,2010,SEN-G,CT,Rasmussen Reports,750,2010-10-24,9,2010-11-02,13.0,11.94,1.06,1
32890,1513,2010,SEN-G,DE,TCJ Research,1000,2010-10-24,9,2010-11-02,6.0,16.58,-10.58,1
32705,1515,2010,SEN-G,GA,Rasmussen Reports,500,2010-10-24,9,2010-11-02,-30.0,-19.31,-10.69,0
32892,1518,2010,SEN-G,IL,TCJ Research,1000,2010-10-24,9,2010-11-02,-4.0,-1.59,-2.41,0
32730,1522,2010,SEN-G,KS,SurveyUSA,561,2010-10-24,9,2010-11-02,-40.0,-43.71,3.71,0
32651,1524,2010,SEN-G,LA,Magellan Strategies,1347,2010-10-24,9,2010-11-02,-17.0,-18.88,1.88,0
32679,1525,2010,SEN-G,MD,Rasmussen Reports,750,2010-10-24,9,2010-11-02,18.0,26.46,-8.46,1
32717,1527,2010,SEN-G,MO,Missouri State University Center for Social Science and Public Policy Research,672,2010-10-24,9,2010-11-02,-13.1,-13.6,0.5,0
32887,1528,2010,SEN-G,NV,TCJ Research,1000,2010-10-24,9,2010-11-02,-5.0,5.87,-10.87,1
32678,1532,2010,SEN-G,NC,SurveyUSA,590,2010-10-24,9,2010-11-02,-15.0,-11.77,-3.23,0
32707,1534,2010,SEN-G,OH,SurveyUSA,613,2010-10-24,9,2010-11-02,-15.0,-17.45,2.45,0
32893,1537,2010,SEN-G,PA,TCJ Research,1000,2010-10-24,9,2010-11-02,-6.0,-2.02,-3.98,0
32891,1542,2010,SEN-G,WA,TCJ Research,1000,2010-10-24,9,2010-11-02,0.0,4.72,-4.72,1
32652,1543,2010,SEN-G,WV,Public Policy Polling,1246,2010-10-24,9,2010-11-02,6.0,10.07,-4.07,1
32889,1543,2010,SEN-G,WV,TCJ Research,1000,2010-10-24,9,2010-11-02,-6.0,10.07,-16.07,1
32691,1511,2010,SEN-G,CO,RBI Strategies & Research,500,2010-10-25,8,2010-11-02,1.0,1.63,-0.63,1
32706,1511,2010,SEN-G,CO,Rasmussen Reports,750,2010-10-25,8,2010-11-02,-4.0,1.63,-5.63,1
32714,1512,2010,SEN-G,CT,MRG Research,1846,2010-10-25,8,2010-11-02,8.0,11.94,-3.94,1
32680,1528,2010,SEN-G,NV,Rasmussen Reports,750,2010-10-25,8,2010-11-02,-4.0,5.87,-9.87,1
32780,1534,2010,SEN-G,OH,Columbus Dispatch,1445,2010-10-25,8,2010-11-02,-16.0,-17.45,1.45,0
32713,1536,2010,SEN-G,OR,Rasmussen Reports,750,2010-10-25,8,2010-11-02,11.0,17.99,-6.99,1
32658,1544,2010,SEN-G,WI,Rasmussen Reports,750,2010-10-25,8,2010-11-02,-7.0,-4.84,-2.16,0
32742,1507,2010,SEN-G,AK,Dittman Research,421,2010-10-26,7,2010-11-02,10.0,4.02,5.98,1
32842,1507,2010,SEN-G,AK,Hays Research Group,500,2010-10-26,7,2010-11-02,11.0,4.02,6.98,1
32841,1507,2010,SEN-G,AK,Hellenthal & Associates,500,2010-10-26,7,2010-11-02,14.3,4.02,10.28,1
32847,1510,2010,SEN-G,CA,Tulchin Research,700,2010-10-26,7,2010-11-02,8.0,10.01,-2.01,1
51709,1513,2010,SEN-G,DE,Monmouth University,1171,2010-10-26,7,2010-11-02,10.0,16.58,-6.58,1
32721,1514,2010,SEN-G,FL,Susquehanna Polling & Research Inc.,600,2010-10-26,7,2010-11-02,20.0,19.18,0.82,1
32690,1518,2010,SEN-G,IL,Rasmussen Reports,750,2010-10-26,7,2010-11-02,-4.0,-1.59,-2.41,0
32718,1523,2010,SEN-G,KY,Braun Research,800,2010-10-26,7,2010-11-02,-7.5,-11.48,3.98,0
32716,1523,2010,SEN-G,KY,SurveyUSA,637,2010-10-26,7,2010-11-02,-9.0,-11.48,2.48,0
32723,1528,2010,SEN-G,NV,Mason-Dixon Polling & Strategy,625,2010-10-26,7,2010-11-02,-4.0,5.87,-9.87,1
32759,1534,2010,SEN-G,OH,Rasmussen Reports,750,2010-10-26,7,2010-11-02,-24.0,-17.45,-6.55,0
32748,1536,2010,SEN-G,OR,SurveyUSA,580,2010-10-26,7,2010-11-02,25.0,17.99,7.01,1
32709,1537,2010,SEN-G,PA,Muhlenberg College,460,2010-10-26,7,2010-11-02,-8.0,-2.02,-5.98,0
32783,1537,2010,SEN-G,PA,Susquehanna Polling & Research Inc.,800,2010-10-26,7,2010-11-02,-2.0,-2.02,0.02,0
32750,1540,2010,SEN-G,UT,Mason-Dixon Polling & Strategy,625,2010-10-26,7,2010-11-02,-16.0,-28.82,12.82,0
32737,1542,2010,SEN-G,WA,SurveyUSA,678,2010-10-26,7,2010-11-02,0.0,4.72,-4.72,1
32689,1543,2010,SEN-G,WV,Rasmussen Reports,750,2010-10-26,7,2010-11-02,3.0,10.07,-7.07,1
32715,1544,2010,SEN-G,WI,Voter/Consumer Research,400,2010-10-26,7,2010-11-02,-4.0,-4.84,0.84,0
79831,1544,2010,SEN-G,WI,Wood Communications Group,400,2010-10-26,7,2010-11-02,-4.0,-4.84,0.84,0
32712,1510,2010,SEN-G,CA,Rasmussen Reports,750,2010-10-27,6,2010-11-02,3.0,10.01,-7.01,1
32732,1510,2010,SEN-G,CA,YouGov,814,2010-10-27,6,2010-11-02,3.3,10.01,-6.71,1
32751,1511,2010,SEN-G,CO,Marist College,615,2010-10-27,6,2010-11-02,-4.0,1.63,-5.63,1
32762,1511,2010,SEN-G,CO,YouGov,855,2010-10-27,6,2010-11-02,1.0,1.63,-0.63,1
32764,1512,2010,SEN-G,CT,YouGov,783,2010-10-27,6,2010-11-02,9.9,11.94,-2.04,1
32747,1514,2010,SEN-G,FL,Rasmussen Reports,750,2010-10-27,6,2010-11-02,20.0,19.18,0.82,1
32729,1514,2010,SEN-G,FL,YouGov,826,2010-10-27,6,2010-11-02,11.0,19.18,-8.18,1
32786,1515,2010,SEN-G,GA,Mason-Dixon Polling & Strategy,625,2010-10-27,6,2010-11-02,-23.0,-19.31,-3.69,0
32722,1523,2010,SEN-G,KY,Rasmussen Reports,750,2010-10-27,6,2010-11-02,-12.0,-11.48,-0.52,0
32766,1523,2010,SEN-G,KY,YouGov,822,2010-10-27,6,2010-11-02,-8.0,-11.48,3.48,0
32768,1527,2010,SEN-G,MO,YouGov,789,2010-10-27,6,2010-11-02,-11.1,-13.6,2.5,0
32775,1529,2010,SEN-G,NH,Rasmussen Reports,500,2010-10-27,6,2010-11-02,-15.0,-23.24,8.24,0
32773,1530,2010,SEN-G,NY,Marist College,415,2010-10-27,6,2010-11-02,24.0,34.11,-10.11,1
32778,1530,2010,SEN-G,NY,SurveyUSA,544,2010-10-27,6,2010-11-02,30.0,34.11,-4.11,1
32724,1530,2010,SEN-G,NY,YouGov,819,2010-10-27,6,2010-11-02,24.0,34.11,-10.11,1
32773,1531,2010,SEN-G,NY,Marist College,415,2010-10-27,6,2010-11-02,15.0,27.84,-12.84,1
32778,1531,2010,SEN-G,NY,SurveyUSA,544,2010-10-27,6,2010-11-02,20.0,27.84,-7.84,1
32724,1531,2010,SEN-G,NY,YouGov,819,2010-10-27,6,2010-11-02,24.0,27.84,-3.84,1
32734,1534,2010,SEN-G,OH,YouGov,805,2010-10-27,6,2010-11-02,-13.0,-17.45,4.45,0
32752,1537,2010,SEN-G,PA,Marist College,461,2010-10-27,6,2010-11-02,-7.0,-2.02,-4.98,0
32731,1537,2010,SEN-G,PA,YouGov,779,2010-10-27,6,2010-11-02,-6.0,-2.02,-3.98,0
32774,1540,2010,SEN-G,UT,Dan Jones & Associates,1206,2010-10-27,6,2010-11-02,-27.0,-28.82,1.82,0
32755,1542,2010,SEN-G,WA,Marist College,638,2010-10-27,6,2010-11-02,1.0,4.72,-3.72,1
32710,1542,2010,SEN-G,WA,Rasmussen Reports,750,2010-10-27,6,2010-11-02,-1.0,4.72,-5.72,1
32758,1544,2010,SEN-G,WI,Marist College,491,2010-10-27,6,2010-11-02,-7.0,-4.84,-2.16,0
32738,1544,2010,SEN-G,WI,Public Policy Polling,1372,2010-10-27,6,2010-11-02,-9.0,-4.84,-4.16,0
32760,1508,2010,SEN-G,AZ,Rasmussen Reports,500,2010-10-28,5,2010-11-02,-20.0,-24.21,4.21,0
32785,1509,2010,SEN-G,AR,Rasmussen Reports,500,2010-10-28,5,2010-11-02,-19.0,-20.97,1.97,0
32788,1512,2010,SEN-G,CT,Public Policy Polling,759,2010-10-28,5,2010-11-02,11.0,11.94,-0.94,1
32817,1512,2010,SEN-G,CT,Quinnipiac University,930,2010-10-28,5,2010-11-02,9.0,11.94,-2.94,1
32833,1514,2010,SEN-G,FL,Quinnipiac University,925,2010-10-28,5,2010-11-02,14.0,19.18,-5.18,1
32809,1518,2010,SEN-G,IL,Impact Research,400,2010-10-28,5,2010-11-02,2.0,-1.59,3.59,0
32791,1518,2010,SEN-G,IL,YouGov,672,2010-10-28,5,2010-11-02,2.7,-1.59,4.29,0
32784,1521,2010,SEN-G,IA,Selzer & Co.,805,2010-10-28,5,2010-11-02,-31.0,-31.07,0.07,0
32789,1528,2010,SEN-G,NV,YouGov,711,2010-10-28,5,2010-11-02,-2.0,5.87,-7.87,1
1075,1529,2010,SEN-G,NH,Public Policy Polling,1308,2010-10-28,5,2010-11-02,-15.0,-23.24,8.24,0
32812,1534,2010,SEN-G,OH,Angus Reid Global,492,2010-10-28,5,2010-11-02,-17.0,-17.45,0.45,0
32832,1534,2010,SEN-G,OH,Quinnipiac University,848,2010-10-28,5,2010-11-02,-19.0,-17.45,-1.55,0
32828,1537,2010,SEN-G,PA,Quinnipiac University,1244,2010-10-28,5,2010-11-02,-5.0,-2.02,-2.98,0
32740,1537,2010,SEN-G,PA,Rasmussen Reports,750,2010-10-28,5,2010-11-02,-4.0,-2.02,-1.98,0
32793,1542,2010,SEN-G,WA,YouGov,849,2010-10-28,5,2010-11-02,2.7,4.72,-2.02,1
32838,1544,2010,SEN-G,WI,Forward Strategies,700,2010-10-28,5,2010-11-02,-4.0,-4.84,0.84,0
32795,1544,2010,SEN-G,WI,YouGov,842,2010-10-28,5,2010-11-02,-6.0,-4.84,-1.16,0
32813,1510,2010,SEN-G,CA,Angus Reid Global,485,2010-10-29,4,2010-11-02,7.0,10.01,-3.01,1
32835,1510,2010,SEN-G,CA,SurveyUSA,587,2010-10-29,4,2010-11-02,8.0,10.01,-2.01,1
32881,1510,2010,SEN-G,CA,TCJ Research,1000,2010-10-29,4,2010-11-02,-2.0,10.01,-12.01,1
32880,1511,2010,SEN-G,CO,TCJ Research,1000,2010-10-29,4,2010-11-02,-3.0,1.63,-4.63,1
32885,1512,2010,SEN-G,CT,TCJ Research,1000,2010-10-29,4,2010-11-02,5.0,11.94,-6.94,1
32875,1514,2010,SEN-G,FL,TCJ Research,1000,2010-10-29,4,2010-11-02,24.0,19.18,4.82,1
32787,1523,2010,SEN-G,KY,Public Policy Polling,1021,2010-10-29,4,2010-11-02,-15.0,-11.48,-3.52,0
32837,1529,2010,SEN-G,NH,University of New Hampshire Survey Center,885,2010-10-29,4,2010-11-02,-18.0,-23.24,5.24,0
32814,1530,2010,SEN-G,NY,Angus Reid Global,541,2010-10-29,4,2010-11-02,26.0,34.11,-8.11,1
32781,1530,2010,SEN-G,NY,Siena College,603,2010-10-29,4,2010-11-02,32.0,34.11,-2.11,1
32814,1531,2010,SEN-G,NY,Angus Reid Global,508,2010-10-29,4,2010-11-02,21.0,27.84,-6.84,1
32781,1531,2010,SEN-G,NY,Siena College,603,2010-10-29,4,2010-11-02,20.0,27.84,-7.84,1
32779,1534,2010,SEN-G,OH,Public Policy Polling,1356,2010-10-29,4,2010-11-02,-18.0,-17.45,-0.55,0
32816,1534,2010,SEN-G,OH,University of Cincinnati (Ohio Poll),930,2010-10-29,4,2010-11-02,-21.0,-17.45,-3.55,0
32882,1537,2010,SEN-G,PA,TCJ Research,1000,2010-10-29,4,2010-11-02,-6.0,-2.02,-3.98,0
32840,1507,2010,SEN-G,AK,Hays Research Group,502,2010-10-30,3,2010-11-02,-1.8,4.02,-5.82,1
32803,1510,2010,SEN-G,CA,Public Policy Polling,882,2010-10-30,3,2010-11-02,4.0,10.01,-6.01,1
32829,1510,2010,SEN-G,CA,YouGov,810,2010-10-30,3,2010-11-02,4.0,10.01,-6.01,1
42410,1511,2010,SEN-G,CO,Rasmussen Reports,1000,2010-10-30,3,2010-11-02,-4.0,1.63,-5.63,1
32831,1514,2010,SEN-G,FL,Susquehanna Polling & Research Inc.,1527,2010-10-30,3,2010-11-02,17.0,19.18,-2.18,1
32826,1514,2010,SEN-G,FL,YouGov,548,2010-10-30,3,2010-11-02,12.0,19.18,-7.18,1
32806,1518,2010,SEN-G,IL,Rasmussen Reports,1000,2010-10-30,3,2010-11-02,-4.0,-1.59,-2.41,0
32808,1528,2010,SEN-G,NV,Rasmussen Reports,1000,2010-10-30,3,2010-11-02,-3.0,5.87,-8.87,1
32818,1530,2010,SEN-G,NY,YouGov,578,2010-10-30,3,2010-11-02,26.0,34.11,-8.11,1
32818,1531,2010,SEN-G,NY,YouGov,578,2010-10-30,3,2010-11-02,23.6,27.84,-4.24,1
32824,1534,2010,SEN-G,OH,YouGov,560,2010-10-30,3,2010-11-02,-13.0,-17.45,4.45,0
32834,1537,2010,SEN-G,PA,Muhlenberg College,474,2010-10-30,3,2010-11-02,-4.0,-2.02,-1.98,0
32822,1537,2010,SEN-G,PA,YouGov,570,2010-10-30,3,2010-11-02,-4.0,-2.02,-1.98,0
32797,1542,2010,SEN-G,WA,Public Policy Polling,2055,2010-10-30,3,2010-11-02,-2.0,4.72,-6.72,1
32805,1542,2010,SEN-G,WA,Rasmussen Reports,1000,2010-10-30,3,2010-11-02,2.0,4.72,-2.72,1
32799,1507,2010,SEN-G,AK,Public Policy Polling,1539,2010-10-31,2,2010-11-02,-7.0,4.02,-11.02,1
32884,1507,2010,SEN-G,AK,TCJ Research,1000,2010-10-31,2,2010-11-02,2.0,4.02,-2.02,1
32801,1511,2010,SEN-G,CO,Public Policy Polling,1059,2010-10-31,2,2010-11-02,-1.0,1.63,-2.63,1
32810,1512,2010,SEN-G,CT,Rasmussen Reports,750,2010-10-31,2,2010-11-02,7.0,11.94,-4.94,1
32883,1513,2010,SEN-G,DE,TCJ Research,1000,2010-10-31,2,2010-11-02,5.0,16.58,-11.58,1
1066,1514,2010,SEN-G,FL,Public Policy Polling,773,2010-10-31,2,2010-11-02,17.0,19.18,-2.18,1
32802,1518,2010,SEN-G,IL,Public Policy Polling,814,2010-10-31,2,2010-11-02,-2.5,-1.59,-0.91,0
32879,1518,2010,SEN-G,IL,TCJ Research,1000,2010-10-31,2,2010-11-02,-5.0,-1.59,-3.41,0
32873,1523,2010,SEN-G,KY,TCJ Research,1000,2010-10-31,2,2010-11-02,-12.0,-11.48,-0.52,0
1065,1528,2010,SEN-G,NV,Public Policy Polling,682,2010-10-31,2,2010-11-02,-1.0,5.87,-6.87,1
32877,1528,2010,SEN-G,NV,TCJ Research,1000,2010-10-31,2,2010-11-02,-6.0,5.87,-11.87,1
32836,1532,2010,SEN-G,NC,Public Policy Polling,847,2010-10-31,2,2010-11-02,-12.0,-11.77,-0.23,0
32800,1537,2010,SEN-G,PA,Public Policy Polling,772,2010-10-31,2,2010-11-02,-5.0,-2.02,-2.98,0
32878,1542,2010,SEN-G,WA,TCJ Research,1000,2010-10-31,2,2010-11-02,-2.0,4.72,-6.72,1
32798,1543,2010,SEN-G,WV,Public Policy Polling,1676,2010-10-31,2,2010-11-02,5.0,10.07,-5.07,1
32811,1543,2010,SEN-G,WV,Rasmussen Reports,750,2010-10-31,2,2010-11-02,4.0,10.07,-6.07,1
32876,1543,2010,SEN-G,WV,TCJ Research,1000,2010-10-31,2,2010-11-02,0.0,10.07,-10.07,1
32874,1544,2010,SEN-G,WI,TCJ Research,1000,2010-10-31,2,2010-11-02,-14.0,-4.84,-9.16,0
30300,1475,2012,SEN-G,CT,Mason-Dixon Polling & Strategy,625,2012-10-16,21,2012-11-06,0.0,11.75,-11.75,1
30117,1475,2012,SEN-G,CT,Public Policy Polling,1015,2012-10-16,21,2012-11-06,4.0,11.75,-7.75,1
30076,1482,2012,SEN-G,MA,Public Policy Polling,709,2012-10-16,21,2012-11-06,9.0,7.56,1.44,1
30833,1486,2012,SEN-G,MO,Harstad Strategic Research,603,2012-10-16,21,2012-11-06,12.0,15.7,-3.7,1
30078,1487,2012,SEN-G,MT,Public Policy Polling,806,2012-10-16,21,2012-11-06,2.0,3.72,-1.72,1
30111,1489,2012,SEN-G,NV,Mellman Group,600,2012-10-16,21,2012-11-06,3.0,-1.22,4.22,0
30132,1495,2012,SEN-G,PA,Garin-Hart-Yang Research Group,604,2012-10-16,21,2012-11-06,13.0,9.1,3.9,1
30095,1501,2012,SEN-G,VA,Public Policy Polling,733,2012-10-16,21,2012-11-06,5.0,5.92,-0.92,1
30114,1504,2012,SEN-G,WI,Marist College,1013,2012-10-16,21,2012-11-06,4.0,5.56,-1.56,1
30276,1504,2012,SEN-G,WI,Mason-Dixon Polling & Strategy,625,2012-10-16,21,2012-11-06,2.0,5.56,-3.56,1
30126,1486,2012,SEN-G,MO,Rasmussen Reports,500,2012-10-17,20,2012-11-06,8.0,15.7,-7.7,1
30209,1494,2012,SEN-G,OH,Public Opinion Strategies,600,2012-10-17,20,2012-11-06,-1.0,6.0,-7.0,1
30089,1494,2012,SEN-G,OH,Rasmussen Reports,750,2012-10-17,20,2012-11-06,5.0,6.0,-1.0,1
30220,1501,2012,SEN-G,VA,Garin-Hart-Yang Research Group,802,2012-10-17,20,2012-11-06,4.0,5.92,-1.92,1
30299,1474,2012,SEN-G,CA,Greenberg Quinlan Rosner/American Viewpoint,1440,2012-10-18,19,2012-11-06,17.0,25.04,-8.04,1
30174,1477,2012,SEN-G,FL,Public Policy Polling,800,2012-10-18,19,2012-11-06,4.0,13.0,-9.0,1
30123,1477,2012,SEN-G,FL,Rasmussen Reports,750,2012-10-18,19,2012-11-06,5.0,13.0,-8.0,1
30152,1477,2012,SEN-G,FL,SurveyUSA,600,2012-10-18,19,2012-11-06,8.0,13.0,-5.0,1
73068,1486,2012,SEN-G,MO,Kiley & Company,600,2012-10-18,19,2012-11-06,14.0,15.7,-1.7,1
30154,1490,2012,SEN-G,NJ,SurveyUSA,577,2012-10-18,19,2012-11-06,20.0,19.5,0.5,1
30210,1493,2012,SEN-G,ND,Mellman Group,600,2012-10-18,19,2012-11-06,3.0,0.92,2.08,1
30224,1493,2012,SEN-G,ND,Rasmussen Reports,600,2012-10-18,19,2012-11-06,-5.0,0.92,-5.92,1
73020,1495,2012,SEN-G,PA,GS Strategy Group,600,2012-10-18,19,2012-11-06,0.2,9.1,-8.9,1
30462,1498,2012,SEN-G,TX,YouGov,540,2012-10-18,19,2012-11-06,-15.0,-15.84,0.84,0
30122,1501,2012,SEN-G,VA,Rasmussen Reports,750,2012-10-18,19,2012-11-06,1.0,5.92,-4.92,1
30124,1504,2012,SEN-G,WI,Rasmussen Reports,500,2012-10-18,19,2012-11-06,-2.0,5.56,-7.56,1
30818,1473,2012,SEN-G,AZ,Impact Research,800,2012-10-19,18,2012-11-06,4.0,-3.03,7.03,0
30208,1477,2012,SEN-G,FL,Angus Reid Global,502,2012-10-19,18,2012-11-06,15.0,13.0,2.0,1
30414,1478,2012,SEN-G,HI,Ward Research,786,2012-10-19,18,2012-11-06,22.0,25.2,-3.2,1
30244,1479,2012,SEN-G,IN,Global Strategy Group,603,2012-10-19,18,2012-11-06,2.0,5.76,-3.76,1
30180,1483,2012,SEN-G,MI,Angus Reid Global,575.5,2012-10-19,18,2012-11-06,18.5,20.82,-2.32,1
30183,1494,2012,SEN-G,OH,Angus Reid Global,550,2012-10-19,18,2012-11-06,6.0,6.0,0.0,1
30166,1494,2012,SEN-G,OH,Public Policy Polling,532,2012-10-19,18,2012-11-06,5.0,6.0,-1.0,1
30200,1494,2012,SEN-G,OH,Quinnipiac University,1548,2012-10-19,18,2012-11-06,9.0,6.0,3.0,1
30218,1495,2012,SEN-G,PA,Angus Reid Global,559,2012-10-19,18,2012-11-06,5.0,9.1,-4.1,1
30203,1495,2012,SEN-G,PA,Muhlenberg College,444,2012-10-19,18,2012-11-06,8.0,9.1,-1.1,1
30373,1497,2012,SEN-G,TN,Middle Tennessee State University,609,2012-10-19,18,2012-11-06,-38.0,-34.48,-3.52,0
30216,1504,2012,SEN-G,WI,Angus Reid Global,502,2012-10-19,18,2012-11-06,3.0,5.56,-2.56,1
30236,1475,2012,SEN-G,CT,SurveyUSA,575,2012-10-20,17,2012-11-06,4.0,11.75,-7.75,1
30279,1477,2012,SEN-G,FL,Pharos Research Group,759,2012-10-20,17,2012-11-06,7.78,13.0,-5.22,1
30280,1479,2012,SEN-G,IN,Pharos Research Group,754,2012-10-20,17,2012-11-06,-0.53,5.76,-6.29,1
30211,1482,2012,SEN-G,MA,Kimball Political Consulting,761,2012-10-20,17,2012-11-06,2.5,7.56,-5.06,1
30186,1486,2012,SEN-G,MO,Public Policy Polling,582,2012-10-20,17,2012-11-06,6.0,15.7,-9.7,1
30281,1487,2012,SEN-G,MT,Pharos Research Group,828,2012-10-20,17,2012-11-06,2.17,3.72,-1.55,1
30418,1488,2012,SEN-G,NE,Pharos Research Group,783,2012-10-20,17,2012-11-06,-2.5,-15.54,13.04,0
30282,1492,2012,SEN-G,NY,Marist College,565,2012-10-20,17,2012-11-06,44.0,45.84,-1.84,1
30419,1493,2012,SEN-G,ND,Pharos Research Group,807,2012-10-20,17,2012-11-06,1.2,0.92,0.28,1
30417,1494,2012,SEN-G,OH,Pharos Research Group,810,2012-10-20,17,2012-11-06,11.1,6.0,5.1,1
30199,1494,2012,SEN-G,OH,Suffolk University,600,2012-10-20,17,2012-11-06,7.0,6.0,1.0,1
30416,1495,2012,SEN-G,PA,Pharos Research Group,760,2012-10-20,17,2012-11-06,10.3,9.1,1.2,1
30207,1501,2012,SEN-G,VA,Clout Research,1000,2012-10-20,17,2012-11-06,-3.3,5.92,-9.22,1
30295,1473,2012,SEN-G,AZ,Rasmussen Reports,500,2012-10-21,16,2012-11-06,-6.0,-3.03,-2.97,0
30830,1475,2012,SEN-G,CT,EMC Research,800,2012-10-21,16,2012-11-06,6.0,11.75,-5.75,1
30255,1475,2012,SEN-G,CT,Quinnipiac University,1412,2012-10-21,16,2012-11-06,6.0,11.75,-5.75,1
30237,1475,2012,SEN-G,CT,Rasmussen Reports,500,2012-10-21,16,2012-11-06,1.0,11.75,-10.75,1
30235,1484,2012,SEN-G,MN,Rasmussen Reports,500,2012-10-21,16,2012-11-06,23.0,34.73,-11.73,1
30250,1494,2012,SEN-G,OH,SurveyUSA,609,2012-10-21,16,2012-11-06,1.0,6.0,-5.0,1
30383,1494,2012,SEN-G,OH,University of Cincinnati (Ohio Poll),1015,2012-10-21,16,2012-11-06,4.0,6.0,-2.0,1
30403,1481,2012,SEN-G,MD,OpinionWorks,801,2012-10-22,15,2012-11-06,26.0,29.68,-3.68,1
30256,1482,2012,SEN-G,MA,MassINC Polling Group,516,2012-10-22,15,2012-11-06,6.0,7.56,-1.56,1
30477,1491,2012,SEN-G,NM,Public Opinion Strategies,500,2012-10-22,15,2012-11-06,-1.0,5.73,-6.73,1
30829,1475,2012,SEN-G,CT,Penta,400,2012-10-23,14,2012-11-06,6.0,11.75,-5.75,1
30375,1477,2012,SEN-G,FL,Mason-Dixon Polling & Strategy,625,2012-10-23,14,2012-11-06,3.0,13.0,-10.0,1
30334,1477,2012,SEN-G,FL,Susquehanna Polling & Research Inc.,1001,2012-10-23,14,2012-11-06,5.0,13.0,-8.0,1
30273,1489,2012,SEN-G,NV,Public Policy Polling,636,2012-10-23,14,2012-11-06,0.0,-1.22,1.22,0
30266,1489,2012,SEN-G,NV,Rasmussen Reports,500,2012-10-23,14,2012-11-06,-5.0,-1.22,-3.78,0
30337,1492,2012,SEN-G,NY,Siena College,750,2012-10-23,14,2012-11-06,43.0,45.84,-2.84,1
73146,1493,2012,SEN-G,ND,Mellman Group,600,2012-10-23,14,2012-11-06,4.0,0.92,3.08,1
30253,1494,2012,SEN-G,OH,Rasmussen Reports,750,2012-10-23,14,2012-11-06,4.0,6.0,-2.0,1
73465,1495,2012,SEN-G,PA,Clout Research,1000,2012-10-23,14,2012-11-06,1.2,9.1,-7.9,1
73039,1495,2012,SEN-G,PA,Harstad Strategic Research,600,2012-10-23,14,2012-11-06,12.0,9.1,2.9,1
30638,1474,2012,SEN-G,CA,Field Research Corp. (Field Poll),1566,2012-10-24,13,2012-11-06,21.0,25.04,-4.04,1
30384,1484,2012,SEN-G,MN,Mason-Dixon Polling & Strategy,800,2012-10-24,13,2012-11-06,43.0,34.73,8.27,1
30360,1486,2012,SEN-G,MO,Mason-Dixon Polling & Strategy,625,2012-10-24,13,2012-11-06,2.0,15.7,-13.7,1
73231,1488,2012,SEN-G,NE,Public Opinion Strategies,600,2012-10-24,13,2012-11-06,-16.0,-15.54,-0.46,0
51308,1488,2012,SEN-G,NE,Wiese Research Associates,650,2012-10-24,13,2012-11-06,-3.0,-15.54,12.54,0
30314,1489,2012,SEN-G,NV,Marist College,1042,2012-10-24,13,2012-11-06,-3.0,-1.22,-1.78,0
63676,1489,2012,SEN-G,NV,TCJ Research,1000,2012-10-24,13,2012-11-06,-5.5,-1.22,-4.28,0
30357,1490,2012,SEN-G,NJ,Global Strategy Group/National Research (Philadelphia Inquirer),601,2012-10-24,13,2012-11-06,18.0,19.5,-1.5,1
30355,1491,2012,SEN-G,NM,Public Policy Polling,727,2012-10-24,13,2012-11-06,8.0,5.73,2.27,1
30386,1491,2012,SEN-G,NM,Research & Polling Inc.,650,2012-10-24,13,2012-11-06,8.0,5.73,2.27,1
30372,1492,2012,SEN-G,NY,SurveyUSA,554,2012-10-24,13,2012-11-06,42.0,45.84,-3.84,1
30356,1495,2012,SEN-G,PA,Global Strategy Group/National Research (Philadelphia Inquirer),600,2012-10-24,13,2012-11-06,7.0,9.1,-2.1,1
30294,1495,2012,SEN-G,PA,Rasmussen Reports,500,2012-10-24,13,2012-11-06,1.0,9.1,-8.1,1
63690,1495,2012,SEN-G,PA,TCJ Research,1000,2012-10-24,13,2012-11-06,-1.4,9.1,-10.5,1
30374,1501,2012,SEN-G,VA,ABC News/The Washington Post,1228,2012-10-24,13,2012-11-06,7.0,5.92,1.08,1
30291,1501,2012,SEN-G,VA,Rasmussen Reports,750,2012-10-24,13,2012-11-06,1.0,5.92,-4.92,1
63711,1501,2012,SEN-G,VA,TCJ Research,1000,2012-10-24,13,2012-11-06,-1.3,5.92,-7.22,1
30346,1501,2012,SEN-G,VA,Zogby Analytics,834,2012-10-24,13,2012-11-06,0.0,5.92,-5.92,1
30479,1474,2012,SEN-G,CA,MFour Mobile Research,2115,2012-10-25,12,2012-11-06,19.6,25.04,-5.44,1
30327,1477,2012,SEN-G,FL,Rasmussen Reports,750,2012-10-25,12,2012-11-06,3.0,13.0,-10.0,1
30831,1479,2012,SEN-G,IN,Clarity Campaign Labs,825,2012-10-25,12,2012-11-06,7.0,5.76,1.24,1
30832,1479,2012,SEN-G,IN,Impact Research,446,2012-10-25,12,2012-11-06,7.0,5.76,1.24,1
30614,1479,2012,SEN-G,IN,McLaughlin & Associates,600,2012-10-25,12,2012-11-06,0.0,5.76,-5.76,1
30328,1482,2012,SEN-G,MA,Rasmussen Reports,500,2012-10-25,12,2012-11-06,5.0,7.56,-2.56,1
30363,1486,2012,SEN-G,MO,Kiley & Company,600,2012-10-25,12,2012-11-06,14.0,15.7,-1.7,1
30481,1501,2012,SEN-G,VA,Roanoke College Institute for Policy and Opinion Research,638,2012-10-25,12,2012-11-06,-5.0,5.92,-10.92,1
30562,1502,2012,SEN-G,WA,University of Washington Center for Survey Research,632,2012-10-25,12,2012-11-06,27.5,20.9,6.6,1
30326,1504,2012,SEN-G,WI,Rasmussen Reports,500,2012-10-25,12,2012-11-06,-1.0,5.56,-6.56,1
30482,1477,2012,SEN-G,FL,Quinnipiac University,1073,2012-10-26,11,2012-11-06,13.0,13.0,0.0,1
30436,1477,2012,SEN-G,FL,SurveyUSA,595,2012-10-26,11,2012-11-06,8.0,13.0,-5.0,1
30541,1478,2012,SEN-G,HI,MRG Research,1218,2012-10-26,11,2012-11-06,15.0,25.2,-10.2,1
30413,1482,2012,SEN-G,MA,University of New Hampshire Survey Center,583,2012-10-26,11,2012-11-06,0.0,7.56,-7.56,1
30492,1489,2012,SEN-G,NV,SurveyUSA,1212,2012-10-26,11,2012-11-06,-6.0,-1.22,-4.78,0
30483,1494,2012,SEN-G,OH,Quinnipiac University,1110,2012-10-26,11,2012-11-06,9.0,6.0,3.0,1
30485,1495,2012,SEN-G,PA,Franklin & Marshall College,547,2012-10-26,11,2012-11-06,9.0,9.1,-0.1,1
30488,1496,2012,SEN-G,RI,Fleming & Associates,601,2012-10-26,11,2012-11-06,21.3,29.92,-8.62,1
30369,1501,2012,SEN-G,VA,Gravis Marketing/Kaplan Strategies,645,2012-10-26,11,2012-11-06,-2.0,5.92,-7.92,1
30484,1501,2012,SEN-G,VA,Quinnipiac University,1074,2012-10-26,11,2012-11-06,4.0,5.92,-1.92,1
30401,1477,2012,SEN-G,FL,Public Policy Polling,687,2012-10-27,10,2012-11-06,8.0,13.0,-5.0,1
30451,1477,2012,SEN-G,FL,Zogby Analytics,827,2012-10-27,10,2012-11-06,9.0,13.0,-4.0,1
30442,1479,2012,SEN-G,IN,Pharos Research Group,753,2012-10-27,10,2012-11-06,-1.0,5.76,-6.76,1
30445,1482,2012,SEN-G,MA,Suffolk University,600,2012-10-27,10,2012-11-06,7.0,7.56,-0.56,1
30473,1484,2012,SEN-G,MN,SurveyUSA,574,2012-10-27,10,2012-11-06,31.0,34.73,-3.73,1
30817,1487,2012,SEN-G,MT,Pharos Research Group,799,2012-10-27,10,2012-11-06,1.6,3.72,-2.12,1
30813,1488,2012,SEN-G,NE,Pharos Research Group,761,2012-10-27,10,2012-11-06,-2.7,-15.54,12.84,0
30465,1493,2012,SEN-G,ND,Mason-Dixon Polling & Strategy,625,2012-10-27,10,2012-11-06,-2.0,0.92,-2.92,1
30816,1493,2012,SEN-G,ND,Pharos Research Group,752,2012-10-27,10,2012-11-06,2.2,0.92,1.28,1
30400,1494,2012,SEN-G,OH,Gravis Marketing/Kaplan Strategies,730,2012-10-27,10,2012-11-06,1.0,6.0,-5.0,1
30815,1494,2012,SEN-G,OH,Pharos Research Group,765,2012-10-27,10,2012-11-06,6.6,6.0,0.6,1
30399,1494,2012,SEN-G,OH,Public Policy Polling,718,2012-10-27,10,2012-11-06,11.0,6.0,5.0,1
63685,1494,2012,SEN-G,OH,TCJ Research,1000,2012-10-27,10,2012-11-06,3.9,6.0,-2.1,1
63880,1501,2012,SEN-G,VA,Zogby Analytics,827,2012-10-27,10,2012-11-06,1.6,5.92,-4.32,1
30500,1504,2012,SEN-G,WI,Marquette University Law School,1243,2012-10-27,10,2012-11-06,4.0,5.56,-1.56,1
30554,1504,2012,SEN-G,WI,St. Norbert College Strategic Research Institute,402,2012-10-27,10,2012-11-06,-3.0,5.56,-8.56,1
63714,1504,2012,SEN-G,WI,TCJ Research,1000,2012-10-27,10,2012-11-06,-2.4,5.56,-7.96,1
73314,1475,2012,SEN-G,CT,Rasmussen Reports,500,2012-10-28,9,2012-11-06,6.0,11.75,-5.75,1
30506,1483,2012,SEN-G,MI,EPIC-MRA,600,2012-10-28,9,2012-11-06,21.0,20.82,0.18,1
30470,1483,2012,SEN-G,MI,Glengariff Group,600,2012-10-28,9,2012-11-06,14.9,20.82,-5.92,1
30812,1487,2012,SEN-G,MT,Garin-Hart-Yang Research Group,807,2012-10-28,9,2012-11-06,1.0,3.72,-2.72,1
30521,1488,2012,SEN-G,NE,Gravis Marketing/Kaplan Strategies,1168,2012-10-28,9,2012-11-06,-12.0,-15.54,3.54,0
30433,1489,2012,SEN-G,NV,Grove Insight,500,2012-10-28,9,2012-11-06,-1.0,-1.22,0.22,0
72983,1491,2012,SEN-G,NM,GBAO,600,2012-10-28,9,2012-11-06,10.0,5.73,4.27,1
30411,1494,2012,SEN-G,OH,Rasmussen Reports,750,2012-10-28,9,2012-11-06,2.0,6.0,-4.0,1
30460,1494,2012,SEN-G,OH,SurveyUSA,603,2012-10-28,9,2012-11-06,5.0,6.0,-1.0,1
30498,1494,2012,SEN-G,OH,University of Cincinnati (Ohio Poll),1182,2012-10-28,9,2012-11-06,5.0,6.0,-1.0,1
30641,1477,2012,SEN-G,FL,Rasmussen Reports,1000,2012-10-29,8,2012-11-06,4.0,13.0,-9.0,1
73054,1477,2012,SEN-G,FL,Zogby Analytics,825,2012-10-29,8,2012-11-06,6.6,13.0,-6.4,1
30821,1479,2012,SEN-G,IN,Global Strategy Group,600,2012-10-29,8,2012-11-06,8.0,5.76,2.24,1
30585,1479,2012,SEN-G,IN,Howey Politics/DePauw University,800,2012-10-29,8,2012-11-06,11.0,5.76,5.24,1
30650,1482,2012,SEN-G,MA,Western New England University Polling Institute,535,2012-10-29,8,2012-11-06,4.0,7.56,-3.56,1
30580,1487,2012,SEN-G,MT,Rasmussen Reports,500,2012-10-29,8,2012-11-06,1.0,3.72,-2.72,1
30673,1494,2012,SEN-G,OH,Columbus Dispatch,1501,2012-10-29,8,2012-11-06,6.0,6.0,0.0,1
30642,1494,2012,SEN-G,OH,Rasmussen Reports,1000,2012-10-29,8,2012-11-06,7.0,6.0,1.0,1
73060,1494,2012,SEN-G,OH,Zogby Analytics,826,2012-10-29,8,2012-11-06,6.3,6.0,0.3,1
30618,1499,2012,SEN-G,UT,Dan Jones & Associates,870,2012-10-29,8,2012-11-06,-37.0,-35.33,-1.67,0
73057,1501,2012,SEN-G,VA,Zogby Analytics,800,2012-10-29,8,2012-11-06,0.7,5.92,-5.22,1
30820,1504,2012,SEN-G,WI,Feldman Group,800,2012-10-29,8,2012-11-06,3.0,5.56,-2.56,1
30534,1504,2012,SEN-G,WI,Marist College,1065,2012-10-29,8,2012-11-06,1.0,5.56,-4.56,1
30644,1504,2012,SEN-G,WI,Rasmussen Reports,1000,2012-10-29,8,2012-11-06,-1.0,5.56,-6.56,1
30536,1504,2012,SEN-G,WI,Rasmussen Reports,750,2012-10-29,8,2012-11-06,0.0,5.56,-5.56,1
30499,1477,2012,SEN-G,FL,Gravis Marketing/Kaplan Strategies,549,2012-10-30,7,2012-11-06,3.0,13.0,-10.0,1
30519,1479,2012,SEN-G,IN,McLaughlin & Associates,600,2012-10-30,7,2012-11-06,-1.0,5.76,-6.76,1
30512,1486,2012,SEN-G,MO,We Ask America,1217,2012-10-30,7,2012-11-06,3.4,15.7,-12.3,1
51340,1487,2012,SEN-G,MT,Mason-Dixon Polling & Strategy,600,2012-10-30,7,2012-11-06,-4.0,3.72,-7.72,1
63678,1489,2012,SEN-G,NV,TCJ Research,1000,2012-10-30,7,2012-11-06,-2.1,-1.22,-0.88,0
30648,1495,2012,SEN-G,PA,Rasmussen Reports,1000,2012-10-30,7,2012-11-06,1.0,9.1,-8.1,1
30631,1495,2012,SEN-G,PA,Susquehanna Polling & Research Inc.,800,2012-10-30,7,2012-11-06,1.0,9.1,-8.1,1
30646,1501,2012,SEN-G,VA,Rasmussen Reports,1000,2012-10-30,7,2012-11-06,0.0,5.92,-5.92,1
30629,1477,2012,SEN-G,FL,Marist College,1545,2012-10-31,6,2012-11-06,9.0,13.0,-4.0,1
30625,1477,2012,SEN-G,FL,Mason-Dixon Polling & Strategy,800,2012-10-31,6,2012-11-06,6.0,13.0,-7.0,1
30669,1480,2012,SEN-G,ME,Digital Research,613,2012-10-31,6,2012-11-06,16.0,22.15,-6.15,1
30736,1486,2012,SEN-G,MO,SurveyUSA,589,2012-10-31,6,2012-11-06,15.0,15.7,-0.7,1
30671,1491,2012,SEN-G,NM,Public Opinion Strategies,500,2012-10-31,6,2012-11-06,0.0,5.73,-5.73,1
30557,1494,2012,SEN-G,OH,Clout Research,1281,2012-10-31,6,2012-11-06,-5.0,6.0,-11.0,1
63686,1494,2012,SEN-G,OH,TCJ Research,1000,2012-10-31,6,2012-11-06,1.6,6.0,-4.4,1
30593,1501,2012,SEN-G,VA,We Ask America,1069,2012-10-31,6,2012-11-06,-0.8,5.92,-6.72,1
30556,1504,2012,SEN-G,WI,Clout Research,1074,2012-10-31,6,2012-11-06,-2.0,5.56,-7.56,1
63715,1504,2012,SEN-G,WI,TCJ Research,1000,2012-10-31,6,2012-11-06,-3.1,5.56,-8.66,1
30592,1504,2012,SEN-G,WI,We Ask America,1210,2012-10-31,6,2012-11-06,2.2,5.56,-3.36,1
30601,1477,2012,SEN-G,FL,Ipsos,1152,2012-11-01,5,2012-11-06,13.0,13.0,0.0,1
30619,1479,2012,SEN-G,IN,McLaughlin & Associates,600,2012-11-01,5,2012-11-06,-2.0,5.76,-7.76,1
30611,1479,2012,SEN-G,IN,Rasmussen Reports,600,2012-11-01,5,2012-11-06,3.0,5.76,-2.76,1
30587,1482,2012,SEN-G,MA,Kimball Political Consulting,761,2012-11-01,5,2012-11-06,-2.0,7.56,-9.56,1
30581,1488,2012,SEN-G,NE,We Ask America,1178,2012-11-01,5,2012-11-06,-12.4,-15.54,3.14,0
30599,1494,2012,SEN-G,OH,Ipsos,1162.5,2012-11-01,5,2012-11-06,8.5,6.0,2.5,1
30627,1494,2012,SEN-G,OH,Marist College,971,2012-11-01,5,2012-11-06,5.0,6.0,-1.0,1
30588,1494,2012,SEN-G,OH,Rasmussen Reports,750,2012-11-01,5,2012-11-06,0.0,6.0,-6.0,1
30597,1501,2012,SEN-G,VA,Ipsos,1131,2012-11-01,5,2012-11-06,5.5,5.92,-0.42,1
30685,1473,2012,SEN-G,AZ,YouGov,702,2012-11-02,4,2012-11-06,-7.0,-3.03,-3.97,0
30703,1474,2012,SEN-G,CA,YouGov,1575,2012-11-02,4,2012-11-06,17.0,25.04,-8.04,1
30623,1475,2012,SEN-G,CT,Public Policy Polling,1220,2012-11-02,4,2012-11-06,9.0,11.75,-2.75,1
30702,1475,2012,SEN-G,CT,YouGov,895,2012-11-02,4,2012-11-06,2.0,11.75,-9.75,1
30773,1477,2012,SEN-G,FL,Angus Reid Global,525,2012-11-02,4,2012-11-06,8.0,13.0,-5.0,1
30711,1477,2012,SEN-G,FL,YouGov,1621,2012-11-02,4,2012-11-06,6.0,13.0,-7.0,1
30688,1479,2012,SEN-G,IN,YouGov,600,2012-11-02,4,2012-11-06,2.0,5.76,-3.76,1
30802,1480,2012,SEN-G,ME,Maine People's Resource Center,905,2012-11-02,4,2012-11-06,13.6,22.15,-8.55,1
30620,1480,2012,SEN-G,ME,Public Policy Polling,1633,2012-11-02,4,2012-11-06,14.0,22.15,-8.15,1
30699,1481,2012,SEN-G,MD,YouGov,705,2012-11-02,4,2012-11-06,23.0,29.68,-6.68,1
30624,1482,2012,SEN-G,MA,Public Policy Polling,1089,2012-11-02,4,2012-11-06,6.0,7.56,-1.56,1
30740,1482,2012,SEN-G,MA,University of Massachusetts Lowell Center for Public Opinion,800,2012-11-02,4,2012-11-06,-1.0,7.56,-8.56,1
30700,1482,2012,SEN-G,MA,YouGov,811,2012-11-02,4,2012-11-06,7.0,7.56,-0.56,1
30775,1483,2012,SEN-G,MI,Angus Reid Global,502,2012-11-02,4,2012-11-06,13.0,20.82,-7.82,1
30679,1483,2012,SEN-G,MI,Baydoun Consulting,1913,2012-11-02,4,2012-11-06,6.61,20.82,-14.21,1
30637,1483,2012,SEN-G,MI,Public Policy Polling,700,2012-11-02,4,2012-11-06,13.0,20.82,-7.82,1
30698,1483,2012,SEN-G,MI,YouGov,1091,2012-11-02,4,2012-11-06,12.0,20.82,-8.82,1
30735,1484,2012,SEN-G,MN,SurveyUSA,556,2012-11-02,4,2012-11-06,30.0,34.73,-4.73,1
30697,1484,2012,SEN-G,MN,YouGov,790,2012-11-02,4,2012-11-06,28.0,34.73,-6.73,1
30689,1486,2012,SEN-G,MO,YouGov,779,2012-11-02,4,2012-11-06,10.0,15.7,-5.7,1
30706,1489,2012,SEN-G,NV,YouGov,732,2012-11-02,4,2012-11-06,-9.0,-1.22,-7.78,0
30696,1490,2012,SEN-G,NJ,YouGov,987,2012-11-02,4,2012-11-06,15.0,19.5,-4.5,1
30695,1491,2012,SEN-G,NM,YouGov,650,2012-11-02,4,2012-11-06,7.0,5.73,1.27,1
30694,1492,2012,SEN-G,NY,YouGov,1430,2012-11-02,4,2012-11-06,32.0,45.84,-13.84,1
30777,1494,2012,SEN-G,OH,University of Cincinnati (Ohio Poll),901,2012-11-02,4,2012-11-06,3.8,6.0,-2.2,1
30705,1494,2012,SEN-G,OH,YouGov,1620,2012-11-02,4,2012-11-06,2.0,6.0,-4.0,1
30678,1495,2012,SEN-G,PA,Muhlenberg College,430,2012-11-02,4,2012-11-06,6.0,9.1,-3.1,1
30693,1495,2012,SEN-G,PA,YouGov,1273,2012-11-02,4,2012-11-06,8.0,9.1,-1.1,1
30690,1497,2012,SEN-G,TN,YouGov,697,2012-11-02,4,2012-11-06,-33.0,-34.48,1.48,0
30691,1498,2012,SEN-G,TX,YouGov,1563,2012-11-02,4,2012-11-06,-21.0,-15.84,-5.16,0
30746,1501,2012,SEN-G,VA,Marist College,1165,2012-11-02,4,2012-11-06,3.0,5.92,-2.92,1
30708,1501,2012,SEN-G,VA,YouGov,1497,2012-11-02,4,2012-11-06,0.0,5.92,-5.92,1
30662,1502,2012,SEN-G,WA,Public Policy Polling,932,2012-11-02,4,2012-11-06,18.0,20.9,-2.9,1
30692,1502,2012,SEN-G,WA,YouGov,837,2012-11-02,4,2012-11-06,18.0,20.9,-2.9,1
30753,1504,2012,SEN-G,WI,Angus Reid Global,454,2012-11-02,4,2012-11-06,2.0,5.56,-3.56,1
30704,1504,2012,SEN-G,WI,YouGov,1225,2012-11-02,4,2012-11-06,1.0,5.56,-4.56,1
30682,1473,2012,SEN-G,AZ,Public Policy Polling,1080,2012-11-03,3,2012-11-06,-5.0,-3.03,-1.97,0
63662,1475,2012,SEN-G,CT,TCJ Research,1000,2012-11-03,3,2012-11-06,4.3,11.75,-7.45,1
63667,1482,2012,SEN-G,MA,TCJ Research,1000,2012-11-03,3,2012-11-06,1.8,7.56,-5.76,1
73239,1484,2012,SEN-G,MN,Public Policy Polling,1164,2012-11-03,3,2012-11-06,30.0,34.73,-4.73,1
30683,1486,2012,SEN-G,MO,Public Policy Polling,835,2012-11-03,3,2012-11-06,4.0,15.7,-11.7,1
63671,1486,2012,SEN-G,MO,TCJ Research,1000,2012-11-03,3,2012-11-06,2.4,15.7,-13.3,1
30681,1487,2012,SEN-G,MT,Public Policy Polling,836,2012-11-03,3,2012-11-06,2.0,3.72,-1.72,1
63672,1487,2012,SEN-G,MT,TCJ Research,1000,2012-11-03,3,2012-11-06,-0.9,3.72,-4.62,1
63673,1488,2012,SEN-G,NE,TCJ Research,1000,2012-11-03,3,2012-11-06,-12.8,-15.54,2.74,0
30794,1494,2012,SEN-G,OH,Angus Reid Global,540,2012-11-03,3,2012-11-06,6.0,6.0,0.0,1
30761,1494,2012,SEN-G,OH,SurveyUSA,803,2012-11-03,3,2012-11-06,3.0,6.0,-3.0,1
63687,1494,2012,SEN-G,OH,TCJ Research,1000,2012-11-03,3,2012-11-06,1.3,6.0,-4.7,1
30774,1495,2012,SEN-G,PA,Angus Reid Global,507,2012-11-03,3,2012-11-06,7.0,9.1,-2.1,1
30665,1495,2012,SEN-G,PA,Public Policy Polling,790,2012-11-03,3,2012-11-06,8.0,9.1,-1.1,1
63712,1501,2012,SEN-G,VA,TCJ Research,1000,2012-11-03,3,2012-11-06,-2.4,5.92,-8.32,1
30666,1504,2012,SEN-G,WI,Public Policy Polling,1256,2012-11-03,3,2012-11-06,3.0,5.56,-2.56,1
63724,1504,2012,SEN-G,WI,TCJ Research,1000,2012-11-03,3,2012-11-06,-1.9,5.56,-7.46,1
30785,1477,2012,SEN-G,FL,Ipsos,769,2012-11-04,2,2012-11-06,15.0,13.0,2.0,1
30748,1477,2012,SEN-G,FL,Public Policy Polling,955,2012-11-04,2,2012-11-06,5.0,13.0,-8.0,1
30806,1477,2012,SEN-G,FL,Zogby Analytics,876,2012-11-04,2,2012-11-06,18.0,13.0,5.0,1
30795,1483,2012,SEN-G,MI,Mitchell Research & Communications,1305,2012-11-04,2,2012-11-06,14.0,20.82,-6.82,1
30755,1489,2012,SEN-G,NV,Public Policy Polling,750,2012-11-04,2,2012-11-06,-2.0,-1.22,-0.78,0
63681,1489,2012,SEN-G,NV,TCJ Research,1000,2012-11-04,2,2012-11-06,-5.1,-1.22,-3.88,0
30783,1494,2012,SEN-G,OH,Ipsos,680,2012-11-04,2,2012-11-06,9.0,6.0,3.0,1
30741,1494,2012,SEN-G,OH,Public Policy Polling,1000,2012-11-04,2,2012-11-06,10.0,6.0,4.0,1
30805,1494,2012,SEN-G,OH,Zogby Analytics,832,2012-11-04,2,2012-11-06,6.9,6.0,0.9,1
30781,1501,2012,SEN-G,VA,Ipsos,828,2012-11-04,2,2012-11-06,3.0,5.92,-2.92,1
30742,1501,2012,SEN-G,VA,Public Policy Polling,975,2012-11-04,2,2012-11-06,6.0,5.92,0.08,1
30791,1501,2012,SEN-G,VA,Rasmussen Reports,750,2012-11-04,2,2012-11-06,2.0,5.92,-3.92,1
77904,1501,2012,SEN-G,VA,Zogby Analytics,800,2012-11-04,2,2012-11-06,1.5,5.92,-4.42,1
63726,1472,2013,SEN-G,MA,Public Policy Polling,560,2013-06-04,21,2013-06-25,8.0,10.22,-2.22,1
63696,1472,2013,SEN-G,MA,McLaughlin & Associates,400,2013-06-05,20,2013-06-25,1.0,10.22,-9.22,1
63693,1472,2013,SEN-G,MA,MassINC Polling Group,500,2013-06-08,17,2013-06-25,7.0,10.22,-3.22,1
63812,1472,2013,SEN-G,MA,Suffolk University,500,2013-06-08,17,2013-06-25,7.0,10.22,-3.22,1
63633,1472,2013,SEN-G,MA,Harper Polling,498,2013-06-11,14,2013-06-25,12.0,10.22,1.78,1
63697,1472,2013,SEN-G,MA,McLaughlin & Associates,400,2013-06-11,14,2013-06-25,6.0,10.22,-4.22,1
63818,1472,2013,SEN-G,MA,University of New Hampshire Survey Center,508,2013-06-13,12,2013-06-25,13.0,10.22,2.78,1
63705,1472,2013,SEN-G,MA,OnMessage Inc.,600,2013-06-17,8,2013-06-25,7.0,10.22,-3.22,1
63816,1472,2013,SEN-G,MA,University of Massachusetts Lowell Center for Public Opinion,312,2013-06-17,8,2013-06-25,20.0,10.22,9.78,1
63698,1472,2013,SEN-G,MA,McLaughlin & Associates,1100,2013-06-18,7,2013-06-25,3.0,10.22,-7.22,1
41673,1472,2013,SEN-G,MA,Western New England University Polling Institute,566,2013-06-18,7,2013-06-25,8.0,10.22,-2.22,1
63625,1472,2013,SEN-G,MA,Emerson College,1422,2013-06-20,5,2013-06-25,10.0,10.22,-0.22,1
63813,1472,2013,SEN-G,MA,Suffolk University,500,2013-06-21,4,2013-06-25,10.0,10.22,-0.22,1
63701,1471,2013,SEN-G,NJ,Monmouth University,571,2013-09-28,18,2013-10-16,13.0,10.9,2.1,1
63629,1471,2013,SEN-G,NJ,Fairleigh Dickinson University,702,2013-10-03,13,2013-10-16,16.0,10.9,5.1,1
63727,1471,2013,SEN-G,NJ,Quinnipiac University,899,2013-10-06,10,2013-10-16,12.0,10.9,1.1,1
63808,1471,2013,SEN-G,NJ,Stockton University,729,2013-10-06,10,2013-10-16,11.0,10.9,0.1,1
63722,1471,2013,SEN-G,NJ,Rasmussen Reports,1000,2013-10-07,9,2013-10-16,12.0,10.9,1.1,1
63803,1471,2013,SEN-G,NJ,Rutgers University Eagleton Center for Public Interest Polling,513,2013-10-10,6,2013-10-16,22.0,10.9,11.1,1
63703,1471,2013,SEN-G,NJ,Monmouth University,1393,2013-10-11,5,2013-10-16,10.0,10.9,-0.9,1
63728,1471,2013,SEN-G,NJ,Quinnipiac University,1696,2013-10-12,4,2013-10-16,14.0,10.9,3.1,1
63634,1471,2013,SEN-G,NJ,Harper Polling,778,2013-10-14,2,2013-10-16,11.0,10.9,0.1,1
33749,17,2014,SEN-G,GA,GaPundit.com,1543,2014-10-14,21,2014-11-04,0.97,-7.68,8.65,0
33748,23,2014,SEN-G,CO,Mellman Group,800,2014-10-14,21,2014-11-04,2.5,-1.94,4.44,0
33746,25,2014,SEN-G,LA,Rasmussen Reports,965,2014-10-14,21,2014-11-04,3.0,1.11,1.89,1
33734,25,2014,SEN-G,LA,Vox Populi Polling,546,2014-10-14,21,2014-11-04,0.0,1.11,-1.11,1
33732,32,2014,SEN-G,AR,Rasmussen Reports,940,2014-10-14,21,2014-11-04,-3.0,-17.08,14.08,0
33782,6,2014,SEN-G,MN,SurveyUSA,597,2014-10-15,20,2014-11-04,15.0,10.24,4.76,1
33824,19,2014,SEN-G,TX,YouGov,866,2014-10-15,20,2014-11-04,-26.0,-27.2,1.2,0
34398,34,2014,SEN-G,HI,Ward Research,605,2014-10-15,20,2014-11-04,51.0,42.07,8.93,1
33820,8,2014,SEN-G,NH,New England College Polling Center,921,2014-10-16,19,2014-11-04,-0.4,3.26,-3.66,1
33805,10,2014,SEN-G,NJ,Fairleigh Dickinson University,525,2014-10-16,19,2014-11-04,16.0,13.51,2.49,1
33743,15,2014,SEN-G,KY,Rasmussen Reports,1000,2014-10-16,19,2014-11-04,-8.0,-15.47,7.47,0
33733,23,2014,SEN-G,CO,Benenson Strategy Group,600,2014-10-16,19,2014-11-04,3.0,-1.94,4.94,0
33813,23,2014,SEN-G,CO,Gravis Marketing/Kaplan Strategies,695,2014-10-16,19,2014-11-04,-5.0,-1.94,-3.06,0
33736,26,2014,SEN-G,IA,Public Policy Polling,714,2014-10-16,19,2014-11-04,1.0,-8.35,9.35,0
58866,26,2014,SEN-G,IA,Øptimus Analytics,2455,2014-10-16,19,2014-11-04,-0.6,-8.35,7.75,0
33772,32,2014,SEN-G,AR,Hendrix College,2075,2014-10-16,19,2014-11-04,-8.5,-17.08,8.58,0
34504,11,2014,SEN-G,SC,Susquehanna Polling & Research Inc.,917,2014-10-17,18,2014-11-04,-20.0,-15.55,-4.45,0
33808,14,2014,SEN-G,NC,Gravis Marketing/Kaplan Strategies,1022,2014-10-17,18,2014-11-04,-5.0,-1.56,-3.44,0
33778,14,2014,SEN-G,NC,National Research,600,2014-10-17,18,2014-11-04,-1.0,-1.56,0.56,0
33754,14,2014,SEN-G,NC,Public Policy Polling,780,2014-10-17,18,2014-11-04,3.0,-1.56,4.56,0
33775,15,2014,SEN-G,KY,SurveyUSA,655,2014-10-17,18,2014-11-04,-1.0,-15.47,14.47,0
33838,23,2014,SEN-G,CO,Ipsos,1099,2014-10-17,18,2014-11-04,-2.0,-1.94,-0.06,0
34450,25,2014,SEN-G,LA,Multi-Quest International,605,2014-10-17,18,2014-11-04,4.0,1.11,2.89,1
34504,36,2014,SEN-G,SC,Susquehanna Polling & Research Inc.,917,2014-10-17,18,2014-11-04,-27.0,-22.15,-4.85,0
33792,2,2014,SEN-G,MI,EPIC-MRA,600,2014-10-18,17,2014-11-04,11.0,13.28,-2.28,1
33837,8,2014,SEN-G,NH,Suffolk University,500,2014-10-18,17,2014-11-04,3.0,3.26,-0.26,1
33757,8,2014,SEN-G,NH,University of Massachusetts Lowell Center for Public Opinion,643,2014-10-18,17,2014-11-04,3.0,3.26,-0.26,1
34008,9,2014,SEN-G,ME,Pan Atlantic Research,400,2014-10-18,17,2014-11-04,-39.6,-36.98,-2.62,0
33766,9,2014,SEN-G,ME,University of New Hampshire Survey Center,667,2014-10-18,17,2014-11-04,-35.0,-36.98,1.98,0
33780,12,2014,SEN-G,AK,Hellenthal & Associates,403,2014-10-18,17,2014-11-04,9.65,-2.14,11.79,0
33801,14,2014,SEN-G,NC,SurveyUSA,568,2014-10-18,17,2014-11-04,3.0,-1.56,4.56,0
33841,20,2014,SEN-G,OR,SurveyUSA,561,2014-10-18,17,2014-11-04,21.0,18.94,2.06,1
33753,21,2014,SEN-G,KS,Monmouth University,429,2014-10-18,17,2014-11-04,0.0,10.62,-10.62,1
33784,23,2014,SEN-G,CO,Public Policy Polling,778,2014-10-18,17,2014-11-04,-3.0,-1.94,-1.06,0
33804,23,2014,SEN-G,CO,Quinnipiac University,974,2014-10-18,17,2014-11-04,-4.5,-1.94,-2.56,0
34495,25,2014,SEN-G,LA,University of New Orleans Survey Research Center,292,2014-10-18,17,2014-11-04,5.0,1.11,3.89,1
33829,26,2014,SEN-G,IA,Quinnipiac University,964,2014-10-18,17,2014-11-04,-2.0,-8.35,6.35,0
34255,34,2014,SEN-G,HI,MRG Research,1221,2014-10-18,17,2014-11-04,26.0,42.07,-16.07,1
33812,2,2014,SEN-G,MI,Mitchell Research & Communications,919,2014-10-19,16,2014-11-04,13.6,13.28,0.32,1
33756,4,2014,SEN-G,IL,APC Research,800,2014-10-19,16,2014-11-04,14.0,10.86,3.14,1
33774,15,2014,SEN-G,KY,Voter/Consumer Research,815,2014-10-19,16,2014-11-04,-8.0,-15.47,7.47,0
33781,17,2014,SEN-G,GA,SurveyUSA,606,2014-10-19,16,2014-11-04,2.0,-7.68,9.68,0
33799,22,2014,SEN-G,SD,Public Opinion Strategies,500,2014-10-19,16,2014-11-04,-24.0,-20.86,-3.14,0
33826,23,2014,SEN-G,CO,Monmouth University,431,2014-10-19,16,2014-11-04,-1.0,-1.94,0.94,0
73246,28,2014,SEN-G,TN,Public Policy Polling,595,2014-10-19,16,2014-11-04,-13.0,-30.0,17.0,0
33777,1,2014,SEN-G,NE,YouGov,681,2014-10-20,15,2014-11-04,-29.0,-32.88,3.88,0
33832,2,2014,SEN-G,MI,Clarity Campaign Labs,1032,2014-10-20,15,2014-11-04,15.0,13.28,1.72,1
33786,2,2014,SEN-G,MI,YouGov,2394,2014-10-20,15,2014-11-04,8.0,13.28,-5.28,1
33761,3,2014,SEN-G,NM,YouGov,962,2014-10-20,15,2014-11-04,16.0,11.12,4.88,1
33800,4,2014,SEN-G,IL,YouGov,3519,2014-10-20,15,2014-11-04,13.0,10.86,2.14,1
33833,5,2014,SEN-G,MT,YouGov,497,2014-10-20,15,2014-11-04,-18.0,-17.72,-0.28,0
33785,6,2014,SEN-G,MN,YouGov,2430,2014-10-20,15,2014-11-04,10.0,10.24,-0.24,1
33817,8,2014,SEN-G,NH,Big Village,645,2014-10-20,15,2014-11-04,2.0,3.26,-1.26,1
33803,8,2014,SEN-G,NH,YouGov,1042,2014-10-20,15,2014-11-04,5.0,3.26,1.74,1
33796,9,2014,SEN-G,ME,YouGov,1177,2014-10-20,15,2014-11-04,-19.0,-36.98,17.98,0
33816,10,2014,SEN-G,NJ,Stockton University,806,2014-10-20,15,2014-11-04,24.0,13.51,10.49,1
33759,10,2014,SEN-G,NJ,YouGov,1868,2014-10-20,15,2014-11-04,12.0,13.51,-1.51,1
33798,11,2014,SEN-G,SC,YouGov,1566,2014-10-20,15,2014-11-04,-15.0,-15.55,0.55,0
33771,12,2014,SEN-G,AK,Harstad Strategic Research,700,2014-10-20,15,2014-11-04,0.0,-2.14,2.14,0
33810,12,2014,SEN-G,AK,YouGov,561,2014-10-20,15,2014-11-04,-4.0,-2.14,-1.86,0
33789,13,2014,SEN-G,WY,YouGov,258,2014-10-20,15,2014-11-04,-40.0,-54.9,14.9,0
33795,14,2014,SEN-G,NC,YouGov,1910,2014-10-20,15,2014-11-04,3.0,-1.56,4.56,0
33807,15,2014,SEN-G,KY,YouGov,1502,2014-10-20,15,2014-11-04,-6.0,-15.47,9.47,0
33765,16,2014,SEN-G,VA,YouGov,1605,2014-10-20,15,2014-11-04,10.0,0.81,9.19,1
33797,17,2014,SEN-G,GA,Abt Associates,1170,2014-10-20,15,2014-11-04,-2.0,-7.68,5.68,0
33818,17,2014,SEN-G,GA,YouGov,1774,2014-10-20,15,2014-11-04,-3.0,-7.68,4.68,0
33822,18,2014,SEN-G,MS,YouGov,654,2014-10-20,15,2014-11-04,-22.0,-22.01,0.01,0
33806,19,2014,SEN-G,TX,YouGov,3987,2014-10-20,15,2014-11-04,-22.0,-27.2,5.2,0
33770,20,2014,SEN-G,OR,YouGov,1421,2014-10-20,15,2014-11-04,12.0,18.94,-6.94,1
33767,21,2014,SEN-G,KS,Marist College,757,2014-10-20,15,2014-11-04,-1.0,10.62,-11.62,1
33827,21,2014,SEN-G,KS,YouGov,1973,2014-10-20,15,2014-11-04,4.0,10.62,-6.62,1
33814,22,2014,SEN-G,SD,YouGov,527,2014-10-20,15,2014-11-04,-13.0,-20.86,7.86,0
33835,23,2014,SEN-G,CO,Marist College,755,2014-10-20,15,2014-11-04,-1.0,-1.94,0.94,0
33787,23,2014,SEN-G,CO,Suffolk University,500,2014-10-20,15,2014-11-04,-7.4,-1.94,-5.46,0
33809,23,2014,SEN-G,CO,YouGov,1567,2014-10-20,15,2014-11-04,1.0,-1.94,2.94,0
33823,24,2014,SEN-G,DE,YouGov,461,2014-10-20,15,2014-11-04,18.0,13.6,4.4,1
33758,25,2014,SEN-G,LA,YouGov,1316,2014-10-20,15,2014-11-04,0.5,1.11,-0.61,1
33794,26,2014,SEN-G,IA,Marist College,772,2014-10-20,15,2014-11-04,-3.0,-8.35,5.35,0
33788,26,2014,SEN-G,IA,Monmouth University,423,2014-10-20,15,2014-11-04,-1.0,-8.35,7.35,0
33768,26,2014,SEN-G,IA,YouGov,2322,2014-10-20,15,2014-11-04,0.0,-8.35,8.35,0
33836,27,2014,SEN-G,ID,YouGov,575,2014-10-20,15,2014-11-04,-31.0,-30.66,-0.34,0
33783,28,2014,SEN-G,TN,YouGov,974,2014-10-20,15,2014-11-04,-22.0,-30.0,8.0,0
33776,29,2014,SEN-G,OK,YouGov,995,2014-10-20,15,2014-11-04,-36.0,-39.46,3.46,0
33779,30,2014,SEN-G,WV,YouGov,877,2014-10-20,15,2014-11-04,-22.0,-27.66,5.66,0
33831,31,2014,SEN-G,MA,YouGov,2218,2014-10-20,15,2014-11-04,22.0,23.92,-1.92,1
33811,32,2014,SEN-G,AR,YouGov,1546,2014-10-20,15,2014-11-04,-5.0,-17.08,12.08,0
33790,33,2014,SEN-G,RI,YouGov,866,2014-10-20,15,2014-11-04,45.0,41.4,3.6,1
33802,34,2014,SEN-G,HI,YouGov,1002,2014-10-20,15,2014-11-04,52.0,42.07,9.93,1
33776,35,2014,SEN-G,OK,YouGov,995,2014-10-20,15,2014-11-04,-34.0,-38.87,4.87,0
33798,36,2014,SEN-G,SC,YouGov,1566,2014-10-20,15,2014-11-04,-29.0,-22.15,-6.85,0
33819,2,2014,SEN-G,MI,Public Policy Polling,723,2014-10-21,14,2014-11-04,14.0,13.28,0.72,1
34436,3,2014,SEN-G,NM,Vox Populi Polling,614,2014-10-21,14,2014-11-04,6.0,11.12,-5.12,1
33821,6,2014,SEN-G,MN,Mason-Dixon Polling & Strategy,800,2014-10-21,14,2014-11-04,9.0,10.24,-1.24,1
33762,8,2014,SEN-G,NH,American Research Group,600,2014-10-21,14,2014-11-04,1.0,3.26,-2.26,1
33839,8,2014,SEN-G,NH,Public Policy Polling,764,2014-10-21,14,2014-11-04,4.0,3.26,0.74,1
33828,14,2014,SEN-G,NC,Marist College,756,2014-10-21,14,2014-11-04,0.0,-1.56,1.56,0
33793,17,2014,SEN-G,GA,Big Village,565,2014-10-21,14,2014-11-04,3.5,-7.68,11.18,0
33815,17,2014,SEN-G,GA,Landmark Communications,1000,2014-10-21,14,2014-11-04,0.1,-7.68,7.78,0
33825,21,2014,SEN-G,KS,Gravis Marketing/Kaplan Strategies,1124,2014-10-21,14,2014-11-04,-2.0,10.62,-12.62,1
33834,21,2014,SEN-G,KS,Rasmussen Reports,960,2014-10-21,14,2014-11-04,-5.0,10.62,-15.62,1
33763,22,2014,SEN-G,SD,Marist College,730,2014-10-21,14,2014-11-04,-14.0,-20.86,6.86,0
34430,23,2014,SEN-G,CO,Harstad Strategic Research,1004,2014-10-21,14,2014-11-04,1.0,-1.94,2.94,0
34488,26,2014,SEN-G,IA,Gravis Marketing/Kaplan Strategies,964,2014-10-21,14,2014-11-04,-6.0,-8.35,2.35,0
33764,32,2014,SEN-G,AR,Marist College,621,2014-10-21,14,2014-11-04,-2.0,-17.08,15.08,0
33830,2,2014,SEN-G,MI,Rasmussen Reports,1000,2014-10-22,13,2014-11-04,9.0,13.28,-4.28,1
34098,3,2014,SEN-G,NM,Research & Polling Inc.,614,2014-10-22,13,2014-11-04,7.0,11.12,-4.12,1
33773,17,2014,SEN-G,GA,InsiderAdvantage,704,2014-10-22,13,2014-11-04,2.4,-7.68,10.08,0
34352,22,2014,SEN-G,SD,Mason-Dixon Polling & Strategy,800,2014-10-22,13,2014-11-04,-9.0,-20.86,11.86,0
33760,23,2014,SEN-G,CO,Keating Research,1005,2014-10-22,13,2014-11-04,1.0,-1.94,2.94,0
34355,23,2014,SEN-G,CO,Rasmussen Reports,966,2014-10-22,13,2014-11-04,-6.0,-1.94,-4.06,0
33989,2,2014,SEN-G,MI,Glengariff Group,600,2014-10-23,12,2014-11-04,15.1,13.28,1.82,1
34425,14,2014,SEN-G,NC,Elon University,687,2014-10-23,12,2014-11-04,4.0,-1.56,5.56,0
34440,14,2014,SEN-G,NC,SurveyUSA,802,2014-10-23,12,2014-11-04,0.0,-1.56,1.56,0
34409,16,2014,SEN-G,VA,Roanoke College Institute for Policy and Opinion Research,598.5,2014-10-23,12,2014-11-04,11.0,0.81,10.19,1
34353,23,2014,SEN-G,CO,Strategies 360,760,2014-10-23,12,2014-11-04,1.0,-1.94,2.94,0
34418,25,2014,SEN-G,LA,Rasmussen Reports,988,2014-10-23,12,2014-11-04,7.0,1.11,5.89,1
34091,26,2014,SEN-G,IA,Loras College Public Opinion Survey Center,1121,2014-10-23,12,2014-11-04,1.1,-8.35,9.45,0
58867,26,2014,SEN-G,IA,Øptimus Analytics,2755,2014-10-23,12,2014-11-04,-3.1,-8.35,5.25,0
34429,5,2014,SEN-G,MT,Gravis Marketing/Kaplan Strategies,604,2014-10-24,11,2014-11-04,-14.0,-17.72,3.72,0
33966,8,2014,SEN-G,NH,New England College Polling Center,1132,2014-10-24,11,2014-11-04,-1.5,3.26,-4.76,1
34347,8,2014,SEN-G,NH,University of New Hampshire Survey Center,555,2014-10-24,11,2014-11-04,8.0,3.26,4.74,1
34191,17,2014,SEN-G,GA,Public Policy Polling,771,2014-10-24,11,2014-11-04,0.0,-7.68,7.68,0
34308,21,2014,SEN-G,KS,SurveyUSA,623,2014-10-24,11,2014-11-04,-2.0,10.62,-12.62,1
34427,22,2014,SEN-G,SD,Rasmussen Reports,908,2014-10-24,11,2014-11-04,-14.0,-20.86,6.86,0
34391,22,2014,SEN-G,SD,SurveyUSA,611,2014-10-24,11,2014-11-04,-11.0,-20.86,9.86,0
34510,28,2014,SEN-G,TN,Middle Tennessee State University,558,2014-10-24,11,2014-11-04,-18.0,-30.0,12.0,0
34318,31,2014,SEN-G,MA,MassINC Polling Group,494,2014-10-24,11,2014-11-04,25.0,23.92,1.08,1
34376,31,2014,SEN-G,MA,YouGov,591,2014-10-24,11,2014-11-04,16.0,23.92,-7.92,1
34320,32,2014,SEN-G,AR,University of Arkansas Department of Political Science,568,2014-10-24,11,2014-11-04,-13.0,-17.08,4.08,0
34435,12,2014,SEN-G,AK,Alaska Survey Research,437,2014-10-25,10,2014-11-04,7.3,-2.14,9.44,0
34404,14,2014,SEN-G,NC,Monmouth University,432,2014-10-25,10,2014-11-04,2.0,-1.56,3.56,0
34312,20,2014,SEN-G,OR,SurveyUSA,552,2014-10-25,10,2014-11-04,21.0,18.94,2.06,1
34374,23,2014,SEN-G,CO,Quinnipiac University,844,2014-10-25,10,2014-11-04,-7.5,-1.94,-5.56,0
34420,25,2014,SEN-G,LA,Suffolk University,500,2014-10-25,10,2014-11-04,1.6,1.11,0.49,1
34363,26,2014,SEN-G,IA,Quinnipiac University,817,2014-10-25,10,2014-11-04,-4.0,-8.35,4.35,0
34322,9,2014,SEN-G,ME,Ipsos,488,2014-10-26,9,2014-11-04,-32.0,-36.98,4.98,0
34441,15,2014,SEN-G,KY,Public Opinion Strategies,600,2014-10-26,9,2014-11-04,-7.0,-15.47,8.47,0
34401,16,2014,SEN-G,VA,Christopher Newport University Wason Center for Civic Leadership,634,2014-10-26,9,2014-11-04,7.0,0.81,6.19,1
34335,17,2014,SEN-G,GA,Rasmussen Reports,788.5,2014-10-26,9,2014-11-04,0.0,-7.68,7.68,0
34060,17,2014,SEN-G,GA,SurveyUSA,611,2014-10-26,9,2014-11-04,-3.0,-7.68,4.68,0
34244,22,2014,SEN-G,SD,Monmouth University,429,2014-10-26,9,2014-11-04,-11.0,-20.86,9.86,0
34419,26,2014,SEN-G,IA,Garin-Hart-Yang Research Group,802,2014-10-26,9,2014-11-04,0.0,-8.35,8.35,0
34388,26,2014,SEN-G,IA,Ipsos,1129,2014-10-26,9,2014-11-04,0.0,-8.35,8.35,0
34356,31,2014,SEN-G,MA,Western New England University Polling Institute,430,2014-10-26,9,2014-11-04,20.0,23.92,-3.92,1
34044,32,2014,SEN-G,AR,Opinion Research Associates,401,2014-10-26,9,2014-11-04,1.0,-17.08,18.08,0
34354,2,2014,SEN-G,MI,EPIC-MRA,600,2014-10-27,8,2014-11-04,15.0,13.28,1.72,1
34372,2,2014,SEN-G,MI,Mitchell Research & Communications,1159,2014-10-27,8,2014-11-04,14.1,13.28,0.82,1
34411,12,2014,SEN-G,AK,Moore Information Group,500,2014-10-27,8,2014-11-04,-4.0,-2.14,-1.86,0
34437,14,2014,SEN-G,NC,Public Opinion Strategies,600,2014-10-27,8,2014-11-04,0.0,-1.56,1.56,0
34433,14,2014,SEN-G,NC,Vox Populi Polling,615,2014-10-27,8,2014-11-04,-5.0,-1.56,-3.44,0
34444,15,2014,SEN-G,KY,SurveyUSA,597,2014-10-27,8,2014-11-04,-5.0,-15.47,10.47,0
34364,17,2014,SEN-G,GA,Monmouth University,436,2014-10-27,8,2014-11-04,-8.0,-7.68,-0.32,0
34342,20,2014,SEN-G,OR,Elway Research,400,2014-10-27,8,2014-11-04,19.0,18.94,0.06,1
34381,23,2014,SEN-G,CO,Vox Populi Polling,642,2014-10-27,8,2014-11-04,-3.0,-1.94,-1.06,0
34397,29,2014,SEN-G,OK,SoonerPoll.com,949,2014-10-27,8,2014-11-04,-34.9,-39.46,4.56,0
34397,35,2014,SEN-G,OK,SoonerPoll.com,949,2014-10-27,8,2014-11-04,-31.3,-38.87,7.57,0
34512,4,2014,SEN-G,IL,McKeon & Associates,823,2014-10-28,7,2014-11-04,10.0,10.86,-0.86,1
34333,8,2014,SEN-G,NH,American Research Group,600,2014-10-28,7,2014-11-04,0.0,3.26,-3.26,1
34417,8,2014,SEN-G,NH,Vox Populi Polling,544,2014-10-28,7,2014-11-04,-4.0,3.26,-7.26,1
34405,14,2014,SEN-G,NC,YouGov,1727,2014-10-28,7,2014-11-04,2.0,-1.56,3.56,0
34507,16,2014,SEN-G,VA,Vox Populi Polling,734,2014-10-28,7,2014-11-04,4.0,0.81,3.19,1
34484,17,2014,SEN-G,GA,Vox Populi Polling,602,2014-10-28,7,2014-11-04,-5.0,-7.68,2.68,0
34361,17,2014,SEN-G,GA,YouGov,1743,2014-10-28,7,2014-11-04,-1.5,-7.68,6.18,0
34367,21,2014,SEN-G,KS,YouGov,1137,2014-10-28,7,2014-11-04,1.3,10.62,-9.32,1
34351,23,2014,SEN-G,CO,SurveyUSA,618,2014-10-28,7,2014-11-04,-2.0,-1.94,-0.06,0
34338,23,2014,SEN-G,CO,YouGov,1417,2014-10-28,7,2014-11-04,-0.8,-1.94,1.14,0
34337,26,2014,SEN-G,IA,YouGov,1112,2014-10-28,7,2014-11-04,1.0,-8.35,9.35,0
34330,31,2014,SEN-G,MA,Suffolk University,500,2014-10-28,7,2014-11-04,15.0,23.92,-8.92,1
34415,32,2014,SEN-G,AR,Rasmussen Reports,967,2014-10-28,7,2014-11-04,-7.0,-17.08,10.08,0
34386,6,2014,SEN-G,MN,SurveyUSA,597,2014-10-29,6,2014-11-04,11.0,10.24,0.76,1
34321,12,2014,SEN-G,AK,Rasmussen Reports,887,2014-10-29,6,2014-11-04,-5.0,-2.14,-2.86,0
34414,14,2014,SEN-G,NC,Beacon Research/Shaw & Co. Research,909,2014-10-29,6,2014-11-04,1.0,-1.56,2.56,0
34402,14,2014,SEN-G,NC,Big Village,559,2014-10-29,6,2014-11-04,2.0,-1.56,3.56,0
34412,14,2014,SEN-G,NC,Harper Polling,511,2014-10-29,6,2014-11-04,-2.5,-1.56,-0.94,0
34442,14,2014,SEN-G,NC,Public Policy Polling,657,2014-10-29,6,2014-11-04,1.0,-1.56,2.56,0
34406,14,2014,SEN-G,NC,Rasmussen Reports,982,2014-10-29,6,2014-11-04,1.0,-1.56,2.56,0
34422,15,2014,SEN-G,KY,Marist College,556,2014-10-29,6,2014-11-04,-9.0,-15.47,6.47,0
34378,17,2014,SEN-G,GA,Landmark Communications,1500,2014-10-29,6,2014-11-04,-0.8,-7.68,6.88,0
34327,17,2014,SEN-G,GA,Marist College,603,2014-10-29,6,2014-11-04,-3.5,-7.68,4.18,0
34369,21,2014,SEN-G,KS,Beacon Research/Shaw & Co. Research,907,2014-10-29,6,2014-11-04,-1.0,10.62,-11.62,1
34348,23,2014,SEN-G,CO,Public Policy Polling,573,2014-10-29,6,2014-11-04,0.0,-1.94,1.94,0
34428,25,2014,SEN-G,LA,Marist College,630,2014-10-29,6,2014-11-04,8.0,1.11,6.89,1
34314,26,2014,SEN-G,IA,Beacon Research/Shaw & Co. Research,911,2014-10-29,6,2014-11-04,-1.0,-8.35,7.35,0
34447,26,2014,SEN-G,IA,Big Village,647,2014-10-29,6,2014-11-04,-2.0,-8.35,6.35,0
34365,26,2014,SEN-G,IA,Rasmussen Reports,990,2014-10-29,6,2014-11-04,-1.0,-8.35,7.35,0
34393,8,2014,SEN-G,NH,Rasmussen Reports,940,2014-10-30,5,2014-11-04,7.0,3.26,3.74,1
34514,14,2014,SEN-G,NC,Gravis Marketing/Kaplan Strategies,1006,2014-10-30,5,2014-11-04,-1.0,-1.56,0.56,0
34416,14,2014,SEN-G,NC,National Research,600,2014-10-30,5,2014-11-04,1.0,-1.56,2.56,0
62497,16,2014,SEN-G,VA,Public Policy Polling,937,2014-10-30,5,2014-11-04,9.0,0.81,8.19,1
34392,26,2014,SEN-G,IA,Selzer & Co.,708,2014-10-30,5,2014-11-04,-7.0,-8.35,1.35,0
58868,26,2014,SEN-G,IA,Øptimus Analytics,2421,2014-10-30,5,2014-11-04,-2.9,-8.35,5.45,0
34501,8,2014,SEN-G,NH,Public Policy Polling,679,2014-10-31,4,2014-11-04,2.0,3.26,-1.26,1
34423,8,2014,SEN-G,NH,University of New Hampshire Survey Center,757,2014-10-31,4,2014-11-04,2.0,3.26,-1.26,1
34479,14,2014,SEN-G,NC,Public Policy Polling,738,2014-10-31,4,2014-11-04,1.0,-1.56,2.56,0
34407,15,2014,SEN-G,KY,Public Policy Polling,1503,2014-10-31,4,2014-11-04,-8.5,-15.47,6.97,0
34485,17,2014,SEN-G,GA,Public Policy Polling,533,2014-10-31,4,2014-11-04,0.0,-7.68,7.68,0
34492,21,2014,SEN-G,KS,Public Policy Polling,752,2014-10-31,4,2014-11-04,1.0,10.62,-9.62,1
34370,23,2014,SEN-G,CO,Quinnipiac University,815,2014-10-31,4,2014-11-04,-1.5,-1.94,0.44,0
34448,25,2014,SEN-G,LA,Public Policy Polling,1003,2014-10-31,4,2014-11-04,3.5,1.11,2.39,1
34513,26,2014,SEN-G,IA,Public Policy Polling,617,2014-10-31,4,2014-11-04,-1.0,-8.35,7.35,0
34336,26,2014,SEN-G,IA,Quinnipiac University,778,2014-10-31,4,2014-11-04,0.0,-8.35,8.35,0
34332,31,2014,SEN-G,MA,Public Policy Polling,887,2014-10-31,4,2014-11-04,14.0,23.92,-9.92,1
62482,32,2014,SEN-G,AR,Opinion Research Associates,400,2014-10-31,4,2014-11-04,2.0,-17.08,19.08,0
34310,32,2014,SEN-G,AR,Public Policy Polling,1092,2014-10-31,4,2014-11-04,-7.0,-17.08,10.08,0
34377,8,2014,SEN-G,NH,New England College Polling Center,1526,2014-11-01,3,2014-11-04,-0.5,3.26,-3.76,1
34383,9,2014,SEN-G,ME,Maine People's Resource Center,906,2014-11-01,3,2014-11-04,-20.1,-36.98,16.88,0
34410,10,2014,SEN-G,NJ,Monmouth University,750,2014-11-01,3,2014-11-04,14.0,13.51,0.49,1
34390,17,2014,SEN-G,GA,InsiderAdvantage,1463,2014-11-01,3,2014-11-04,-3.0,-7.68,4.68,0
34359,17,2014,SEN-G,GA,SurveyUSA,591,2014-11-01,3,2014-11-04,-3.0,-7.68,4.68,0
34494,25,2014,SEN-G,LA,ccAdvertising,381,2014-11-01,3,2014-11-04,-12.0,1.11,-13.11,1
34317,2,2014,SEN-G,MI,Mitchell Research & Communications,1224,2014-11-02,2,2014-11-04,12.0,13.28,-1.28,1
34328,2,2014,SEN-G,MI,Public Policy Polling,914,2014-11-02,2,2014-11-04,13.0,13.28,-0.28,1
34395,4,2014,SEN-G,IL,Public Policy Polling,1064,2014-11-02,2,2014-11-04,9.0,10.86,-1.86,1
34345,8,2014,SEN-G,NH,Public Policy Polling,1690,2014-11-02,2,2014-11-04,2.0,3.26,-1.26,1
34324,12,2014,SEN-G,AK,Public Policy Polling,1052,2014-11-02,2,2014-11-04,-1.0,-2.14,1.14,0
34421,14,2014,SEN-G,NC,Public Policy Polling,1333,2014-11-02,2,2014-11-04,2.0,-1.56,3.56,0
34389,17,2014,SEN-G,GA,Landmark Communications,1500,2014-11-02,2,2014-11-04,-4.2,-7.68,3.48,0
34329,17,2014,SEN-G,GA,Public Policy Polling,975,2014-11-02,2,2014-11-04,-0.5,-7.68,7.18,0
34368,21,2014,SEN-G,KS,Public Policy Polling,963,2014-11-02,2,2014-11-04,-1.5,10.62,-12.12,1
34385,23,2014,SEN-G,CO,Public Policy Polling,739,2014-11-02,2,2014-11-04,-3.0,-1.94,-1.06,0
34306,26,2014,SEN-G,IA,Public Policy Polling,1265,2014-11-02,2,2014-11-04,-3.0,-8.35,5.35,0
34473,1470,2014,SEN-G,LA,Vox Populi Polling,761,2014-11-17,19,2014-12-06,-11.0,-11.86,0.86,0
34472,1470,2014,SEN-G,LA,Rasmussen Reports,1000,2014-11-18,18,2014-12-06,-15.0,-11.86,-3.14,0
34471,1470,2014,SEN-G,LA,JMC Analytics,754,2014-11-20,16,2014-12-06,-15.0,-11.86,-3.14,0
34469,1470,2014,SEN-G,LA,WPA Intelligence,500,2014-11-25,11,2014-12-06,-24.0,-11.86,-12.14,0
34470,1470,2014,SEN-G,LA,Rasmussen Reports,1000,2014-12-03,3,2014-12-06,-16.0,-11.86,-4.14,0
47252,62,2016,SEN-G,NC,Lucid,924,2016-10-18,21,2016-11-08,-2.0,-5.69,3.69,0
47094,67,2016,SEN-G,OH,Suffolk University,500,2016-10-18,21,2016-11-08,-15.0,-20.87,5.87,0
47081,70,2016,SEN-G,MO,Emerson College,600,2016-10-18,21,2016-11-08,0.4,-2.79,3.19,0
47079,85,2016,SEN-G,NH,Emerson College,900,2016-10-18,21,2016-11-08,-0.1,0.14,-0.24,1
47080,86,2016,SEN-G,PA,Emerson College,800,2016-10-18,21,2016-11-08,-3.2,-1.43,-1.77,0
47251,88,2016,SEN-G,GA,Lucid,807,2016-10-18,21,2016-11-08,-10.0,-13.75,3.75,0
48124,90,2016,SEN-G,LA,Lucid,614,2016-10-18,21,2016-11-08,-1.0,-7.49,6.49,0
50614,90,2016,SEN-G,LA,Market Research Insight,600,2016-10-18,21,2016-11-08,-3.0,-7.49,4.49,0
47155,90,2016,SEN-G,LA,Mason-Dixon Polling & Strategy,625,2016-10-18,21,2016-11-08,-5.3,-7.49,2.19,0
47768,90,2016,SEN-G,LA,University of New Orleans Survey Research Center,603,2016-10-18,21,2016-11-08,-7.0,-7.49,0.49,0
47177,93,2016,SEN-G,FL,Cherry Communications,507,2016-10-18,21,2016-11-08,-14.0,-7.67,-6.33,0
47250,93,2016,SEN-G,FL,Lucid,892,2016-10-18,21,2016-11-08,-1.0,-7.67,6.67,0
47178,68,2016,SEN-G,AL,Google Consumer Surveys,474,2016-10-19,20,2016-11-08,-45.0,-28.14,-16.86,0
47463,71,2016,SEN-G,WI,McLaughlin & Associates,600,2016-10-19,20,2016-11-08,2.0,-3.37,5.37,0
47087,71,2016,SEN-G,WI,Public Policy Polling,804,2016-10-19,20,2016-11-08,6.0,-3.37,9.37,0
47464,71,2016,SEN-G,WI,WPA Intelligence,400,2016-10-19,20,2016-11-08,3.0,-3.37,6.37,0
47343,79,2016,SEN-G,SD,Mason-Dixon Polling & Strategy,400,2016-10-19,20,2016-11-08,-38.0,-43.66,5.66,0
47326,85,2016,SEN-G,NH,YouGov,772,2016-10-19,20,2016-11-08,-4.0,0.14,-4.14,1
47158,88,2016,SEN-G,GA,Abt Associates,839,2016-10-19,20,2016-11-08,-15.0,-13.75,-1.25,0
47179,88,2016,SEN-G,GA,Google Consumer Surveys,439,2016-10-19,20,2016-11-08,-22.0,-13.75,-8.25,0
47545,89,2016,SEN-G,CA,Public Policy Institute of California,1024,2016-10-19,20,2016-11-08,22.0,23.2,-1.2,1
47180,93,2016,SEN-G,FL,Google Consumer Surveys,500,2016-10-19,20,2016-11-08,-19.0,-7.67,-11.33,0
47462,93,2016,SEN-G,FL,The Tyson Group,1000,2016-10-19,20,2016-11-08,-5.0,-7.67,2.67,0
47346,79,2016,SEN-G,SD,Remington Research Group,1115,2016-10-20,19,2016-11-08,-21.0,-43.66,22.66,0
47167,88,2016,SEN-G,GA,InsiderAdvantage,570,2016-10-20,19,2016-11-08,-9.4,-13.75,4.35,0
47531,90,2016,SEN-G,LA,Southern Media & Opinion Research,500,2016-10-20,19,2016-11-08,-6.0,-7.49,1.49,0
47166,93,2016,SEN-G,FL,InsiderAdvantage,538,2016-10-20,19,2016-11-08,0.0,-7.67,7.67,0
47352,62,2016,SEN-G,NC,Rasmussen Reports,875,2016-10-21,18,2016-11-08,-2.0,-5.69,3.69,0
47317,63,2016,SEN-G,NV,Rasmussen Reports,826,2016-10-21,18,2016-11-08,2.0,2.53,-0.53,1
47353,67,2016,SEN-G,OH,Rasmussen Reports,875,2016-10-21,18,2016-11-08,-8.0,-20.87,12.87,0
47316,72,2016,SEN-G,WA,Elway Research,502,2016-10-21,18,2016-11-08,24.0,18.02,5.98,1
48106,74,2016,SEN-G,CO,University of Colorado Boulder American Politics Research Lab,1004,2016-10-21,18,2016-11-08,14.0,5.66,8.34,1
47338,75,2016,SEN-G,VT,Braun Research,603,2016-10-21,18,2016-11-08,37.0,28.26,8.74,1
47322,83,2016,SEN-G,AR,Hendrix College,463,2016-10-21,18,2016-11-08,-18.0,-23.62,5.62,0
47354,86,2016,SEN-G,PA,Rasmussen Reports,875,2016-10-21,18,2016-11-08,3.0,-1.43,4.43,0
47351,93,2016,SEN-G,FL,Rasmussen Reports,875,2016-10-21,18,2016-11-08,-7.0,-7.67,0.67,0
47236,93,2016,SEN-G,FL,YouGov,1042,2016-10-21,18,2016-11-08,-2.0,-7.67,5.67,0
47254,62,2016,SEN-G,NC,Monmouth University,402,2016-10-22,17,2016-11-08,-6.0,-5.69,-0.31,0
47248,62,2016,SEN-G,NC,Public Policy Polling,875,2016-10-22,17,2016-11-08,-1.0,-5.69,4.69,0
47325,62,2016,SEN-G,NC,The New York Times/Siena College,792,2016-10-22,17,2016-11-08,1.0,-5.69,6.69,0
47318,63,2016,SEN-G,NV,Bendixen & Amandi International,800,2016-10-22,17,2016-11-08,1.0,2.53,-1.53,1
47540,63,2016,SEN-G,NV,Marist College,707,2016-10-22,17,2016-11-08,-7.0,2.53,-9.53,1
47339,80,2016,SEN-G,ID,Emerson College,1023,2016-10-22,17,2016-11-08,-33.0,-38.4,5.4,0
48093,83,2016,SEN-G,AR,University of Arkansas Department of Political Science,585,2016-10-22,17,2016-11-08,-17.8,-23.62,5.82,0
47539,85,2016,SEN-G,NH,Marist College,768,2016-10-22,17,2016-11-08,-1.0,0.14,-1.14,1
47524,93,2016,SEN-G,FL,Florida Atlantic University,500,2016-10-22,17,2016-11-08,-3.5,-7.67,4.17,0
47465,93,2016,SEN-G,FL,SurveyUSA,1251,2016-10-22,17,2016-11-08,-4.0,-7.67,3.67,0
47619,62,2016,SEN-G,NC,Quinnipiac University,702,2016-10-23,16,2016-11-08,-1.0,-5.69,4.69,0
47342,78,2016,SEN-G,IN,Gravis Marketing/Kaplan Strategies,596,2016-10-23,16,2016-11-08,2.0,-9.7,11.7,0
47708,86,2016,SEN-G,PA,Muhlenberg College,420,2016-10-23,16,2016-11-08,0.0,-1.43,1.43,0
47340,87,2016,SEN-G,AZ,Monmouth University,401,2016-10-23,16,2016-11-08,-10.0,-12.96,2.96,0
47617,88,2016,SEN-G,GA,Quinnipiac University,707,2016-10-23,16,2016-11-08,-14.0,-13.75,-0.25,0
47618,92,2016,SEN-G,IA,Quinnipiac University,791,2016-10-23,16,2016-11-08,-18.0,-24.47,6.47,0
47469,93,2016,SEN-G,FL,Selzer & Co.,805,2016-10-23,16,2016-11-08,-10.0,-7.67,-2.33,0
47549,93,2016,SEN-G,FL,University of North Florida Public Opinion Research Lab,836,2016-10-23,16,2016-11-08,-6.0,-7.67,1.67,0
47525,73,2016,SEN-G,UT,Rasmussen Reports,750,2016-10-24,15,2016-11-08,-30.0,-41.09,11.09,0
47652,85,2016,SEN-G,NH,Emerson College,600,2016-10-24,15,2016-11-08,-6.0,0.14,-6.14,1
47528,85,2016,SEN-G,NH,Monmouth University,401,2016-10-24,15,2016-11-08,0.0,0.14,-0.14,1
47551,86,2016,SEN-G,PA,The New York Times/Siena College,824,2016-10-24,15,2016-11-08,3.0,-1.43,4.43,0
47639,93,2016,SEN-G,FL,Saint Leo University Polling Institute,1028,2016-10-24,15,2016-11-08,-4.9,-7.67,2.77,0
47937,62,2016,SEN-G,NC,Elon University,710,2016-10-25,14,2016-11-08,-3.6,-5.69,2.09,0
47655,63,2016,SEN-G,NV,Gravis Marketing/Kaplan Strategies,875,2016-10-25,14,2016-11-08,6.0,2.53,3.47,1
47629,70,2016,SEN-G,MO,Mason-Dixon Polling & Strategy,625,2016-10-25,14,2016-11-08,-1.0,-2.79,1.79,0
47873,79,2016,SEN-G,SD,Nielson Brothers Polling,600,2016-10-25,14,2016-11-08,-19.0,-43.66,24.66,0
47766,62,2016,SEN-G,NC,Gravis Marketing/Kaplan Strategies,1273,2016-10-26,13,2016-11-08,3.0,-5.69,8.69,0
47775,62,2016,SEN-G,NC,Marist College,780,2016-10-26,13,2016-11-08,0.0,-5.69,5.69,0
47649,62,2016,SEN-G,NC,Rasmussen Reports,525,2016-10-26,13,2016-11-08,-5.0,-5.69,0.69,0
47647,63,2016,SEN-G,NV,Rasmussen Reports,525,2016-10-26,13,2016-11-08,1.0,2.53,-1.53,1
47650,67,2016,SEN-G,OH,Rasmussen Reports,525,2016-10-26,13,2016-11-08,-7.0,-20.87,13.87,0
47648,85,2016,SEN-G,NH,Rasmussen Reports,525,2016-10-26,13,2016-11-08,3.0,0.14,2.86,1
47654,86,2016,SEN-G,PA,Emerson College,550,2016-10-26,13,2016-11-08,2.0,-1.43,3.43,0
47651,86,2016,SEN-G,PA,Rasmussen Reports,525,2016-10-26,13,2016-11-08,6.0,-1.43,7.43,0
48321,89,2016,SEN-G,CA,Greenberg Quinlan Rosner/American Viewpoint,1382,2016-10-26,13,2016-11-08,17.0,23.2,-6.2,1
47621,93,2016,SEN-G,FL,Dixie Strategies,698,2016-10-26,13,2016-11-08,-5.6,-7.67,2.07,0
47767,93,2016,SEN-G,FL,Gravis Marketing/Kaplan Strategies,1301,2016-10-26,13,2016-11-08,0.0,-7.67,7.67,0
47776,93,2016,SEN-G,FL,Marist College,779,2016-10-26,13,2016-11-08,-8.0,-7.67,-0.33,0
47637,93,2016,SEN-G,FL,Public Policy Polling,742,2016-10-26,13,2016-11-08,0.0,-7.67,7.67,0
47646,93,2016,SEN-G,FL,Rasmussen Reports,525,2016-10-26,13,2016-11-08,-7.0,-7.67,0.67,0
47771,93,2016,SEN-G,FL,The New York Times/Siena College,815,2016-10-26,13,2016-11-08,-9.0,-7.67,-1.33,0
47759,62,2016,SEN-G,NC,Emerson College,650,2016-10-27,12,2016-11-08,-4.0,-5.69,1.69,0
47779,62,2016,SEN-G,NC,YouGov,992,2016-10-27,12,2016-11-08,0.0,-5.69,5.69,0
47760,63,2016,SEN-G,NV,Emerson College,550,2016-10-27,12,2016-11-08,-4.0,2.53,-6.53,1
47757,67,2016,SEN-G,OH,Emerson College,800,2016-10-27,12,2016-11-08,-14.0,-20.87,6.87,0
47780,74,2016,SEN-G,CO,YouGov,997,2016-10-27,12,2016-11-08,5.0,5.66,-0.66,1
47792,81,2016,SEN-G,KY,Cygnal,811,2016-10-27,12,2016-11-08,-9.7,-14.55,4.85,0
48192,81,2016,SEN-G,KY,Google Consumer Surveys,1016,2016-10-27,12,2016-11-08,-6.6,-14.55,7.95,0
48000,84,2016,SEN-G,IL,Loras College Public Opinion Survey Center,600,2016-10-27,12,2016-11-08,8.0,15.08,-7.08,1
47793,85,2016,SEN-G,NH,Praecones Analytica,408,2016-10-27,12,2016-11-08,-2.1,0.14,-2.24,1
47777,86,2016,SEN-G,PA,YouGov,1091,2016-10-27,12,2016-11-08,3.0,-1.43,4.43,0
47778,87,2016,SEN-G,AZ,YouGov,994,2016-10-27,12,2016-11-08,-5.0,-12.96,7.96,0
47756,93,2016,SEN-G,FL,Emerson College,500,2016-10-27,12,2016-11-08,-2.0,-7.67,5.67,0
47899,60,2016,SEN-G,KS,SurveyMonkey,1273,2016-10-28,11,2016-11-08,-17.0,-29.94,12.94,0
48076,60,2016,SEN-G,KS,SurveyUSA,596,2016-10-28,11,2016-11-08,-24.0,-29.94,5.94,0
47915,61,2016,SEN-G,NY,SurveyMonkey,1734,2016-10-28,11,2016-11-08,40.0,42.64,-2.64,1
47916,62,2016,SEN-G,NC,SurveyMonkey,1574,2016-10-28,11,2016-11-08,4.0,-5.69,9.69,0
47911,63,2016,SEN-G,NV,SurveyMonkey,1010,2016-10-28,11,2016-11-08,0.0,2.53,-2.53,1
47894,64,2016,SEN-G,HI,SurveyMonkey,467,2016-10-28,11,2016-11-08,42.0,51.36,-9.36,1
47920,65,2016,SEN-G,OR,SurveyMonkey,743,2016-10-28,11,2016-11-08,28.0,23.28,4.72,1
47923,66,2016,SEN-G,SC,SurveyMonkey,1762,2016-10-28,11,2016-11-08,-17.0,-23.66,6.66,0
47918,67,2016,SEN-G,OH,SurveyMonkey,1823,2016-10-28,11,2016-11-08,-15.0,-20.87,5.87,0
47883,68,2016,SEN-G,AL,SurveyMonkey,485,2016-10-28,11,2016-11-08,-24.0,-28.14,4.14,0
47860,70,2016,SEN-G,MO,BK Strategies,1698,2016-10-28,11,2016-11-08,-3.0,-2.79,-0.21,0
47908,70,2016,SEN-G,MO,SurveyMonkey,671,2016-10-28,11,2016-11-08,6.0,-2.79,8.79,0
47758,71,2016,SEN-G,WI,Emerson College,400,2016-10-28,11,2016-11-08,5.0,-3.37,8.37,0
47932,71,2016,SEN-G,WI,SurveyMonkey,1195,2016-10-28,11,2016-11-08,0.0,-3.37,3.37,0
47930,72,2016,SEN-G,WA,SurveyMonkey,745,2016-10-28,11,2016-11-08,25.0,18.02,6.98,1
47927,73,2016,SEN-G,UT,SurveyMonkey,1078,2016-10-28,11,2016-11-08,-28.0,-41.09,13.09,0
47888,74,2016,SEN-G,CO,SurveyMonkey,1532,2016-10-28,11,2016-11-08,2.0,5.66,-3.66,1
47928,75,2016,SEN-G,VT,SurveyMonkey,436,2016-10-28,11,2016-11-08,31.0,28.26,2.74,1
47919,76,2016,SEN-G,OK,SurveyMonkey,472,2016-10-28,11,2016-11-08,-27.0,-43.16,16.16,0
47917,77,2016,SEN-G,ND,SurveyMonkey,279,2016-10-28,11,2016-11-08,-44.0,-61.57,17.57,0
47897,78,2016,SEN-G,IN,SurveyMonkey,674,2016-10-28,11,2016-11-08,-4.0,-9.7,5.7,0
47924,79,2016,SEN-G,SD,SurveyMonkey,298,2016-10-28,11,2016-11-08,-36.0,-43.66,7.66,0
47895,80,2016,SEN-G,ID,SurveyMonkey,447,2016-10-28,11,2016-11-08,-27.0,-38.4,11.4,0
47900,81,2016,SEN-G,KY,SurveyMonkey,424,2016-10-28,11,2016-11-08,-6.0,-14.55,8.55,0
47938,81,2016,SEN-G,KY,Western Kentucky University Social Science Research Center,602,2016-10-28,11,2016-11-08,-16.0,-14.55,-1.45,0
47903,82,2016,SEN-G,MD,SurveyMonkey,740,2016-10-28,11,2016-11-08,35.0,25.24,9.76,1
47886,83,2016,SEN-G,AR,SurveyMonkey,484,2016-10-28,11,2016-11-08,-10.0,-23.62,13.62,0
47896,84,2016,SEN-G,IL,SurveyMonkey,1003,2016-10-28,11,2016-11-08,19.0,15.08,3.92,1
47912,85,2016,SEN-G,NH,SurveyMonkey,659,2016-10-28,11,2016-11-08,12.0,0.14,11.86,1
48499,85,2016,SEN-G,NH,University of New Hampshire Survey Center,516,2016-10-28,11,2016-11-08,1.0,0.14,0.86,1
47876,86,2016,SEN-G,PA,Franklin & Marshall College,652,2016-10-28,11,2016-11-08,12.0,-1.43,13.43,0
47867,86,2016,SEN-G,PA,Gravis Marketing/Kaplan Strategies,3217,2016-10-28,11,2016-11-08,4.0,-1.43,5.43,0
47921,86,2016,SEN-G,PA,SurveyMonkey,2255,2016-10-28,11,2016-11-08,3.0,-1.43,4.43,0
47885,87,2016,SEN-G,AZ,SurveyMonkey,1457,2016-10-28,11,2016-11-08,-3.0,-12.96,9.96,0
47893,88,2016,SEN-G,GA,SurveyMonkey,2665,2016-10-28,11,2016-11-08,-9.0,-13.75,4.75,0
47887,89,2016,SEN-G,CA,SurveyMonkey,2505,2016-10-28,11,2016-11-08,20.0,23.2,-3.2,1
48125,89,2016,SEN-G,CA,YouGov,1498,2016-10-28,11,2016-11-08,24.0,23.2,0.8,1
47889,91,2016,SEN-G,CT,SurveyMonkey,554,2016-10-28,11,2016-11-08,21.0,28.57,-7.57,1
47898,92,2016,SEN-G,IA,SurveyMonkey,984,2016-10-28,11,2016-11-08,-15.0,-24.47,9.47,0
47892,93,2016,SEN-G,FL,SurveyMonkey,2809,2016-10-28,11,2016-11-08,-2.0,-7.67,5.67,0
48018,93,2016,SEN-G,FL,TargetSmart,718,2016-10-28,11,2016-11-08,-6.0,-7.67,1.67,0
48095,71,2016,SEN-G,WI,Marquette University Law School,1255,2016-10-29,10,2016-11-08,1.0,-3.37,4.37,0
47857,78,2016,SEN-G,IN,Monmouth University,402,2016-10-29,10,2016-11-08,0.0,-9.7,9.7,0
47878,84,2016,SEN-G,IL,Emerson College,500,2016-10-29,10,2016-11-08,17.5,15.08,2.42,1
48099,62,2016,SEN-G,NC,Quinnipiac University,602,2016-10-30,9,2016-11-08,4.0,-5.69,9.69,0
48008,62,2016,SEN-G,NC,SurveyUSA,659,2016-10-30,9,2016-11-08,-6.0,-5.69,-0.31,0
48089,63,2016,SEN-G,NV,Big Village,790,2016-10-30,9,2016-11-08,-2.0,2.53,-4.53,1
48096,63,2016,SEN-G,NV,JMC Analytics,600,2016-10-30,9,2016-11-08,2.0,2.53,-0.53,1
48104,63,2016,SEN-G,NV,Lucid,892,2016-10-30,9,2016-11-08,6.0,2.53,3.47,1
48100,67,2016,SEN-G,OH,Quinnipiac University,589,2016-10-30,9,2016-11-08,-18.0,-20.87,2.87,0
48121,70,2016,SEN-G,MO,DFM Research,508,2016-10-30,9,2016-11-08,0.0,-2.79,2.79,0
48081,70,2016,SEN-G,MO,Emerson College,650,2016-10-30,9,2016-11-08,0.0,-2.79,2.79,0
47996,70,2016,SEN-G,MO,Monmouth University,405,2016-10-30,9,2016-11-08,-1.0,-2.79,1.79,0
48193,73,2016,SEN-G,UT,Rasmussen Reports,750,2016-10-30,9,2016-11-08,-32.0,-41.09,9.09,0
48123,74,2016,SEN-G,CO,Ciruli Associates,550,2016-10-30,9,2016-11-08,8.0,5.66,2.34,1
48079,74,2016,SEN-G,CO,Emerson College,750,2016-10-30,9,2016-11-08,5.0,5.66,-0.66,1
48103,74,2016,SEN-G,CO,Lucid,972,2016-10-30,9,2016-11-08,8.0,5.66,2.34,1
48090,86,2016,SEN-G,PA,Big Village,799,2016-10-30,9,2016-11-08,5.0,-1.43,6.43,0
48101,86,2016,SEN-G,PA,Quinnipiac University,612,2016-10-30,9,2016-11-08,1.0,-1.43,2.43,0
48087,87,2016,SEN-G,AZ,Big Village,769,2016-10-30,9,2016-11-08,-13.0,-12.96,-0.04,0
47994,87,2016,SEN-G,AZ,Data Orbital,550,2016-10-30,9,2016-11-08,-10.0,-12.96,2.96,0
48078,87,2016,SEN-G,AZ,Emerson College,700,2016-10-30,9,2016-11-08,-6.0,-12.96,6.96,0
48102,87,2016,SEN-G,AZ,Lucid,1113,2016-10-30,9,2016-11-08,-12.0,-12.96,0.96,0
48080,88,2016,SEN-G,GA,Emerson College,650,2016-10-30,9,2016-11-08,-8.0,-13.75,5.75,0
48011,89,2016,SEN-G,CA,SurveyUSA,747,2016-10-30,9,2016-11-08,20.0,23.2,-3.2,1
48088,93,2016,SEN-G,FL,Big Village,773,2016-10-30,9,2016-11-08,-1.0,-7.67,6.67,0
48098,93,2016,SEN-G,FL,Quinnipiac University,626,2016-10-30,9,2016-11-08,-6.0,-7.67,1.67,0
48110,62,2016,SEN-G,NC,Rasmussen Reports,525,2016-10-31,8,2016-11-08,-4.0,-5.69,1.69,0
48108,63,2016,SEN-G,NV,Rasmussen Reports,525,2016-10-31,8,2016-11-08,2.0,2.53,-0.53,1
48111,67,2016,SEN-G,OH,Rasmussen Reports,525,2016-10-31,8,2016-11-08,-8.0,-20.87,12.87,0
48346,78,2016,SEN-G,IN,Gravis Marketing/Kaplan Strategies,399,2016-10-31,8,2016-11-08,3.0,-9.7,12.7,0
48128,85,2016,SEN-G,NH,MassINC Polling Group,500,2016-10-31,8,2016-11-08,-6.0,0.14,-6.14,1
48109,85,2016,SEN-G,NH,Rasmussen Reports,525,2016-10-31,8,2016-11-08,2.0,0.14,1.86,1
48263,85,2016,SEN-G,NH,University of Massachusetts Lowell Center for Public Opinion,695,2016-10-31,8,2016-11-08,1.0,0.14,0.86,1
48092,86,2016,SEN-G,PA,Monmouth University,403,2016-10-31,8,2016-11-08,3.0,-1.43,4.43,0
48112,86,2016,SEN-G,PA,Rasmussen Reports,525,2016-10-31,8,2016-11-08,4.0,-1.43,5.43,0
48211,87,2016,SEN-G,AZ,Marist College,719,2016-10-31,8,2016-11-08,-16.0,-12.96,-3.04,0
48209,88,2016,SEN-G,GA,Marist College,707,2016-10-31,8,2016-11-08,-11.0,-13.75,2.75,0
48107,93,2016,SEN-G,FL,Rasmussen Reports,525,2016-10-31,8,2016-11-08,-7.0,-7.67,0.67,0
48326,62,2016,SEN-G,NC,Public Policy Polling,1169,2016-11-01,7,2016-11-08,-3.0,-5.69,2.69,0
48328,63,2016,SEN-G,NV,Public Policy Polling,688,2016-11-01,7,2016-11-08,3.0,2.53,0.47,1
48479,67,2016,SEN-G,OH,Columbus Dispatch,1151,2016-11-01,7,2016-11-08,-21.0,-20.87,-0.13,0
48119,70,2016,SEN-G,MO,Public Policy Polling,1083,2016-11-01,7,2016-11-08,-2.0,-2.79,0.79,0
48186,70,2016,SEN-G,MO,Remington Research Group,1722,2016-11-01,7,2016-11-08,-4.0,-2.79,-1.21,0
48334,71,2016,SEN-G,WI,Loras College Public Opinion Survey Center,500,2016-11-01,7,2016-11-08,1.8,-3.37,5.17,0
48330,71,2016,SEN-G,WI,Public Policy Polling,891,2016-11-01,7,2016-11-08,5.0,-3.37,8.37,0
48365,72,2016,SEN-G,WA,SurveyUSA,667,2016-11-01,7,2016-11-08,12.0,18.02,-6.02,1
48191,73,2016,SEN-G,UT,Monmouth University,402,2016-11-01,7,2016-11-08,-33.0,-41.09,8.09,0
48187,85,2016,SEN-G,NH,American Research Group,600,2016-11-01,7,2016-11-08,-3.0,0.14,-3.14,1
48327,85,2016,SEN-G,NH,Public Policy Polling,781,2016-11-01,7,2016-11-08,3.0,0.14,2.86,1
48194,85,2016,SEN-G,NH,Suffolk University,500,2016-11-01,7,2016-11-08,-2.8,0.14,-2.94,1
48503,85,2016,SEN-G,NH,University of New Hampshire Survey Center,466,2016-11-01,7,2016-11-08,7.0,0.14,6.86,1
48329,86,2016,SEN-G,PA,Public Policy Polling,1050,2016-11-01,7,2016-11-08,2.0,-1.43,3.43,0
48086,86,2016,SEN-G,PA,Susquehanna Polling & Research Inc.,681,2016-11-01,7,2016-11-08,6.0,-1.43,7.43,0
48337,60,2016,SEN-G,KS,Fort Hays State University Docking Institute of Public Affairs,313,2016-11-02,6,2016-11-08,-64.0,-29.94,-34.06,0
48622,70,2016,SEN-G,MO,Clarity Campaign Labs,1036,2016-11-02,6,2016-11-08,-2.0,-2.79,0.79,0
48621,71,2016,SEN-G,WI,Clarity Campaign Labs,1129,2016-11-02,6,2016-11-08,3.0,-3.37,6.37,0
48339,73,2016,SEN-G,UT,Y2 Analytics,500,2016-11-02,6,2016-11-08,-40.0,-41.09,1.09,0
48366,74,2016,SEN-G,CO,Gravis Marketing/Kaplan Strategies,1125,2016-11-02,6,2016-11-08,3.0,5.66,-2.66,1
48333,78,2016,SEN-G,IN,Public Opinion Strategies,600,2016-11-02,6,2016-11-08,-5.0,-9.7,4.7,0
48338,85,2016,SEN-G,NH,Gravis Marketing/Kaplan Strategies,1001,2016-11-02,6,2016-11-08,-2.0,0.14,-2.14,1
48364,86,2016,SEN-G,PA,Gravis Marketing/Kaplan Strategies,1016,2016-11-02,6,2016-11-08,2.0,-1.43,3.43,0
48469,86,2016,SEN-G,PA,Muhlenberg College,405,2016-11-02,6,2016-11-08,-1.0,-1.43,0.43,0
48342,87,2016,SEN-G,AZ,Data Orbital,550,2016-11-02,6,2016-11-08,-11.0,-12.96,1.96,0
48331,92,2016,SEN-G,IA,Emerson College,700,2016-11-02,6,2016-11-08,-28.0,-24.47,-3.53,0
48466,92,2016,SEN-G,IA,Loras College Public Opinion Survey Center,500,2016-11-02,6,2016-11-08,-16.2,-24.47,8.27,0
48776,93,2016,SEN-G,FL,Gravis Marketing/Kaplan Strategies,1220,2016-11-02,6,2016-11-08,-1.0,-7.67,6.67,0
48188,93,2016,SEN-G,FL,InsiderAdvantage,603,2016-11-02,6,2016-11-08,-3.6,-7.67,4.07,0
48773,62,2016,SEN-G,NC,Gravis Marketing/Kaplan Strategies,1250,2016-11-03,5,2016-11-08,1.0,-5.69,6.69,0
48481,67,2016,SEN-G,OH,YouGov,1189,2016-11-03,5,2016-11-08,-13.0,-20.87,7.87,0
48356,74,2016,SEN-G,CO,Keating Research,605,2016-11-03,5,2016-11-08,11.0,5.66,5.34,1
48620,86,2016,SEN-G,PA,Clarity Campaign Labs,1033,2016-11-03,5,2016-11-08,3.0,-1.43,4.43,0
48343,86,2016,SEN-G,PA,Harper Polling,504,2016-11-03,5,2016-11-08,0.0,-1.43,1.43,0
48341,88,2016,SEN-G,GA,InsiderAdvantage,538,2016-11-03,5,2016-11-08,-10.8,-13.75,2.95,0
48322,88,2016,SEN-G,GA,Landmark Communications/Rosetta Stone Communications,1000,2016-11-03,5,2016-11-08,-10.0,-13.75,3.75,0
48470,92,2016,SEN-G,IA,Selzer & Co.,800,2016-11-03,5,2016-11-08,-23.0,-24.47,1.47,0
48482,93,2016,SEN-G,FL,YouGov,1188,2016-11-03,5,2016-11-08,-3.0,-7.67,4.67,0
48876,60,2016,SEN-G,KS,SurveyMonkey,1311,2016-11-04,4,2016-11-08,-22.0,-29.94,7.94,0
48478,61,2016,SEN-G,NY,Siena College,617,2016-11-04,4,2016-11-08,42.0,42.64,-0.64,1
48892,61,2016,SEN-G,NY,SurveyMonkey,2208,2016-11-04,4,2016-11-08,46.0,42.64,3.36,1
48679,62,2016,SEN-G,NC,Rasmussen Reports,525,2016-11-04,4,2016-11-08,1.0,-5.69,6.69,0
48893,62,2016,SEN-G,NC,SurveyMonkey,3126,2016-11-04,4,2016-11-08,4.0,-5.69,9.69,0
48677,63,2016,SEN-G,NV,Rasmussen Reports,525,2016-11-04,4,2016-11-08,0.0,2.53,-2.53,1
48888,63,2016,SEN-G,NV,SurveyMonkey,1207,2016-11-04,4,2016-11-08,5.0,2.53,2.47,1
48871,64,2016,SEN-G,HI,SurveyMonkey,426,2016-11-04,4,2016-11-08,44.0,51.36,-7.36,1
48897,65,2016,SEN-G,OR,SurveyMonkey,1595,2016-11-04,4,2016-11-08,31.0,23.28,7.72,1
48900,66,2016,SEN-G,SC,SurveyMonkey,1698,2016-11-04,4,2016-11-08,-21.0,-23.66,2.66,0
48680,67,2016,SEN-G,OH,Rasmussen Reports,525,2016-11-04,4,2016-11-08,-14.0,-20.87,6.87,0
48895,67,2016,SEN-G,OH,SurveyMonkey,2860,2016-11-04,4,2016-11-08,-18.0,-20.87,2.87,0
48860,68,2016,SEN-G,AL,SurveyMonkey,1131,2016-11-04,4,2016-11-08,-19.0,-28.14,9.14,0
48885,70,2016,SEN-G,MO,SurveyMonkey,1368,2016-11-04,4,2016-11-08,7.0,-2.79,9.79,0
48909,71,2016,SEN-G,WI,SurveyMonkey,2246,2016-11-04,4,2016-11-08,-1.0,-3.37,2.37,0
48907,72,2016,SEN-G,WA,SurveyMonkey,1451,2016-11-04,4,2016-11-08,22.0,18.02,3.98,1
48904,73,2016,SEN-G,UT,SurveyMonkey,1479,2016-11-04,4,2016-11-08,-24.0,-41.09,17.09,0
48684,73,2016,SEN-G,UT,YouGov,762,2016-11-04,4,2016-11-08,-46.0,-41.09,-4.91,0
48347,74,2016,SEN-G,CO,Public Policy Polling,704,2016-11-04,4,2016-11-08,10.0,5.66,4.34,1
48865,74,2016,SEN-G,CO,SurveyMonkey,2777,2016-11-04,4,2016-11-08,7.0,5.66,1.34,1
48905,75,2016,SEN-G,VT,SurveyMonkey,454,2016-11-04,4,2016-11-08,51.0,28.26,22.74,1
48896,76,2016,SEN-G,OK,SurveyMonkey,1271,2016-11-04,4,2016-11-08,-24.0,-43.16,19.16,0
48894,77,2016,SEN-G,ND,SurveyMonkey,313,2016-11-04,4,2016-11-08,-51.0,-61.57,10.57,0
48873,78,2016,SEN-G,IN,SurveyMonkey,1700,2016-11-04,4,2016-11-08,-11.0,-9.7,-1.3,0
48901,79,2016,SEN-G,SD,SurveyMonkey,459,2016-11-04,4,2016-11-08,-34.0,-43.66,9.66,0
48872,80,2016,SEN-G,ID,SurveyMonkey,612,2016-11-04,4,2016-11-08,-19.0,-38.4,19.4,0
48877,81,2016,SEN-G,KY,SurveyMonkey,1315,2016-11-04,4,2016-11-08,-4.0,-14.55,10.55,0
48880,82,2016,SEN-G,MD,SurveyMonkey,1216,2016-11-04,4,2016-11-08,31.0,25.24,5.76,1
48863,83,2016,SEN-G,AR,SurveyMonkey,930,2016-11-04,4,2016-11-08,-15.0,-23.62,8.62,0
48874,84,2016,SEN-G,IL,SurveyMonkey,1823,2016-11-04,4,2016-11-08,17.0,15.08,1.92,1
48678,85,2016,SEN-G,NH,Rasmussen Reports,525,2016-11-04,4,2016-11-08,8.0,0.14,7.86,1
48889,85,2016,SEN-G,NH,SurveyMonkey,696,2016-11-04,4,2016-11-08,9.0,0.14,8.86,1
48681,86,2016,SEN-G,PA,Rasmussen Reports,525,2016-11-04,4,2016-11-08,-4.0,-1.43,-2.57,0
48898,86,2016,SEN-G,PA,SurveyMonkey,2845,2016-11-04,4,2016-11-08,4.0,-1.43,5.43,0
48683,86,2016,SEN-G,PA,YouGov,931,2016-11-04,4,2016-11-08,1.0,-1.43,2.43,0
48862,87,2016,SEN-G,AZ,SurveyMonkey,2609,2016-11-04,4,2016-11-08,-5.0,-12.96,7.96,0
66903,88,2016,SEN-G,GA,20/20 Insight,541,2016-11-04,4,2016-11-08,-7.0,-13.75,6.75,0
48870,88,2016,SEN-G,GA,SurveyMonkey,2419,2016-11-04,4,2016-11-08,-6.0,-13.75,7.75,0
48682,88,2016,SEN-G,GA,YouGov,995,2016-11-04,4,2016-11-08,-7.0,-13.75,6.75,0
48864,89,2016,SEN-G,CA,SurveyMonkey,2712,2016-11-04,4,2016-11-08,21.0,23.2,-2.2,1
48878,90,2016,SEN-G,LA,SurveyMonkey,982,2016-11-04,4,2016-11-08,-8.0,-7.49,-0.51,0
48866,91,2016,SEN-G,CT,SurveyMonkey,1387,2016-11-04,4,2016-11-08,29.0,28.57,0.43,1
48875,92,2016,SEN-G,IA,SurveyMonkey,1781,2016-11-04,4,2016-11-08,-18.0,-24.47,6.47,0
48676,93,2016,SEN-G,FL,Rasmussen Reports,525,2016-11-04,4,2016-11-08,-14.0,-7.67,-6.33,0
48869,93,2016,SEN-G,FL,SurveyMonkey,4092,2016-11-04,4,2016-11-08,1.0,-7.67,8.67,0
48523,62,2016,SEN-G,NC,Quinnipiac University,870,2016-11-05,3,2016-11-08,0.0,-5.69,5.69,0
48524,62,2016,SEN-G,NC,The New York Times/Siena College,800,2016-11-05,3,2016-11-08,-1.0,-5.69,4.69,0
48517,63,2016,SEN-G,NV,Emerson College,600,2016-11-05,3,2016-11-08,1.1,2.53,-1.43,1
48689,63,2016,SEN-G,NV,Gravis Marketing/Kaplan Strategies,1158,2016-11-05,3,2016-11-08,6.0,2.53,3.47,1
48516,67,2016,SEN-G,OH,Emerson College,900,2016-11-05,3,2016-11-08,-20.5,-20.87,0.37,0
48518,70,2016,SEN-G,MO,Emerson College,750,2016-11-05,3,2016-11-08,0.7,-2.79,3.49,0
48915,72,2016,SEN-G,WA,Leger,402,2016-11-05,3,2016-11-08,16.0,18.02,-2.02,1
48519,85,2016,SEN-G,NH,Emerson College,1000,2016-11-05,3,2016-11-08,-3.2,0.14,-3.34,1
48497,85,2016,SEN-G,NH,University of New Hampshire Survey Center,692,2016-11-05,3,2016-11-08,4.0,0.14,3.86,1
48628,87,2016,SEN-G,AZ,Data Orbital,550,2016-11-05,3,2016-11-08,-12.0,-12.96,0.96,0
48912,87,2016,SEN-G,AZ,Leger,392,2016-11-05,3,2016-11-08,-8.0,-12.96,4.96,0
48913,89,2016,SEN-G,CA,Leger,401,2016-11-05,3,2016-11-08,22.0,23.2,-1.2,1
48522,93,2016,SEN-G,FL,Quinnipiac University,884,2016-11-05,3,2016-11-08,-7.0,-7.67,0.67,0
48525,88,2016,SEN-G,GA,Landmark Communications/Rosetta Stone Communications,1200,2016-11-06,2,2016-11-08,-11.0,-13.75,2.75,0
49495,1469,2016,SEN-G,LA,Southern Media & Opinion Research,500,2016-11-29,11,2016-12-10,-14.0,-21.3,7.3,0
52343,1469,2016,SEN-G,LA,Emerson College,400,2016-11-30,10,2016-12-10,-18.0,-21.3,3.3,0
52341,1469,2016,SEN-G,LA,Trafalgar Group,2500,2016-12-06,4,2016-12-10,-16.11,-21.3,5.19,0
52344,1469,2016,SEN-G,LA,University of New Orleans Survey Research Center,776,2016-12-06,4,2016-12-10,-29.0,-21.3,-7.7,0
73344,95,2017,SEN-G,AL,Sky Research,1059,2017-11-21,21,2017-12-12,-7.1,1.66,-8.76,1
73367,95,2017,SEN-G,AL,Strategy Research,3000,2017-11-21,21,2017-12-12,-2.0,1.66,-3.66,1
50670,95,2017,SEN-G,AL,Emerson College,500,2017-11-26,16,2017-12-12,-6.0,1.66,-7.66,1
50676,95,2017,SEN-G,AL,Change Research,1868,2017-11-27,15,2017-12-12,-5.0,1.66,-6.66,1
73422,95,2017,SEN-G,AL,The Polling Company Inc./National Research Inc.,600,2017-11-27,15,2017-12-12,-1.0,1.66,-2.66,1
50682,95,2017,SEN-G,AL,JMC Analytics,650,2017-11-28,14,2017-12-12,-5.0,1.66,-6.66,1
50681,95,2017,SEN-G,AL,The Washington Post/George Mason University Schar School of Policy and Government,739,2017-11-29,13,2017-12-12,3.0,1.66,1.34,1
50680,95,2017,SEN-G,AL,YouGov,766,2017-11-30,12,2017-12-12,-6.0,1.66,-7.66,1
50669,95,2017,SEN-G,AL,Emerson College,500,2017-12-01,11,2017-12-12,-3.0,1.66,-4.66,1
50678,95,2017,SEN-G,AL,Gravis Marketing/Kaplan Strategies,1276,2017-12-02,10,2017-12-12,4.0,1.66,2.34,1
50679,95,2017,SEN-G,AL,Strategy Research,3200,2017-12-04,8,2017-12-12,-7.0,1.66,-8.66,1
50675,95,2017,SEN-G,AL,Change Research,2443,2017-12-06,6,2017-12-12,-7.0,1.66,-8.66,1
50684,95,2017,SEN-G,AL,SurveyMonkey,2131,2017-12-06,6,2017-12-12,5.0,1.66,3.34,1
50677,95,2017,SEN-G,AL,Gravis Marketing/Kaplan Strategies,1254,2017-12-07,5,2017-12-12,-4.0,1.66,-5.66,1
50673,95,2017,SEN-G,AL,Trafalgar Group,1419,2017-12-07,5,2017-12-12,-5.11,1.66,-6.77,1
50668,95,2017,SEN-G,AL,Emerson College,600,2017-12-08,4,2017-12-12,-9.0,1.66,-10.66,1
50672,95,2017,SEN-G,AL,Monmouth University,546,2017-12-08,4,2017-12-12,-0.3,1.66,-1.96,1
50659,95,2017,SEN-G,AL,Beacon Research/Shaw & Co. Research,1127,2017-12-09,3,2017-12-12,10.0,1.66,8.34,1
50674,95,2017,SEN-G,AL,Change Research,1556,2017-12-10,2,2017-12-12,-6.0,1.66,-7.66,1
56360,100,2018,SEN-G,FL,OnMessage Inc.,2200,2018-10-16,21,2018-11-06,-5.0,-0.12,-4.88,0
56267,100,2018,SEN-G,FL,St. Pete Polls,1974,2018-10-16,21,2018-11-06,-1.4,-0.12,-1.28,0
56347,102,2018,SEN-G,IN,American Viewpoint,800,2018-10-16,21,2018-11-06,-4.0,-5.89,1.89,0
56362,106,2018,SEN-G,MI,Marketing Resource Group (MRG),600,2018-10-16,21,2018-11-06,16.0,6.5,9.5,1
56330,107,2018,SEN-G,MN,Mason-Dixon Polling & Strategy,800,2018-10-16,21,2018-11-06,23.0,24.1,-1.1,1
56373,108,2018,SEN-G,MS,Marist College,511,2018-10-16,21,2018-11-06,-27.0,-19.02,-7.98,0
56414,112,2018,SEN-G,NV,Ipsos,1137,2018-10-16,21,2018-11-06,-5.7,5.11,-10.81,1
56317,112,2018,SEN-G,NV,Public Policy Polling,648,2018-10-16,21,2018-11-06,2.0,5.11,-3.11,1
56416,113,2018,SEN-G,NJ,Rutgers University Eagleton Center for Public Interest Polling,496,2018-10-16,21,2018-11-06,5.0,11.18,-6.18,1
56356,116,2018,SEN-G,ND,Strategic Research Associates,650,2018-10-16,21,2018-11-06,-16.0,-10.9,-5.1,0
56355,126,2018,SEN-G,WV,Strategic Research Associates,650,2018-10-16,21,2018-11-06,16.0,3.31,12.69,1
56330,129,2018,SEN-G,MN,Mason-Dixon Polling & Strategy,800,2018-10-16,21,2018-11-06,6.0,10.62,-4.62,1
56373,130,2018,SEN-G,MS,Marist College,511,2018-10-16,21,2018-11-06,-2.0,-0.35,-1.65,0
56316,96,2018,SEN-G,AZ,Data Orbital,600,2018-10-17,20,2018-11-06,6.8,2.35,4.45,1
56263,96,2018,SEN-G,AZ,The New York Times/Siena College,606,2018-10-17,20,2018-11-06,-1.79,2.35,-4.14,1
56451,97,2018,SEN-G,CA,Public Policy Institute of California,989,2018-10-17,20,2018-11-06,16.0,8.32,7.68,1
56669,97,2018,SEN-G,CA,YouGov,2178,2018-10-17,20,2018-11-06,7.0,8.32,-1.32,1
56417,109,2018,SEN-G,MO,OnMessage Inc.,800,2018-10-17,20,2018-11-06,-7.0,-5.81,-1.19,0
56440,126,2018,SEN-G,WV,"Fabrizio, Lee & Associates",600,2018-10-17,20,2018-11-06,-2.0,3.31,-5.31,1
56345,97,2018,SEN-G,CA,Emerson College,671,2018-10-18,19,2018-11-06,18.1,8.32,9.78,1
56334,100,2018,SEN-G,FL,SSRS,759,2018-10-18,19,2018-11-06,5.0,-0.12,5.12,0
56375,102,2018,SEN-G,IN,Mason Strategies,600,2018-10-18,19,2018-11-06,-4.0,-5.89,1.89,0
56485,106,2018,SEN-G,MI,Michigan State University Institute for Public Policy and Social Research,169,2018-10-18,19,2018-11-06,7.0,6.5,0.5,1
56325,109,2018,SEN-G,MO,Remington Research Group,1215,2018-10-18,19,2018-11-06,-1.0,-5.81,4.81,0
56481,121,2018,SEN-G,TX,YouGov,927,2018-10-18,19,2018-11-06,-6.0,-2.56,-3.44,0
56353,100,2018,SEN-G,FL,Quinnipiac University,1161,2018-10-19,18,2018-11-06,6.0,-0.12,6.12,0
56335,100,2018,SEN-G,FL,SEA Polling & Strategic Design,600,2018-10-19,18,2018-11-06,-2.0,-0.12,-1.88,0
56429,100,2018,SEN-G,FL,Saint Leo University Polling Institute,698,2018-10-19,18,2018-11-06,8.2,-0.12,8.32,0
56585,105,2018,SEN-G,MA,Western New England University Polling Institute,402,2018-10-19,18,2018-11-06,30.0,24.19,5.81,1
56390,100,2018,SEN-G,FL,Florida Atlantic University,704,2018-10-20,17,2018-11-06,-1.7,-0.12,-1.58,0
56466,100,2018,SEN-G,FL,Strategic Research Associates,800,2018-10-20,17,2018-11-06,1.0,-0.12,1.12,0
56365,100,2018,SEN-G,FL,SurveyUSA,665,2018-10-20,17,2018-11-06,8.0,-0.12,8.12,0
56386,121,2018,SEN-G,TX,GBAO,1000,2018-10-20,17,2018-11-06,-4.0,-2.56,-1.44,0
56587,100,2018,SEN-G,FL,Ipsos,1069,2018-10-21,16,2018-11-06,5.0,-0.12,5.12,0
56344,100,2018,SEN-G,FL,St. Pete Polls,1575,2018-10-21,16,2018-11-06,-0.3,-0.12,-0.18,0
56452,106,2018,SEN-G,MI,EPIC-MRA,600,2018-10-21,16,2018-11-06,7.0,6.5,0.5,1
56379,106,2018,SEN-G,MI,Tarrance Group,605,2018-10-21,16,2018-11-06,7.0,6.5,0.5,1
56586,96,2018,SEN-G,AZ,Ipsos,799,2018-10-22,15,2018-11-06,-2.0,2.35,-4.35,1
56595,97,2018,SEN-G,CA,University of California Berkeley Institute of Governmental Studies,1339,2018-10-22,15,2018-11-06,9.0,8.32,0.68,1
56479,114,2018,SEN-G,NM,Pacific Market Research,400,2018-10-22,15,2018-11-06,13.0,23.56,-10.56,1
56518,119,2018,SEN-G,RI,Fleming & Associates,416,2018-10-22,15,2018-11-06,19.0,23.16,-4.16,1
56590,121,2018,SEN-G,TX,University of Texas at Tyler Center for Opinion Research,905,2018-10-22,15,2018-11-06,-3.6,-2.56,-1.04,0
56625,96,2018,SEN-G,AZ,OH Predictive Insights,600,2018-10-23,14,2018-11-06,-7.0,2.35,-9.35,1
56419,100,2018,SEN-G,FL,Gravis Marketing/Kaplan Strategies,773,2018-10-23,14,2018-11-06,4.0,-0.12,4.12,0
56743,106,2018,SEN-G,MI,Target Insyght,800,2018-10-23,14,2018-11-06,10.0,6.5,3.5,1
66738,107,2018,SEN-G,MN,St. Cloud State University,420,2018-10-23,14,2018-11-06,26.0,24.1,1.9,1
56541,117,2018,SEN-G,OH,Baldwin Wallace University Community Research Institute,1051,2018-10-23,14,2018-11-06,19.5,6.84,12.66,1
66738,129,2018,SEN-G,MN,St. Cloud State University,420,2018-10-23,14,2018-11-06,15.0,10.62,4.38,1
56566,116,2018,SEN-G,ND,Trafalgar Group,1498,2018-10-24,13,2018-11-06,-9.0,-10.9,1.9,0
56539,96,2018,SEN-G,AZ,Marist College,506,2018-10-25,12,2018-11-06,4.5,2.35,2.15,1
56497,96,2018,SEN-G,AZ,YouGov,972,2018-10-25,12,2018-11-06,3.0,2.35,0.65,1
56538,98,2018,SEN-G,CT,Quinnipiac University,1201,2018-10-25,12,2018-11-06,15.0,20.18,-5.18,1
56450,100,2018,SEN-G,FL,The New York Times/Siena College,737,2018-10-25,12,2018-11-06,3.53,-0.12,3.65,0
56537,100,2018,SEN-G,FL,University of North Florida Public Opinion Research Lab,1051,2018-10-25,12,2018-11-06,1.0,-0.12,1.12,0
56498,100,2018,SEN-G,FL,YouGov,991,2018-10-25,12,2018-11-06,0.0,-0.12,0.12,0
56499,102,2018,SEN-G,IN,YouGov,975,2018-10-25,12,2018-11-06,-3.0,-5.89,2.89,0
56507,106,2018,SEN-G,MI,Emerson College,822,2018-10-25,12,2018-11-06,9.4,6.5,2.9,1
56488,106,2018,SEN-G,MI,Mitchell Research & Communications,400,2018-10-25,12,2018-11-06,6.0,6.5,-0.5,1
56493,109,2018,SEN-G,MO,Remington Research Group,1376,2018-10-25,12,2018-11-06,-4.0,-5.81,1.81,0
56546,110,2018,SEN-G,MT,Gravis Marketing/Kaplan Strategies,782,2018-10-25,12,2018-11-06,3.0,3.55,-0.55,1
56561,111,2018,SEN-G,NE,DFM Research,683,2018-10-25,12,2018-11-06,-15.0,-19.07,4.07,0
56683,112,2018,SEN-G,NV,Gravis Marketing/Kaplan Strategies,773,2018-10-25,12,2018-11-06,2.0,5.11,-3.11,1
56509,113,2018,SEN-G,NJ,Emerson College,659,2018-10-25,12,2018-11-06,5.3,11.18,-5.88,1
56508,114,2018,SEN-G,NM,Emerson College,936,2018-10-25,12,2018-11-06,16.5,23.56,-7.06,1
56628,118,2018,SEN-G,PA,Franklin & Marshall College,214,2018-10-25,12,2018-11-06,15.0,13.12,1.88,1
56577,120,2018,SEN-G,TN,Marist College,471,2018-10-25,12,2018-11-06,-5.0,-10.79,5.79,0
56513,121,2018,SEN-G,TX,Quinnipiac University,1078,2018-10-25,12,2018-11-06,-5.0,-2.56,-2.44,0
56629,126,2018,SEN-G,WV,Repass,400,2018-10-25,12,2018-11-06,5.0,3.31,1.69,1
56612,102,2018,SEN-G,IN,Marist College,496,2018-10-26,11,2018-11-06,2.5,-5.89,8.39,0
56512,105,2018,SEN-G,MA,Suffolk University,500,2018-10-26,11,2018-11-06,21.2,24.19,-2.99,1
56520,106,2018,SEN-G,MI,Glengariff Group,600,2018-10-26,11,2018-11-06,16.7,6.5,10.2,1
56681,120,2018,SEN-G,TN,East Tennessee State University Applied Social Research Laboratory,495,2018-10-26,11,2018-11-06,0.0,-10.79,10.79,0
56562,121,2018,SEN-G,TX,Dixie Strategies,588,2018-10-26,11,2018-11-06,-10.0,-2.56,-7.44,0
56602,127,2018,SEN-G,WI,Marquette University Law School,1154,2018-10-26,11,2018-11-06,11.0,10.84,0.16,1
56710,96,2018,SEN-G,AZ,Harris Insights & Analytics,1400,2018-10-27,10,2018-11-06,-4.8,2.35,-7.15,1
56522,96,2018,SEN-G,AZ,HighGround Inc.,400,2018-10-27,10,2018-11-06,-1.2,2.35,-3.55,1
56600,96,2018,SEN-G,AZ,SSRS,702,2018-10-27,10,2018-11-06,4.0,2.35,1.65,1
56711,100,2018,SEN-G,FL,Harris Insights & Analytics,1400,2018-10-27,10,2018-11-06,-0.9,-0.12,-0.78,0
56640,100,2018,SEN-G,FL,SSRS,781,2018-10-27,10,2018-11-06,2.0,-0.12,2.12,0
56554,100,2018,SEN-G,FL,Suffolk University,500,2018-10-27,10,2018-11-06,1.8,-0.12,1.92,0
56557,102,2018,SEN-G,IN,Cygnal,505,2018-10-27,10,2018-11-06,-2.9,-5.89,2.99,0
56713,102,2018,SEN-G,IN,Harris Insights & Analytics,1400,2018-10-27,10,2018-11-06,-0.5,-5.89,5.39,0
56606,105,2018,SEN-G,MA,MassINC Polling Group,502,2018-10-27,10,2018-11-06,22.0,24.19,-2.19,1
56558,109,2018,SEN-G,MO,Cygnal,501,2018-10-27,10,2018-11-06,-3.0,-5.81,2.81,0
56714,109,2018,SEN-G,MO,Harris Insights & Analytics,1400,2018-10-27,10,2018-11-06,1.9,-5.81,7.71,0
56712,112,2018,SEN-G,NV,Harris Insights & Analytics,1400,2018-10-27,10,2018-11-06,2.9,5.11,-2.21,1
56601,112,2018,SEN-G,NV,SSRS,622,2018-10-27,10,2018-11-06,3.0,5.11,-2.11,1
56544,117,2018,SEN-G,OH,Emerson College,566,2018-10-27,10,2018-11-06,5.8,6.84,-1.04,1
56604,120,2018,SEN-G,TN,Cygnal,497,2018-10-27,10,2018-11-06,-5.8,-10.79,4.99,0
56641,120,2018,SEN-G,TN,SSRS,764,2018-10-27,10,2018-11-06,-4.0,-10.79,6.79,0
56615,96,2018,SEN-G,AZ,Beacon Research/Shaw & Co. Research,643,2018-10-28,9,2018-11-06,0.0,2.35,-2.35,1
56731,97,2018,SEN-G,CA,Probolsky Research,900,2018-10-28,9,2018-11-06,5.7,8.32,-2.62,1
56596,98,2018,SEN-G,CT,Emerson College,780,2018-10-28,9,2018-11-06,20.0,20.18,-0.18,1
56610,100,2018,SEN-G,FL,Cygnal,495,2018-10-28,9,2018-11-06,1.8,-0.12,1.92,0
69584,100,2018,SEN-G,FL,MWR Strategies,1005,2018-10-28,9,2018-11-06,-2.3,-0.12,-2.18,0
56597,103,2018,SEN-G,ME,Emerson College,883,2018-10-28,9,2018-11-06,13.2,19.09,-5.89,1
56677,113,2018,SEN-G,NJ,Stockton University,598,2018-10-28,9,2018-11-06,12.0,11.18,0.82,1
56589,113,2018,SEN-G,NJ,Vox Populi Polling,814,2018-10-28,9,2018-11-06,8.0,11.18,-3.18,1
56580,120,2018,SEN-G,TN,Vox Populi Polling,780,2018-10-28,9,2018-11-06,-6.0,-10.79,4.79,0
56810,96,2018,SEN-G,AZ,Gravis Marketing/Kaplan Strategies,1165,2018-10-29,8,2018-11-06,-1.0,2.35,-3.35,1
56673,96,2018,SEN-G,AZ,Vox Populi Polling,677,2018-10-29,8,2018-11-06,4.0,2.35,1.65,1
74940,100,2018,SEN-G,FL,The Political Matrix/The Listener Group,1193,2018-10-29,8,2018-11-06,0.4,-0.12,0.52,0
56674,100,2018,SEN-G,FL,Vox Populi Polling,696,2018-10-29,8,2018-11-06,0.0,-0.12,0.12,0
56618,102,2018,SEN-G,IN,Beacon Research/Shaw & Co. Research,722,2018-10-29,8,2018-11-06,7.0,-5.89,12.89,0
56619,109,2018,SEN-G,MO,Beacon Research/Shaw & Co. Research,741,2018-10-29,8,2018-11-06,0.0,-5.81,5.81,0
56655,110,2018,SEN-G,MT,Harris Insights & Analytics,500,2018-10-29,8,2018-11-06,6.7,3.55,3.15,1
56732,114,2018,SEN-G,NM,Research & Polling Inc.,993,2018-10-29,8,2018-11-06,20.0,23.56,-3.56,1
56617,116,2018,SEN-G,ND,Beacon Research/Shaw & Co. Research,789,2018-10-29,8,2018-11-06,-9.0,-10.9,1.9,0
56616,120,2018,SEN-G,TN,Beacon Research/Shaw & Co. Research,718,2018-10-29,8,2018-11-06,-9.0,-10.79,1.79,0
56633,120,2018,SEN-G,TN,Emerson College,632,2018-10-29,8,2018-11-06,-8.4,-10.79,2.39,0
56632,121,2018,SEN-G,TX,Emerson College,781,2018-10-29,8,2018-11-06,-3.1,-2.56,-0.54,0
56706,100,2018,SEN-G,FL,Targoz Market Research,558,2018-10-30,7,2018-11-06,-4.0,-0.12,-3.88,0
56638,100,2018,SEN-G,FL,Trafalgar Group,2543,2018-10-30,7,2018-11-06,2.2,-0.12,2.32,0
56620,106,2018,SEN-G,MI,Gravis Marketing/Kaplan Strategies,764,2018-10-30,7,2018-11-06,13.0,6.5,6.5,1
56652,107,2018,SEN-G,MN,SurveyUSA,600,2018-10-30,7,2018-11-06,23.0,24.1,-1.1,1
56733,115,2018,SEN-G,NY,Siena College,641,2018-10-30,7,2018-11-06,23.0,34.0,-11.0,1
56661,117,2018,SEN-G,OH,Gravis Marketing/Kaplan Strategies,789,2018-10-30,7,2018-11-06,9.0,6.84,2.16,1
56682,118,2018,SEN-G,PA,Muhlenberg College,421,2018-10-30,7,2018-11-06,14.0,13.12,0.88,1
56705,120,2018,SEN-G,TN,Targoz Market Research,480,2018-10-30,7,2018-11-06,0.0,-10.79,10.79,0
56634,126,2018,SEN-G,WV,Emerson College,1013,2018-10-30,7,2018-11-06,5.8,3.31,2.49,1
56671,127,2018,SEN-G,WI,Emerson College,604,2018-10-30,7,2018-11-06,8.7,10.84,-2.14,1
56652,129,2018,SEN-G,MN,SurveyUSA,600,2018-10-30,7,2018-11-06,8.0,10.62,-2.62,1
56730,96,2018,SEN-G,AZ,Trafalgar Group,2166,2018-10-31,6,2018-11-06,2.7,2.35,0.35,1
56662,98,2018,SEN-G,CT,Gravis Marketing/Kaplan Strategies,681,2018-10-31,6,2018-11-06,23.0,20.18,2.82,1
56756,100,2018,SEN-G,FL,Gravis Marketing/Kaplan Strategies,753,2018-10-31,6,2018-11-06,3.0,-0.12,3.12,0
56631,100,2018,SEN-G,FL,St. Pete Polls,2470,2018-10-31,6,2018-11-06,1.9,-0.12,2.02,0
56773,109,2018,SEN-G,MO,Marist College,600,2018-10-31,6,2018-11-06,3.0,-5.81,8.81,0
56723,112,2018,SEN-G,NV,Trafalgar Group,2587,2018-10-31,6,2018-11-06,-3.3,5.11,-8.41,1
56646,117,2018,SEN-G,OH,Cygnal,503,2018-10-31,6,2018-11-06,10.4,6.84,3.56,1
56663,123,2018,SEN-G,VT,Gravis Marketing/Kaplan Strategies,885,2018-10-31,6,2018-11-06,36.0,39.97,-3.97,1
56716,96,2018,SEN-G,AZ,Harris Insights & Analytics,600,2018-11-01,5,2018-11-06,-5.6,2.35,-7.95,1
56717,100,2018,SEN-G,FL,Harris Insights & Analytics,600,2018-11-01,5,2018-11-06,-2.6,-0.12,-2.48,0
56769,100,2018,SEN-G,FL,Marist College,595,2018-11-01,5,2018-11-06,4.0,-0.12,4.12,0
56770,100,2018,SEN-G,FL,Quinnipiac University,1142,2018-11-01,5,2018-11-06,7.0,-0.12,7.12,0
56719,102,2018,SEN-G,IN,Harris Insights & Analytics,600,2018-11-01,5,2018-11-06,2.4,-5.89,8.29,0
56720,109,2018,SEN-G,MO,Harris Insights & Analytics,600,2018-11-01,5,2018-11-06,-0.9,-5.81,4.91,0
56764,109,2018,SEN-G,MO,Trafalgar Group,1791,2018-11-01,5,2018-11-06,-3.9,-5.81,1.91,0
56718,112,2018,SEN-G,NV,Harris Insights & Analytics,600,2018-11-01,5,2018-11-06,-0.8,5.11,-5.91,1
56774,113,2018,SEN-G,NJ,Quinnipiac University,1115,2018-11-01,5,2018-11-06,15.0,11.18,3.82,1
56678,114,2018,SEN-G,NM,Carroll Strategies,1202,2018-11-01,5,2018-11-06,12.8,23.56,-10.76,1
56779,96,2018,SEN-G,AZ,Emerson College,758,2018-11-02,4,2018-11-06,0.7,2.35,-1.65,1
56801,96,2018,SEN-G,AZ,Research Co.,450,2018-11-02,4,2018-11-06,1.0,2.35,-1.35,1
56737,97,2018,SEN-G,CA,Research Co.,450,2018-11-02,4,2018-11-06,19.0,8.32,10.68,1
56813,97,2018,SEN-G,CA,SurveyUSA,806,2018-11-02,4,2018-11-06,14.0,8.32,5.68,1
56701,100,2018,SEN-G,FL,Change Research,1236,2018-11-02,4,2018-11-06,2.0,-0.12,2.12,0
56780,100,2018,SEN-G,FL,Emerson College,784,2018-11-02,4,2018-11-06,5.0,-0.12,5.12,0
56802,100,2018,SEN-G,FL,Research Co.,450,2018-11-02,4,2018-11-06,1.0,-0.12,1.12,0
56703,100,2018,SEN-G,FL,St. Pete Polls,2733,2018-11-02,4,2018-11-06,-1.6,-0.12,-1.48,0
56738,106,2018,SEN-G,MI,Research Co.,450,2018-11-02,4,2018-11-06,16.0,6.5,9.5,1
56739,107,2018,SEN-G,MN,Research Co.,450,2018-11-02,4,2018-11-06,20.0,24.1,-4.1,1
56782,109,2018,SEN-G,MO,Emerson College,732,2018-11-02,4,2018-11-06,-3.4,-5.81,2.41,0
56695,109,2018,SEN-G,MO,Remington Research Group,1424,2018-11-02,4,2018-11-06,0.0,-5.81,5.81,0
56803,114,2018,SEN-G,NM,Research Co.,450,2018-11-02,4,2018-11-06,14.0,23.56,-9.56,1
56740,115,2018,SEN-G,NY,Research Co.,450,2018-11-02,4,2018-11-06,28.0,34.0,-6.0,1
56804,117,2018,SEN-G,OH,Research Co.,450,2018-11-02,4,2018-11-06,14.0,6.84,7.16,1
56741,118,2018,SEN-G,PA,Research Co.,450,2018-11-02,4,2018-11-06,17.0,13.12,3.88,1
56702,121,2018,SEN-G,TX,Change Research,1211,2018-11-02,4,2018-11-06,0.0,-2.56,2.56,0
56805,127,2018,SEN-G,WI,Research Co.,450,2018-11-02,4,2018-11-06,11.0,10.84,0.16,1
56739,129,2018,SEN-G,MN,Research Co.,450,2018-11-02,4,2018-11-06,10.0,10.62,-0.62,1
56765,96,2018,SEN-G,AZ,OH Predictive Insights,631,2018-11-03,3,2018-11-06,-1.0,2.35,-3.35,1
56793,97,2018,SEN-G,CA,Change Research,1108,2018-11-03,3,2018-11-06,10.0,8.32,1.68,1
56811,106,2018,SEN-G,MI,Change Research,880,2018-11-03,3,2018-11-06,2.0,6.5,-4.5,1
56797,107,2018,SEN-G,MN,Change Research,953,2018-11-03,3,2018-11-06,15.0,24.1,-9.1,1
56806,108,2018,SEN-G,MS,Change Research,1003,2018-11-03,3,2018-11-06,-8.0,-19.02,11.02,0
56762,110,2018,SEN-G,MT,Change Research,879,2018-11-03,3,2018-11-06,-3.0,3.55,-6.55,1
56834,110,2018,SEN-G,MT,Harris Insights & Analytics,500,2018-11-03,3,2018-11-06,7.8,3.55,4.25,1
56778,112,2018,SEN-G,NV,Emerson College,1197,2018-11-03,3,2018-11-06,4.5,5.11,-0.61,1
56763,113,2018,SEN-G,NJ,Change Research,1006,2018-11-03,3,2018-11-06,10.0,11.18,-1.18,1
56818,117,2018,SEN-G,OH,Change Research,923,2018-11-03,3,2018-11-06,10.0,6.84,3.16,1
56758,118,2018,SEN-G,PA,Change Research,1833,2018-11-03,3,2018-11-06,7.0,13.12,-6.12,1
56761,128,2018,SEN-G,WY,Change Research,858,2018-11-03,3,2018-11-06,-29.0,-36.92,7.92,0
56797,129,2018,SEN-G,MN,Change Research,953,2018-11-03,3,2018-11-06,9.0,10.62,-1.62,1
56806,130,2018,SEN-G,MS,Change Research,1003,2018-11-03,3,2018-11-06,13.0,-0.35,13.35,0
56829,96,2018,SEN-G,AZ,Harris Insights & Analytics,600,2018-11-04,2,2018-11-06,4.6,2.35,2.25,1
56830,100,2018,SEN-G,FL,Harris Insights & Analytics,600,2018-11-04,2,2018-11-06,-0.6,-0.12,-0.48,0
56771,100,2018,SEN-G,FL,St. Pete Polls,3088,2018-11-04,2,2018-11-06,3.7,-0.12,3.82,0
56832,102,2018,SEN-G,IN,Harris Insights & Analytics,600,2018-11-04,2,2018-11-06,-1.1,-5.89,4.79,0
56772,106,2018,SEN-G,MI,Mitchell Research & Communications,701,2018-11-04,2,2018-11-06,7.0,6.5,0.5,1
56814,106,2018,SEN-G,MI,Trafalgar Group,1817,2018-11-04,2,2018-11-06,9.0,6.5,2.5,1
56833,109,2018,SEN-G,MO,Harris Insights & Analytics,600,2018-11-04,2,2018-11-06,-0.8,-5.81,5.01,0
56816,110,2018,SEN-G,MT,Trafalgar Group,953,2018-11-04,2,2018-11-06,1.1,3.55,-2.45,1
56831,112,2018,SEN-G,NV,Harris Insights & Analytics,600,2018-11-04,2,2018-11-06,2.3,5.11,-2.81,1
56817,121,2018,SEN-G,TX,Trafalgar Group,2135,2018-11-04,2,2018-11-06,-8.9,-2.56,-6.34,0
56827,96,2018,SEN-G,AZ,Trafalgar Group,1217,2018-11-05,1,2018-11-06,-2.1,2.35,-4.45,1
56825,100,2018,SEN-G,FL,Trafalgar Group,1484,2018-11-05,1,2018-11-06,-1.7,-0.12,-1.58,0
56815,106,2018,SEN-G,MI,Mitchell Research & Communications,827,2018-11-05,1,2018-11-06,3.0,6.5,-3.5,1
56921,6209,2018,SEN-G,MS,JMC Analytics/Bold Blue Campaigns,684,2018-11-22,5,2018-11-27,-10.0,-7.26,-2.74,0
56923,6209,2018,SEN-G,MS,Change Research,1211,2018-11-25,2,2018-11-27,-5.0,-7.26,2.26,0
71235,6266,2020,SEN-G,AL,FM3 Research,801,2020-10-13,21,2020-11-03,1.0,-20.4,21.4,0
71434,6266,2020,SEN-G,AL,Moore Information Group,504,2020-10-13,21,2020-11-03,-15.0,-20.4,5.4,0
71069,6269,2020,SEN-G,CO,Civiqs,1013,2020-10-13,21,2020-11-03,11.0,9.32,1.68,1
71566,6271,2020,SEN-G,GA,Garin-Hart-Yang Research Group,600,2020-10-13,21,2020-11-03,5.0,-1.78,6.78,0
71238,6280,2020,SEN-G,MI,Trafalgar Group,1018,2020-10-13,21,2020-11-03,-1.4,1.68,-3.08,1
71070,6284,2020,SEN-G,NC,Civiqs,1211,2020-10-13,21,2020-11-03,6.0,-1.75,7.75,0
71068,6296,2020,SEN-G,VA,Civiqs,1231,2020-10-13,21,2020-11-03,11.0,12.1,-1.1,1
71352,6269,2020,SEN-G,CO,RBI Strategies & Research,502,2020-10-14,20,2020-11-03,14.0,9.32,4.68,1
71759,6271,2020,SEN-G,GA,National Research,800,2020-10-14,20,2020-11-03,0.0,-1.78,1.78,0
71443,6276,2020,SEN-G,KY,Mason-Dixon Polling & Strategy,625,2020-10-14,20,2020-11-03,-9.0,-19.53,10.53,0
71178,6280,2020,SEN-G,MI,Harris Insights & Analytics,1289,2020-10-14,20,2020-11-03,7.0,1.68,5.32,1
71455,6281,2020,SEN-G,MN,Change Research,1021,2020-10-14,20,2020-11-03,4.0,5.24,-1.24,1
71161,6284,2020,SEN-G,NC,Emerson College,721,2020-10-14,20,2020-11-03,1.1,-1.75,2.85,0
71233,6292,2020,SEN-G,SC,brilliant corners Research & Strategies,525,2020-10-14,20,2020-11-03,2.0,-10.28,12.28,0
71759,7780,2020,SEN-G,GA,National Research,800,2020-10-14,20,2020-11-03,12.0,6.99,5.01,1
72141,6267,2020,SEN-G,AR,University of Arkansas Department of Political Science,591,2020-10-15,19,2020-11-03,55.0,33.06,21.94,1
71295,6268,2020,SEN-G,AZ,YouGov,1065,2020-10-15,19,2020-11-03,11.0,2.35,8.65,1
71441,6284,2020,SEN-G,NC,ABC News/The Washington Post,646,2020-10-15,19,2020-11-03,2.0,-1.75,3.75,0
71169,6295,2020,SEN-G,TX,Public Policy Polling,712,2020-10-15,19,2020-11-03,-3.0,-9.64,6.64,0
71637,6268,2020,SEN-G,AZ,Morning Consult,1066,2020-10-16,18,2020-11-03,4.0,2.35,1.65,1
71638,6269,2020,SEN-G,CO,Morning Consult,788,2020-10-16,18,2020-11-03,8.0,9.32,-1.32,1
71640,6271,2020,SEN-G,GA,Morning Consult,1672,2020-10-16,18,2020-11-03,-2.0,-1.78,-0.22,0
71454,6271,2020,SEN-G,GA,The New York Times/Siena College,759,2020-10-16,18,2020-11-03,0.0,-1.78,1.78,0
71641,6280,2020,SEN-G,MI,Morning Consult,1717,2020-10-16,18,2020-11-03,6.0,1.68,4.32,1
71643,6284,2020,SEN-G,NC,Morning Consult,1904,2020-10-16,18,2020-11-03,6.0,-1.75,7.75,0
71528,6288,2020,SEN-G,NM,GBAO,600,2020-10-16,18,2020-11-03,11.0,6.11,4.89,1
71646,6292,2020,SEN-G,SC,Morning Consult,926,2020-10-16,18,2020-11-03,2.0,-10.28,12.28,0
71647,6295,2020,SEN-G,TX,Morning Consult,3347,2020-10-16,18,2020-11-03,-5.0,-9.64,4.64,0
71659,6296,2020,SEN-G,VA,The Washington Post/George Mason University Schar School of Policy and Government,908,2020-10-16,18,2020-11-03,18.0,12.1,5.9,1
71454,7780,2020,SEN-G,GA,The New York Times/Siena College,759,2020-10-16,18,2020-11-03,9.0,6.99,2.01,1
71451,6268,2020,SEN-G,AZ,Data Orbital,550,2020-10-17,17,2020-11-03,6.2,2.35,3.85,1
71461,6268,2020,SEN-G,AZ,RMG Research,800,2020-10-17,17,2020-11-03,7.0,2.35,4.65,1
71548,6272,2020,SEN-G,IA,Monmouth University,501,2020-10-17,17,2020-11-03,4.0,-6.6,10.6,0
71623,6280,2020,SEN-G,MI,Data for Progress,830,2020-10-17,17,2020-11-03,5.0,1.68,3.32,1
71738,6280,2020,SEN-G,MI,EPIC-MRA,600,2020-10-17,17,2020-11-03,6.0,1.68,4.32,1
71462,6280,2020,SEN-G,MI,Ipsos,686,2020-10-17,17,2020-11-03,5.0,1.68,3.32,1
71649,6280,2020,SEN-G,MI,Trafalgar Group,1034,2020-10-17,17,2020-11-03,-2.2,1.68,-3.88,1
71363,6283,2020,SEN-G,MT,RMG Research,800,2020-10-17,17,2020-11-03,-2.0,-10.02,8.02,0
71752,6284,2020,SEN-G,NC,Data for Progress,929,2020-10-17,17,2020-11-03,4.0,-1.75,5.75,0
71452,6284,2020,SEN-G,NC,East Carolina University Center for Survey Research,1155,2020-10-17,17,2020-11-03,1.4,-1.75,3.15,0
71463,6284,2020,SEN-G,NC,Ipsos,660,2020-10-17,17,2020-11-03,0.0,-1.75,1.75,0
71437,6295,2020,SEN-G,TX,Data for Progress,933,2020-10-17,17,2020-11-03,-3.0,-9.64,6.64,0
71884,6295,2020,SEN-G,TX,University of Texas at Tyler Center for Opinion Research,925,2020-10-17,17,2020-11-03,-8.0,-9.64,1.64,0
71955,6295,2020,SEN-G,TX,YouGov,1000,2020-10-17,17,2020-11-03,-7.3,-9.64,2.34,0
71735,6265,2020,SEN-G,AK,Change Research,1076,2020-10-18,16,2020-11-03,-3.0,-12.73,9.73,0
71519,6268,2020,SEN-G,AZ,Change Research,232,2020-10-18,16,2020-11-03,11.0,2.35,8.65,1
71621,6268,2020,SEN-G,AZ,Ipsos,658,2020-10-18,16,2020-11-03,8.0,2.35,5.65,1
71435,6271,2020,SEN-G,GA,Emerson College,506,2020-10-18,16,2020-11-03,-1.6,-1.78,0.18,0
71733,6272,2020,SEN-G,IA,RMG Research,800,2020-10-18,16,2020-11-03,3.0,-6.6,9.6,0
71972,6278,2020,SEN-G,MA,YouGov,713,2020-10-18,16,2020-11-03,39.0,33.18,5.82,1
71521,6280,2020,SEN-G,MI,Change Research,718,2020-10-18,16,2020-11-03,5.0,1.68,3.32,1
71367,6280,2020,SEN-G,MI,Mitchell Research & Communications,900,2020-10-18,16,2020-11-03,6.0,1.68,4.32,1
71632,6281,2020,SEN-G,MN,SurveyUSA,625,2020-10-18,16,2020-11-03,1.0,5.24,-4.24,1
71677,6283,2020,SEN-G,MT,Strategies 360,500,2020-10-18,16,2020-11-03,-1.0,-10.02,9.02,0
71522,6284,2020,SEN-G,NC,Change Research,521,2020-10-18,16,2020-11-03,6.0,-1.75,7.75,0
71746,6284,2020,SEN-G,NC,Meredith College,732,2020-10-18,16,2020-11-03,5.1,-1.75,6.85,0
71629,6289,2020,SEN-G,OK,SoonerPoll.com,5466,2020-10-18,16,2020-11-03,-19.5,-30.16,10.66,0
71556,6295,2020,SEN-G,TX,Quinnipiac University,1145,2020-10-18,16,2020-11-03,-6.0,-9.64,3.64,0
72189,6296,2020,SEN-G,VA,Virginia Commonwealth University L. Douglas Wilder School of Government and Public Affairs,709,2020-10-18,16,2020-11-03,17.0,12.1,4.9,1
72334,6298,2020,SEN-G,WY,University of Wyoming Survey & Analysis Center,614,2020-10-18,16,2020-11-03,-30.0,-46.28,16.28,0
71435,7780,2020,SEN-G,GA,Emerson College,506,2020-10-18,16,2020-11-03,6.6,6.99,-0.39,1
71546,6268,2020,SEN-G,AZ,Rasmussen Reports,800,2020-10-19,15,2020-11-03,2.0,2.35,-0.35,1
72181,6271,2020,SEN-G,GA,Citizen Data,1000,2020-10-19,15,2020-11-03,6.86,-1.78,8.64,0
71944,6271,2020,SEN-G,GA,University of Georgia School of Public and International Affairs,1145,2020-10-19,15,2020-11-03,1.1,-1.78,2.88,0
71465,6272,2020,SEN-G,IA,InsiderAdvantage,400,2020-10-19,15,2020-11-03,4.7,-6.6,11.3,0
71553,6272,2020,SEN-G,IA,The New York Times/Siena College,753,2020-10-19,15,2020-11-03,-1.0,-6.6,5.6,0
71673,6275,2020,SEN-G,KS,The New York Times/Siena College,755,2020-10-19,15,2020-11-03,-4.0,-11.43,7.43,0
71545,6275,2020,SEN-G,KS,co/efficient,2453,2020-10-19,15,2020-11-03,-12.0,-11.43,-0.57,0
71625,6280,2020,SEN-G,MI,Beacon Research/Shaw & Co. Research,1032,2020-10-19,15,2020-11-03,8.0,1.68,6.32,1
72182,6280,2020,SEN-G,MI,Citizen Data,1000,2020-10-19,15,2020-11-03,3.55,1.68,1.87,1
71539,6281,2020,SEN-G,MN,Civiqs,840,2020-10-19,15,2020-11-03,11.0,5.24,5.76,1
71747,6283,2020,SEN-G,MT,The New York Times/Siena College,758,2020-10-19,15,2020-11-03,-3.0,-10.02,7.02,0
72183,6284,2020,SEN-G,NC,Citizen Data,1000,2020-10-19,15,2020-11-03,6.12,-1.75,7.87,0
72186,6295,2020,SEN-G,TX,Citizen Data,1000,2020-10-19,15,2020-11-03,-0.2,-9.64,9.44,0
71458,6295,2020,SEN-G,TX,Cygnal,600,2020-10-19,15,2020-11-03,-8.1,-9.64,1.54,0
72181,7780,2020,SEN-G,GA,Citizen Data,1000,2020-10-19,15,2020-11-03,17.59,6.99,10.6,1
71944,7780,2020,SEN-G,GA,University of Georgia School of Public and International Affairs,1145,2020-10-19,15,2020-11-03,14.3,6.99,7.31,1
71560,6265,2020,SEN-G,AK,Public Policy Polling,800,2020-10-20,14,2020-11-03,-3.0,-12.73,9.73,0
72412,6268,2020,SEN-G,AZ,Y2 Analytics,700,2020-10-20,14,2020-11-03,4.0,2.35,1.65,1
71562,6272,2020,SEN-G,IA,Emerson College,435,2020-10-20,14,2020-11-03,-4.08,-6.6,2.52,0
71558,6275,2020,SEN-G,KS,Public Policy Polling,897,2020-10-20,14,2020-11-03,0.0,-11.43,11.43,0
71672,6276,2020,SEN-G,KY,Cygnal,640,2020-10-20,14,2020-11-03,-10.3,-19.53,9.23,0
72503,6281,2020,SEN-G,MN,St. Cloud State University,372,2020-10-20,14,2020-11-03,17.0,5.24,11.76,1
71675,6285,2020,SEN-G,NE,Cygnal,625,2020-10-20,14,2020-11-03,-29.9,-38.55,8.65,0
71750,6268,2020,SEN-G,AZ,Susquehanna Polling & Research Inc.,500,2020-10-21,13,2020-11-03,-3.0,2.35,-5.35,1
72147,6268,2020,SEN-G,AZ,Univision/Latino Decisions/North Star Opinion Research,725,2020-10-21,13,2020-11-03,12.0,2.35,9.65,1
71763,6271,2020,SEN-G,GA,Landmark Communications,500,2020-10-21,13,2020-11-03,-5.6,-1.78,-3.82,0
71662,6284,2020,SEN-G,NC,Rasmussen Reports,800,2020-10-21,13,2020-11-03,0.0,-1.75,1.75,0
71891,6284,2020,SEN-G,NC,Trafalgar Group,1098,2020-10-21,13,2020-11-03,-1.8,-1.75,-0.05,0
72208,6286,2020,SEN-G,NH,University of Massachusetts Lowell Center for Public Opinion,757,2020-10-21,13,2020-11-03,19.0,15.66,3.34,1
72205,6287,2020,SEN-G,NJ,Rutgers University Eagleton Center for Public Interest Polling,872,2020-10-21,13,2020-11-03,30.0,16.31,13.69,1
71749,6294,2020,SEN-G,TN,Cygnal,610,2020-10-21,13,2020-11-03,-20.7,-27.04,6.34,0
72149,6295,2020,SEN-G,TX,Univision/Latino Decisions/North Star Opinion Research,758,2020-10-21,13,2020-11-03,-5.0,-9.64,4.64,0
72078,6296,2020,SEN-G,VA,Christopher Newport University Wason Center for Civic Leadership,908,2020-10-21,13,2020-11-03,20.0,12.1,7.9,1
71763,7780,2020,SEN-G,GA,Landmark Communications,500,2020-10-21,13,2020-11-03,9.2,6.99,2.21,1
71959,6266,2020,SEN-G,AL,Cygnal,645,2020-10-22,12,2020-11-03,-13.6,-20.4,6.8,0
71888,6271,2020,SEN-G,GA,YouGov,1090,2020-10-22,12,2020-11-03,-1.0,-1.78,0.78,0
72239,6276,2020,SEN-G,KY,Bluegrass Community and Technical College,250,2020-10-22,12,2020-11-03,-10.4,-19.53,9.13,0
71679,6280,2020,SEN-G,MI,Public Policy Polling,804,2020-10-22,12,2020-11-03,9.0,1.68,7.32,1
72162,6283,2020,SEN-G,MT,Montana State University Billings Mountain States Poll,546,2020-10-22,12,2020-11-03,1.0,-10.02,11.02,0
71889,6284,2020,SEN-G,NC,YouGov,1022,2020-10-22,12,2020-11-03,6.0,-1.75,7.75,0
72067,6268,2020,SEN-G,AZ,Patinkin Research Strategies,729,2020-10-23,11,2020-11-03,7.0,2.35,4.65,1
72063,6272,2020,SEN-G,IA,RABA Research,693,2020-10-23,11,2020-11-03,6.0,-6.6,12.6,0
72076,6279,2020,SEN-G,ME,Colby College,879,2020-10-23,11,2020-11-03,3.2,-8.6,11.8,0
72074,6280,2020,SEN-G,MI,ABC News/The Washington Post,789,2020-10-23,11,2020-11-03,6.0,1.68,4.32,1
72058,6280,2020,SEN-G,MI,Ipsos,652,2020-10-23,11,2020-11-03,6.0,1.68,4.32,1
72207,6284,2020,SEN-G,NC,University of Massachusetts Lowell Center for Public Opinion,911,2020-10-23,11,2020-11-03,4.0,-1.75,5.75,0
71967,6295,2020,SEN-G,TX,The New York Times/Siena College,802,2020-10-23,11,2020-11-03,-10.0,-9.64,-0.36,0
72206,6295,2020,SEN-G,TX,University of Massachusetts Lowell Center for Public Opinion,873,2020-10-23,11,2020-11-03,-5.0,-9.64,4.64,0
72166,6268,2020,SEN-G,AZ,Ipsos,714,2020-10-24,10,2020-11-03,7.0,2.35,4.65,1
72055,6268,2020,SEN-G,AZ,OH Predictive Insights,716,2020-10-24,10,2020-11-03,5.0,2.35,2.65,1
72161,6268,2020,SEN-G,AZ,The Justice Collaborative Institute,1007,2020-10-24,10,2020-11-03,10.0,2.35,7.65,1
72065,6280,2020,SEN-G,MI,Glengariff Group,600,2020-10-24,10,2020-11-03,9.6,1.68,7.92,1
71890,6280,2020,SEN-G,MI,Gravis Marketing/Kaplan Strategies,679,2020-10-24,10,2020-11-03,11.0,1.68,9.32,1
72139,6284,2020,SEN-G,NC,Harper Polling,504,2020-10-24,10,2020-11-03,3.0,-1.75,4.75,0
72059,6284,2020,SEN-G,NC,Ipsos,647,2020-10-24,10,2020-11-03,1.0,-1.75,2.75,0
71957,6295,2020,SEN-G,TX,Data for Progress,1018,2020-10-24,10,2020-11-03,-2.0,-9.64,7.64,0
72295,6266,2020,SEN-G,AL,Swayable,232,2020-10-25,9,2020-11-03,-8.8,-20.4,11.6,0
72296,6268,2020,SEN-G,AZ,Swayable,286,2020-10-25,9,2020-11-03,11.6,2.35,9.25,1
72040,6271,2020,SEN-G,GA,Civiqs,1041,2020-10-25,9,2020-11-03,6.0,-1.78,7.78,0
72146,6271,2020,SEN-G,GA,Monmouth University,504,2020-10-25,9,2020-11-03,1.5,-1.78,3.28,0
72299,6271,2020,SEN-G,GA,Swayable,342,2020-10-25,9,2020-11-03,-1.6,-1.78,0.18,0
72220,6272,2020,SEN-G,IA,Quinnipiac University,1225,2020-10-25,9,2020-11-03,-2.0,-6.6,4.6,0
72179,6279,2020,SEN-G,ME,SurveyUSA,1007,2020-10-25,9,2020-11-03,1.5,-8.6,10.1,0
72311,6280,2020,SEN-G,MI,Kiaer Research,669,2020-10-25,9,2020-11-03,12.8,1.68,11.12,1
72152,6280,2020,SEN-G,MI,The New York Times/Siena College,856,2020-10-25,9,2020-11-03,8.0,1.68,6.32,1
72302,6280,2020,SEN-G,MI,Swayable,365,2020-10-25,9,2020-11-03,16.8,1.68,15.12,1
72073,6280,2020,SEN-G,MI,Tarrance Group,600,2020-10-25,9,2020-11-03,1.3,1.68,-0.38,1
72056,6281,2020,SEN-G,MN,Gravis Marketing/Kaplan Strategies,657,2020-10-25,9,2020-11-03,14.0,5.24,8.76,1
72171,6281,2020,SEN-G,MN,SurveyUSA,649,2020-10-25,9,2020-11-03,3.0,5.24,-2.24,1
72041,6282,2020,SEN-G,MS,Civiqs,507,2020-10-25,9,2020-11-03,-8.0,-9.98,1.98,0
72054,6284,2020,SEN-G,NC,RMG Research,800,2020-10-25,9,2020-11-03,7.0,-1.75,8.75,0
72215,6284,2020,SEN-G,NC,The New York Times/Siena College,1034,2020-10-25,9,2020-11-03,3.0,-1.75,4.75,0
72061,6284,2020,SEN-G,NC,SurveyUSA,627,2020-10-25,9,2020-11-03,3.0,-1.75,4.75,0
72303,6284,2020,SEN-G,NC,Swayable,363,2020-10-25,9,2020-11-03,-0.6,-1.75,1.15,0
72233,6286,2020,SEN-G,NH,Saint Anselm College Survey Center,1018,2020-10-25,9,2020-11-03,15.0,15.66,-0.66,1
72304,6287,2020,SEN-G,NJ,Swayable,363,2020-10-25,9,2020-11-03,22.0,16.31,5.69,1
72071,6292,2020,SEN-G,SC,Data for Progress,1196,2020-10-25,9,2020-11-03,0.0,-10.28,10.28,0
72157,6292,2020,SEN-G,SC,East Carolina University Center for Survey Research,763,2020-10-25,9,2020-11-03,-1.84,-10.28,8.44,0
72308,6295,2020,SEN-G,TX,Swayable,492,2020-10-25,9,2020-11-03,-4.8,-9.64,4.84,0
72309,6296,2020,SEN-G,VA,Swayable,332,2020-10-25,9,2020-11-03,19.4,12.1,7.3,1
72040,7780,2020,SEN-G,GA,Civiqs,1041,2020-10-25,9,2020-11-03,26.0,6.99,19.01,1
72146,7780,2020,SEN-G,GA,Monmouth University,504,2020-10-25,9,2020-11-03,19.5,6.99,12.51,1
72223,6266,2020,SEN-G,AL,Auburn University at Montgomery Department of Political Science and Public Administration,853,2020-10-26,8,2020-11-03,-10.9,-20.4,9.5,0
72165,6275,2020,SEN-G,KS,GBAO,600,2020-10-26,8,2020-11-03,0.5,-11.43,11.93,0
72240,6275,2020,SEN-G,KS,VCreek/AMG,1149,2020-10-26,8,2020-11-03,-3.57,-11.43,7.86,0
72170,6280,2020,SEN-G,MI,Mitchell Research & Communications,759,2020-10-26,8,2020-11-03,9.6,1.68,7.92,1
72397,6284,2020,SEN-G,NC,Meeting Street Insights,600,2020-10-26,8,2020-11-03,4.0,-1.75,5.75,0
72230,6286,2020,SEN-G,NH,University of New Hampshire Survey Center,864,2020-10-26,8,2020-11-03,11.0,15.66,-4.66,1
72400,6288,2020,SEN-G,NM,Research & Polling Inc.,1180,2020-10-26,8,2020-11-03,8.0,6.11,1.89,1
72032,6292,2020,SEN-G,SC,Starboard Communications,800,2020-10-26,8,2020-11-03,-9.4,-10.28,0.88,0
72794,6293,2020,SEN-G,SD,Nielson Brothers Polling,479,2020-10-26,8,2020-11-03,-17.0,-31.48,14.48,0
72402,6296,2020,SEN-G,VA,Roanoke College Institute for Policy and Opinion Research,802,2020-10-26,8,2020-11-03,16.0,12.1,3.9,1
72193,6265,2020,SEN-G,AK,Gravis Marketing/Kaplan Strategies,770,2020-10-27,7,2020-11-03,-3.0,-12.73,9.73,0
72617,6266,2020,SEN-G,AL,Morning Consult,850,2020-10-27,7,2020-11-03,-12.1,-20.4,8.3,0
72158,6268,2020,SEN-G,AZ,Gravis Marketing/Kaplan Strategies,704,2020-10-27,7,2020-11-03,5.0,2.35,2.65,1
72602,6268,2020,SEN-G,AZ,Morning Consult,1059,2020-10-27,7,2020-11-03,3.5,2.35,1.15,1
72417,6268,2020,SEN-G,AZ,SSRS,865,2020-10-27,7,2020-11-03,7.0,2.35,4.65,1
72603,6269,2020,SEN-G,CO,Morning Consult,727,2020-10-27,7,2020-11-03,7.9,9.32,-1.42,1
72605,6271,2020,SEN-G,GA,Morning Consult,1743,2020-10-27,7,2020-11-03,1.0,-1.78,2.78,0
72618,6276,2020,SEN-G,KY,Morning Consult,911,2020-10-27,7,2020-11-03,-11.3,-19.53,8.23,0
72715,6278,2020,SEN-G,MA,MassINC Polling Group,929,2020-10-27,7,2020-11-03,31.0,33.18,-2.18,1
72483,6280,2020,SEN-G,MI,EPIC-MRA,600,2020-10-27,7,2020-11-03,5.0,1.68,3.32,1
72607,6280,2020,SEN-G,MI,Morning Consult,1736,2020-10-27,7,2020-11-03,5.7,1.68,4.02,1
72416,6280,2020,SEN-G,MI,SSRS,907,2020-10-27,7,2020-11-03,12.0,1.68,10.32,1
72062,6283,2020,SEN-G,MT,Public Policy Polling,886,2020-10-27,7,2020-11-03,1.0,-10.02,11.02,0
72153,6284,2020,SEN-G,NC,Gravis Marketing/Kaplan Strategies,614,2020-10-27,7,2020-11-03,2.0,-1.75,3.75,0
72331,6284,2020,SEN-G,NC,Marist College,800,2020-10-27,7,2020-11-03,10.0,-1.75,11.75,0
72610,6284,2020,SEN-G,NC,Morning Consult,1982,2020-10-27,7,2020-11-03,4.9,-1.75,6.65,0
72057,6284,2020,SEN-G,NC,Public Policy Polling,937,2020-10-27,7,2020-11-03,3.0,-1.75,4.75,0
72418,6284,2020,SEN-G,NC,SSRS,901,2020-10-27,7,2020-11-03,3.0,-1.75,4.75,0
72226,6286,2020,SEN-G,NH,American Research Group,600,2020-10-27,7,2020-11-03,17.0,15.66,1.34,1
72613,6292,2020,SEN-G,SC,Morning Consult,904,2020-10-27,7,2020-11-03,-2.2,-10.28,8.08,0
72614,6295,2020,SEN-G,TX,Morning Consult,3267,2020-10-27,7,2020-11-03,-4.2,-9.64,5.44,0
72217,6268,2020,SEN-G,AZ,Rasmussen Reports,800,2020-10-28,6,2020-11-03,5.0,2.35,2.65,1
72478,6268,2020,SEN-G,AZ,The New York Times/Siena College,1252,2020-10-28,6,2020-11-03,7.0,2.35,4.65,1
72777,6269,2020,SEN-G,CO,Swayable,443,2020-10-28,6,2020-11-03,13.8,9.32,4.48,1
72336,6271,2020,SEN-G,GA,Landmark Communications,750,2020-10-28,6,2020-11-03,0.1,-1.78,1.88,0
72187,6271,2020,SEN-G,GA,Public Policy Polling,661,2020-10-28,6,2020-11-03,3.0,-1.78,4.78,0
72420,6272,2020,SEN-G,IA,Selzer & Co.,814,2020-10-28,6,2020-11-03,-4.0,-6.6,2.6,0
72779,6276,2020,SEN-G,KY,Swayable,365,2020-10-28,6,2020-11-03,-2.8,-19.53,16.73,0
72335,6280,2020,SEN-G,MI,RMG Research,800,2020-10-28,6,2020-11-03,9.0,1.68,7.32,1
72587,6280,2020,SEN-G,MI,Targoz Market Research,993,2020-10-28,6,2020-11-03,11.0,1.68,9.32,1
72782,6281,2020,SEN-G,MN,Swayable,430,2020-10-28,6,2020-11-03,9.0,5.24,3.76,1
72586,6281,2020,SEN-G,MN,Targoz Market Research,1138,2020-10-28,6,2020-11-03,9.0,5.24,3.76,1
72321,6284,2020,SEN-G,NC,Cardinal Point Analytics (CardinalGPS),750,2020-10-28,6,2020-11-03,-5.25,-1.75,-3.5,0
72332,6284,2020,SEN-G,NC,East Carolina University Center for Survey Research,1103,2020-10-28,6,2020-11-03,1.54,-1.75,3.29,0
72785,6292,2020,SEN-G,SC,Swayable,416,2020-10-28,6,2020-11-03,5.9,-10.28,16.18,0
72786,6294,2020,SEN-G,TN,Swayable,431,2020-10-28,6,2020-11-03,-21.4,-27.04,5.64,0
72498,6295,2020,SEN-G,TX,Gravis Marketing/Kaplan Strategies,670,2020-10-28,6,2020-11-03,-6.0,-9.64,3.64,0
72229,6295,2020,SEN-G,TX,RMG Research,800,2020-10-28,6,2020-11-03,-6.0,-9.64,3.64,0
72336,7780,2020,SEN-G,GA,Landmark Communications,750,2020-10-28,6,2020-11-03,11.8,6.99,4.81,1
72187,7780,2020,SEN-G,GA,Public Policy Polling,661,2020-10-28,6,2020-11-03,19.0,6.99,12.01,1
72632,6268,2020,SEN-G,AZ,Data Orbital,550,2020-10-29,5,2020-11-03,1.1,2.35,-1.25,1
72493,6280,2020,SEN-G,MI,Mitchell Research & Communications,817,2020-10-29,5,2020-11-03,5.4,1.68,3.72,1
72326,6284,2020,SEN-G,NC,Rasmussen Reports,800,2020-10-29,5,2020-11-03,3.0,-1.75,4.75,0
72591,6266,2020,SEN-G,AL,Data for Progress,1045,2020-10-30,4,2020-11-03,-12.0,-20.4,8.4,0
72763,6266,2020,SEN-G,AL,Swayable,294,2020-10-30,4,2020-11-03,-15.3,-20.4,5.1,0
72585,6268,2020,SEN-G,AZ,Data for Progress,1195,2020-10-30,4,2020-11-03,8.0,2.35,5.65,1
72495,6268,2020,SEN-G,AZ,Emerson College,732,2020-10-30,4,2020-11-03,2.7,2.35,0.35,1
72653,6268,2020,SEN-G,AZ,Ipsos,610,2020-10-30,4,2020-11-03,9.0,2.35,6.65,1
72764,6268,2020,SEN-G,AZ,Swayable,333,2020-10-30,4,2020-11-03,10.0,2.35,7.65,1
72584,6269,2020,SEN-G,CO,Data for Progress,709,2020-10-30,4,2020-11-03,9.0,9.32,-0.32,1
72738,6271,2020,SEN-G,GA,Data for Progress,1036,2020-10-30,4,2020-11-03,5.0,-1.78,6.78,0
72517,6271,2020,SEN-G,GA,Emerson College,749,2020-10-30,4,2020-11-03,1.3,-1.78,3.08,0
72766,6271,2020,SEN-G,GA,Swayable,407,2020-10-30,4,2020-11-03,-1.3,-1.78,0.48,0
72741,6272,2020,SEN-G,IA,Data for Progress,951,2020-10-30,4,2020-11-03,4.0,-6.6,10.6,0
72489,6272,2020,SEN-G,IA,Emerson College,604,2020-10-30,4,2020-11-03,3.1,-6.6,9.7,0
72492,6272,2020,SEN-G,IA,InsiderAdvantage,400,2020-10-30,4,2020-11-03,-5.6,-6.6,1.0,0
72723,6275,2020,SEN-G,KS,Data for Progress,1121,2020-10-30,4,2020-11-03,-6.0,-11.43,5.43,0
72511,6279,2020,SEN-G,ME,Emerson College,611,2020-10-30,4,2020-11-03,1.8,-8.6,10.4,0
72487,6280,2020,SEN-G,MI,Emerson College,700,2020-10-30,4,2020-11-03,5.8,1.68,4.12,1
72508,6280,2020,SEN-G,MI,Ipsos,654,2020-10-30,4,2020-11-03,7.0,1.68,5.32,1
72333,6280,2020,SEN-G,MI,Public Policy Polling,745,2020-10-30,4,2020-11-03,10.0,1.68,8.32,1
72769,6280,2020,SEN-G,MI,Swayable,393,2020-10-30,4,2020-11-03,7.2,1.68,5.52,1
72740,6281,2020,SEN-G,MN,Data for Progress,1259,2020-10-30,4,2020-11-03,10.0,5.24,4.76,1
72405,6281,2020,SEN-G,MN,Public Policy Polling,770,2020-10-30,4,2020-11-03,9.0,5.24,3.76,1
72739,6282,2020,SEN-G,MS,Data for Progress,562,2020-10-30,4,2020-11-03,-3.0,-9.98,6.98,0
72581,6284,2020,SEN-G,NC,Data for Progress,908,2020-10-30,4,2020-11-03,5.0,-1.75,6.75,0
72515,6284,2020,SEN-G,NC,Emerson College,855,2020-10-30,4,2020-11-03,3.2,-1.75,4.95,0
72659,6284,2020,SEN-G,NC,Ipsos,707,2020-10-30,4,2020-11-03,2.0,-1.75,3.75,0
72770,6284,2020,SEN-G,NC,Swayable,619,2020-10-30,4,2020-11-03,6.4,-1.75,8.15,0
72724,6292,2020,SEN-G,SC,Data for Progress,880,2020-10-30,4,2020-11-03,-3.0,-10.28,7.28,0
72583,6295,2020,SEN-G,TX,Data for Progress,926,2020-10-30,4,2020-11-03,-3.0,-9.64,6.64,0
72518,6295,2020,SEN-G,TX,Emerson College,763,2020-10-30,4,2020-11-03,-4.0,-9.64,5.64,0
72774,6295,2020,SEN-G,TX,Swayable,1042,2020-10-30,4,2020-11-03,-13.0,-9.64,-3.36,0
72590,6296,2020,SEN-G,VA,Data for Progress,690,2020-10-30,4,2020-11-03,15.0,12.1,2.9,1
72775,6296,2020,SEN-G,VA,Swayable,283,2020-10-30,4,2020-11-03,21.4,12.1,9.3,1
72738,7780,2020,SEN-G,GA,Data for Progress,1036,2020-10-30,4,2020-11-03,15.0,6.99,8.01,1
72517,7780,2020,SEN-G,GA,Emerson College,749,2020-10-30,4,2020-11-03,14.4,6.99,7.41,1
72726,6268,2020,SEN-G,AZ,Change Research,409,2020-10-31,3,2020-11-03,4.0,2.35,1.65,1
72649,6268,2020,SEN-G,AZ,Marist College,717,2020-10-31,3,2020-11-03,6.0,2.35,3.65,1
72580,6269,2020,SEN-G,CO,Keating Research/OnSight Public Affairs/Melanson,502,2020-10-31,3,2020-11-03,11.0,9.32,1.68,1
72756,6272,2020,SEN-G,IA,Change Research,1084,2020-10-31,3,2020-11-03,1.0,-6.6,7.6,0
72577,6272,2020,SEN-G,IA,Civiqs,853,2020-10-31,3,2020-11-03,3.0,-6.6,9.6,0
72716,6274,2020,SEN-G,IL,Victory Research,1208,2020-10-31,3,2020-11-03,25.0,16.06,8.94,1
72801,6279,2020,SEN-G,ME,Change Research,1024,2020-10-31,3,2020-11-03,6.0,-8.6,14.6,0
72728,6280,2020,SEN-G,MI,Change Research,383,2020-10-31,3,2020-11-03,5.0,1.68,3.32,1
72762,6283,2020,SEN-G,MT,Change Research,920,2020-10-31,3,2020-11-03,-4.0,-10.02,6.02,0
72729,6284,2020,SEN-G,NC,Change Research,473,2020-10-31,3,2020-11-03,4.0,-1.75,5.75,0
72635,6284,2020,SEN-G,NC,Frederick Polls,676,2020-10-31,3,2020-11-03,4.0,-1.75,5.75,0
72661,6271,2020,SEN-G,GA,Landmark Communications,500,2020-11-01,2,2020-11-03,-2.1,-1.78,-0.32,0
72623,6274,2020,SEN-G,IL,Research Co.,450,2020-11-01,2,2020-11-03,22.0,16.06,5.94,1
72624,6280,2020,SEN-G,MI,Research Co.,450,2020-11-01,2,2020-11-03,15.0,1.68,13.32,1
72625,6281,2020,SEN-G,MN,Research Co.,450,2020-11-01,2,2020-11-03,11.0,5.24,5.76,1
72626,6287,2020,SEN-G,NJ,Research Co.,450,2020-11-01,2,2020-11-03,23.0,16.31,6.69,1
72864,6292,2020,SEN-G,SC,Øptimus Analytics,802,2020-11-01,2,2020-11-03,-9.8,-10.28,0.48,0
72661,7780,2020,SEN-G,GA,Landmark Communications,500,2020-11-01,2,2020-11-03,10.8,6.99,3.81,1
72621,6272,2020,SEN-G,IA,Public Policy Polling,871,2020-11-02,1,2020-11-03,1.0,-6.6,7.6,0
73801,7781,2020,SEN-G,GA,Emerson College,605,2020-12-15,21,2021-01-05,-2.4,2.08,-4.48,1
73835,7781,2020,SEN-G,GA,Trafalgar Group,1064,2020-12-15,21,2021-01-05,-6.7,2.08,-8.78,1
73801,8737,2020,SEN-G,GA,Emerson College,605,2020-12-15,21,2021-01-05,-2.0,1.22,-3.22,1
73835,8737,2020,SEN-G,GA,Trafalgar Group,1064,2020-12-15,21,2021-01-05,-2.7,1.22,-3.92,1
73888,7781,2020,SEN-G,GA,Reconnect Research/Probolsky Research,1027,2020-12-18,18,2021-01-05,1.0,2.08,-1.08,1
73860,7781,2020,SEN-G,GA,SurveyUSA,600,2020-12-18,18,2021-01-05,7.0,2.08,4.92,1
73888,8737,2020,SEN-G,GA,Reconnect Research/Probolsky Research,1027,2020-12-18,18,2021-01-05,-1.0,1.22,-2.22,1
73860,8737,2020,SEN-G,GA,SurveyUSA,600,2020-12-18,18,2021-01-05,5.0,1.22,3.78,1
73955,7781,2020,SEN-G,GA,Mellman Group,578,2020-12-20,16,2021-01-05,3.0,2.08,0.92,1
73955,8737,2020,SEN-G,GA,Mellman Group,578,2020-12-20,16,2021-01-05,3.0,1.22,1.78,1
73886,7781,2020,SEN-G,GA,InsiderAdvantage,500,2020-12-22,14,2021-01-05,1.2,2.08,-0.88,1
73886,8737,2020,SEN-G,GA,InsiderAdvantage,500,2020-12-22,14,2021-01-05,-1.9,1.22,-3.12,1
73898,7781,2020,SEN-G,GA,Open Model Project,1405,2020-12-24,12,2021-01-05,-4.1,2.08,-6.18,1
73898,8737,2020,SEN-G,GA,Open Model Project,1405,2020-12-24,12,2021-01-05,-3.9,1.22,-5.12,1
73906,7781,2020,SEN-G,GA,Trafalgar Group,1022,2020-12-25,11,2021-01-05,0.8,2.08,-1.28,1
73906,8737,2020,SEN-G,GA,Trafalgar Group,1022,2020-12-25,11,2021-01-05,2.7,1.22,1.48,1
73957,7781,2020,SEN-G,GA,AtlasIntel,1680,2020-12-29,7,2021-01-05,4.2,2.08,2.12,1
73908,7781,2020,SEN-G,GA,JMC Analytics,500,2020-12-29,7,2021-01-05,9.0,2.08,6.92,1
73957,8737,2020,SEN-G,GA,AtlasIntel,1680,2020-12-29,7,2021-01-05,4.3,1.22,3.08,1
73908,8737,2020,SEN-G,GA,JMC Analytics,500,2020-12-29,7,2021-01-05,8.0,1.22,6.78,1
73956,7781,2020,SEN-G,GA,Gravis Marketing/Kaplan Strategies,1011,2020-12-30,6,2021-01-05,2.0,2.08,-0.08,1
73956,8737,2020,SEN-G,GA,Gravis Marketing/Kaplan Strategies,1011,2020-12-30,6,2021-01-05,3.0,1.22,1.78,1
73959,7781,2020,SEN-G,GA,Targoz Market Research,713,2021-01-01,4,2021-01-05,2.0,2.08,-0.08,1
73958,7781,2020,SEN-G,GA,"University of Nevada, Las Vegas Lee Business School",550,2021-01-01,4,2021-01-05,-0.9,2.08,-2.98,1
73959,8737,2020,SEN-G,GA,Targoz Market Research,713,2021-01-01,4,2021-01-05,0.0,1.22,-1.22,1
73958,8737,2020,SEN-G,GA,"University of Nevada, Las Vegas Lee Business School",550,2021-01-01,4,2021-01-05,-1.1,1.22,-2.32,1
73993,7781,2020,SEN-G,GA,AtlasIntel,857,2021-01-03,2,2021-01-05,3.9,2.08,1.82,1
73992,7781,2020,SEN-G,GA,InsiderAdvantage,500,2021-01-03,2,2021-01-05,-0.5,2.08,-2.58,1
73991,7781,2020,SEN-G,GA,National Research,500,2021-01-03,2,2021-01-05,1.0,2.08,-1.08,1
74006,7781,2020,SEN-G,GA,Trafalgar Group,1056,2021-01-03,2,2021-01-05,-1.3,2.08,-3.38,1
73993,8737,2020,SEN-G,GA,AtlasIntel,857,2021-01-03,2,2021-01-05,4.5,1.22,3.28,1
73992,8737,2020,SEN-G,GA,InsiderAdvantage,500,2021-01-03,2,2021-01-05,-0.1,1.22,-1.32,1
73991,8737,2020,SEN-G,GA,National Research,500,2021-01-03,2,2021-01-05,1.0,1.22,-0.22,1
74006,8737,2020,SEN-G,GA,Trafalgar Group,1056,2021-01-03,2,2021-01-05,0.9,1.22,-0.32,1
81163,8920,2022,SEN-G,AR,Hendrix College,974,2022-10-18,21,2022-11-08,-20.0,-34.64,14.64,0
81306,8924,2022,SEN-G,FL,Stetson University Center for Public Opinion Research,644,2022-10-18,21,2022-11-08,-7.0,-16.41,9.41,0
81169,8938,2022,SEN-G,NH,"Fabrizio, Lee & Associates",600,2022-10-18,21,2022-11-08,2.0,9.07,-7.07,1
81145,8940,2022,SEN-G,NC,Trafalgar Group,1081,2022-10-18,21,2022-11-08,-4.2,-3.23,-0.97,0
81384,8945,2022,SEN-G,PA,Garin-Hart-Yang Research Group,504,2022-10-18,21,2022-11-08,2.0,4.92,-2.92,1
81271,8951,2022,SEN-G,WI,Data for Progress,1376,2022-10-18,21,2022-11-08,-5.0,-1.01,-3.99,0
81231,8938,2022,SEN-G,NH,Emerson College,727,2022-10-19,20,2022-11-08,4.1,9.07,-4.97,1
81261,8940,2022,SEN-G,NC,Marist College,1130,2022-10-19,20,2022-11-08,0.0,-3.23,3.23,0
81208,8942,2022,SEN-G,OH,Marist College,1141,2022-10-19,20,2022-11-08,-1.0,-6.11,5.11,0
81182,8945,2022,SEN-G,PA,Echelon Insights,500,2022-10-19,20,2022-11-08,3.0,4.92,-1.92,1
81298,8945,2022,SEN-G,PA,Franklin & Marshall College,384,2022-10-19,20,2022-11-08,4.0,4.92,-0.92,1
81152,8945,2022,SEN-G,PA,InsiderAdvantage,550,2022-10-19,20,2022-11-08,0.8,4.92,-4.12,1
81465,8945,2022,SEN-G,PA,YouGov,850,2022-10-19,20,2022-11-08,5.7,4.92,0.78,1
81242,8923,2022,SEN-G,CT,Emerson College,1000,2022-10-20,19,2022-11-08,12.3,14.91,-2.61,1
81382,8925,2022,SEN-G,GA,Garin-Hart-Yang Research Group,503,2022-10-20,19,2022-11-08,3.0,0.95,2.05,1
81203,8937,2022,SEN-G,NV,InsiderAdvantage,550,2022-10-20,19,2022-11-08,-1.9,0.79,-2.69,1
81486,8938,2022,SEN-G,NH,University of Massachusetts Lowell Center for Public Opinion,600,2022-10-20,19,2022-11-08,10.0,9.07,0.93,1
81225,8945,2022,SEN-G,PA,Rasmussen Reports,972,2022-10-20,19,2022-11-08,2.0,4.92,-2.92,1
81275,8947,2022,SEN-G,SD,Emerson College,1500,2022-10-20,19,2022-11-08,-31.0,-43.48,12.48,0
81181,8950,2022,SEN-G,WA,Public Policy Polling,782,2022-10-20,19,2022-11-08,10.0,14.56,-4.56,1
81183,8950,2022,SEN-G,WA,co/efficient,1181,2022-10-20,19,2022-11-08,3.0,14.56,-11.56,1
81215,8918,2022,SEN-G,AK,Alaska Survey Research,1276,2022-10-21,18,2022-11-08,1.2,0.17,1.03,1
81215,8918,2022,SEN-G,AK,Alaska Survey Research,1276,2022-10-21,18,2022-11-08,11.0,7.4,3.6,1
81215,8918,2022,SEN-G,AK,Alaska Survey Research,1276,2022-10-21,18,2022-11-08,1.9,0.77,1.13,1
81188,8919,2022,SEN-G,AZ,co/efficient,1111,2022-10-21,18,2022-11-08,1.8,4.88,-3.08,1
81218,8923,2022,SEN-G,CT,Quinnipiac University,1879,2022-10-21,18,2022-11-08,15.0,14.91,0.09,1
81270,8924,2022,SEN-G,FL,Data for Progress,1251,2022-10-21,18,2022-11-08,-7.0,-16.41,9.41,0
81262,8924,2022,SEN-G,FL,University of North Florida Public Opinion Research Lab,622,2022-10-21,18,2022-11-08,-11.0,-16.41,5.41,0
81383,8937,2022,SEN-G,NV,Garin-Hart-Yang Research Group,501,2022-10-21,18,2022-11-08,1.0,0.79,0.21,1
81254,8940,2022,SEN-G,NC,Cygnal,600,2022-10-21,18,2022-11-08,-3.8,-3.23,-0.57,0
81222,8950,2022,SEN-G,WA,KAConsulting,500,2022-10-21,18,2022-11-08,6.0,14.56,-8.56,1
81349,8950,2022,SEN-G,WA,Moore Information Group,500,2022-10-21,18,2022-11-08,0.0,14.56,-14.56,1
81501,8920,2022,SEN-G,AR,University of Arkansas Department of Political Science,557,2022-10-22,17,2022-11-08,-28.8,-34.64,5.84,0
81232,8925,2022,SEN-G,GA,Trafalgar Group,1076,2022-10-22,17,2022-11-08,-2.4,0.95,-3.35,1
81368,8925,2022,SEN-G,GA,University of Georgia School of Public and International Affairs,1022,2022-10-22,17,2022-11-08,-0.3,0.95,-1.25,1
81279,8928,2022,SEN-G,IL,Emerson College,1000,2022-10-22,17,2022-11-08,9.8,15.32,-5.52,1
81356,8937,2022,SEN-G,NV,The New York Times/Siena College,885,2022-10-22,17,2022-11-08,0.0,0.79,-0.79,1
81337,8939,2022,SEN-G,NY,Emerson College,1000,2022-10-22,17,2022-11-08,13.2,14.01,-0.81,1
81305,8942,2022,SEN-G,OH,Baldwin Wallace University Community Research Institute,1068,2022-10-22,17,2022-11-08,4.2,-6.11,10.31,0
81245,8942,2022,SEN-G,OH,Cygnal,1886,2022-10-22,17,2022-11-08,-4.1,-6.11,2.01,0
81370,8951,2022,SEN-G,WI,Patriot Polling,801,2022-10-22,17,2022-11-08,-8.4,-1.01,-7.39,0
81411,8919,2022,SEN-G,AZ,BSP Research/Shaw & Company Research,669,2022-10-23,16,2022-11-08,4.0,4.88,-0.88,1
81234,8937,2022,SEN-G,NV,Phillips Academy,1052,2022-10-23,16,2022-11-08,1.7,0.79,0.91,1
81224,8938,2022,SEN-G,NH,InsiderAdvantage,600,2022-10-23,16,2022-11-08,0.5,9.07,-8.57,1
81233,8945,2022,SEN-G,PA,YouGov,1084,2022-10-23,16,2022-11-08,2.0,4.92,-2.92,1
81276,8925,2022,SEN-G,GA,Moore Information Group,800,2022-10-24,15,2022-11-08,-4.0,0.95,-4.95,1
81307,8925,2022,SEN-G,GA,Rasmussen Reports,1053,2022-10-24,15,2022-11-08,-5.0,0.95,-5.95,1
81282,8928,2022,SEN-G,IL,Civiqs,659,2022-10-24,15,2022-11-08,16.0,15.32,0.68,1
81281,8930,2022,SEN-G,IA,Civiqs,623,2022-10-24,15,2022-11-08,-8.0,-12.2,4.2,0
81316,8937,2022,SEN-G,NV,Trafalgar Group,1100,2022-10-24,15,2022-11-08,-4.2,0.79,-4.99,1
81283,8939,2022,SEN-G,NY,Civiqs,593,2022-10-24,15,2022-11-08,15.0,14.01,0.99,1
81417,8949,2022,SEN-G,VT,Data for Progress,1039,2022-10-24,15,2022-11-08,31.0,40.53,-9.53,1
81365,8919,2022,SEN-G,AZ,"Fabrizio, Lee & Associates",800,2022-10-25,14,2022-11-08,0.5,4.88,-4.38,1
81280,8919,2022,SEN-G,AZ,InsiderAdvantage,550,2022-10-25,14,2022-11-08,2.0,4.88,-2.88,1
81359,8919,2022,SEN-G,AZ,OH Predictive Insights,600,2022-10-25,14,2022-11-08,2.0,4.88,-2.88,1
81354,8919,2022,SEN-G,AZ,The New York Times/Siena College,604,2022-10-25,14,2022-11-08,6.0,4.88,1.12,1
81318,8922,2022,SEN-G,CO,co/efficient,826,2022-10-25,14,2022-11-08,15.5,14.61,0.89,1
81497,8923,2022,SEN-G,CT,"Long Island University Steven S. Hornstein Center for Policy, Polling, and Analysis",1004,2022-10-25,14,2022-11-08,25.0,14.91,10.09,1
81284,8925,2022,SEN-G,GA,co/efficient,946,2022-10-25,14,2022-11-08,-3.4,0.95,-4.35,1
81346,8936,2022,SEN-G,MO,Remington Research Group,1011,2022-10-25,14,2022-11-08,-9.0,-13.25,4.25,0
81312,8937,2022,SEN-G,NV,Echelon Insights,500,2022-10-25,14,2022-11-08,-1.0,0.79,-1.79,1
81466,8939,2022,SEN-G,NY,"Long Island University Steven S. Hornstein Center for Policy, Polling, and Analysis",1001,2022-10-25,14,2022-11-08,27.0,14.01,12.99,1
81301,8942,2022,SEN-G,OH,Center Street PAC,508,2022-10-25,14,2022-11-08,5.0,-6.11,11.11,0
81357,8945,2022,SEN-G,PA,The New York Times/Siena College,620,2022-10-25,14,2022-11-08,5.0,4.92,0.08,1
81530,8924,2022,SEN-G,FL,YouGov,1117,2022-10-26,13,2022-11-08,-7.0,-16.41,9.41,0
81355,8925,2022,SEN-G,GA,The New York Times/Siena College,604,2022-10-26,13,2022-11-08,3.0,0.95,2.05,1
81377,8937,2022,SEN-G,NV,OH Predictive Insights,600,2022-10-26,13,2022-11-08,2.0,0.79,1.21,1
81418,8937,2022,SEN-G,NV,Suffolk University,500,2022-10-26,13,2022-11-08,1.0,0.79,0.21,1
81437,8937,2022,SEN-G,NV,Susquehanna Polling & Research Inc.,500,2022-10-26,13,2022-11-08,-5.6,0.79,-6.39,1
81324,8938,2022,SEN-G,NH,co/efficient,1098,2022-10-26,13,2022-11-08,0.0,9.07,-9.07,1
81380,8943,2022,SEN-G,OK,Ascend Action,749,2022-10-26,13,2022-11-08,-17.0,-32.2,15.2,0
81313,8945,2022,SEN-G,PA,InsiderAdvantage,750,2022-10-26,13,2022-11-08,-2.7,4.92,-7.62,1
81421,8945,2022,SEN-G,PA,Muhlenberg College,460,2022-10-26,13,2022-11-08,0.0,4.92,-4.92,1
81420,8948,2022,SEN-G,UT,OH Predictive Insights,600,2022-10-26,13,2022-11-08,15.0,10.41,4.59,1
81380,9482,2022,SEN-G,OK,Ascend Action,749,2022-10-26,13,2022-11-08,-6.0,-26.53,20.53,0
81338,8925,2022,SEN-G,GA,InsiderAdvantage,550,2022-10-27,12,2022-11-08,-2.2,0.95,-3.15,1
81367,8930,2022,SEN-G,IA,Cygnal,600,2022-10-27,12,2022-11-08,-11.2,-12.2,1.0,0
81405,8936,2022,SEN-G,MO,Emerson College,1000,2022-10-27,12,2022-11-08,-13.5,-13.25,-0.25,0
81456,8939,2022,SEN-G,NY,Data for Progress,818,2022-10-27,12,2022-11-08,17.0,14.01,2.99,1
81467,8943,2022,SEN-G,OK,Amber Integrated,501,2022-10-27,12,2022-11-08,-14.0,-32.2,18.2,0
81375,8943,2022,SEN-G,OK,Emerson College,1000,2022-10-27,12,2022-11-08,-27.3,-32.2,4.9,0
81327,8945,2022,SEN-G,PA,Wick,1000,2022-10-27,12,2022-11-08,-1.7,4.92,-6.62,1
81335,8945,2022,SEN-G,PA,co/efficient,1716,2022-10-27,12,2022-11-08,-3.0,4.92,-7.92,1
81374,8948,2022,SEN-G,UT,Emerson College,825,2022-10-27,12,2022-11-08,9.8,10.41,-0.61,1
81347,8950,2022,SEN-G,WA,Trafalgar Group,1207,2022-10-27,12,2022-11-08,1.2,14.56,-13.36,1
81345,8950,2022,SEN-G,WA,Triton Polling & Research,506,2022-10-27,12,2022-11-08,5.2,14.56,-9.36,1
81467,9482,2022,SEN-G,OK,Amber Integrated,501,2022-10-27,12,2022-11-08,-11.0,-26.53,15.53,0
81375,9482,2022,SEN-G,OK,Emerson College,1000,2022-10-27,12,2022-11-08,-22.6,-26.53,3.93,0
81391,8917,2022,SEN-G,AL,Cygnal,616,2022-10-28,11,2022-11-08,-29.6,-35.8,6.2,0
81429,8919,2022,SEN-G,AZ,Beacon Research/Shaw & Co. Research,1003,2022-10-28,11,2022-11-08,2.0,4.88,-2.88,1
81386,8919,2022,SEN-G,AZ,Center Street PAC,558,2022-10-28,11,2022-11-08,10.0,4.88,5.12,1
81366,8919,2022,SEN-G,AZ,Wick,1122,2022-10-28,11,2022-11-08,2.3,4.88,-2.58,1
81404,8922,2022,SEN-G,CO,Emerson College,1000,2022-10-28,11,2022-11-08,8.1,14.61,-6.51,1
81458,8925,2022,SEN-G,GA,Beacon Research/Shaw & Co. Research,1002,2022-10-28,11,2022-11-08,1.0,0.95,0.05,1
81438,8931,2022,SEN-G,KS,Emerson College,1000,2022-10-28,11,2022-11-08,-21.6,-22.96,1.36,0
81430,8937,2022,SEN-G,NV,Emerson College,2000,2022-10-28,11,2022-11-08,-5.2,0.79,-5.99,1
81372,8939,2022,SEN-G,NY,KAConsulting,501,2022-10-28,11,2022-11-08,12.0,14.01,-2.01,1
81451,8940,2022,SEN-G,NC,Emerson College,1000,2022-10-28,11,2022-11-08,-5.7,-3.23,-2.47,0
81364,8942,2022,SEN-G,OH,Cygnal,1510,2022-10-28,11,2022-11-08,-4.5,-6.11,1.61,0
81459,8945,2022,SEN-G,PA,Beacon Research/Shaw & Co. Research,1005,2022-10-28,11,2022-11-08,3.0,4.92,-1.92,1
81428,8951,2022,SEN-G,WI,Beacon Research/Shaw & Co. Research,1000,2022-10-28,11,2022-11-08,-3.0,-1.01,-1.99,0
81445,8951,2022,SEN-G,WI,Emerson College,1000,2022-10-28,11,2022-11-08,-4.6,-1.01,-3.59,0
81447,8951,2022,SEN-G,WI,Marquette University Law School,679,2022-10-28,11,2022-11-08,-2.0,-1.01,-0.99,0
81426,8951,2022,SEN-G,WI,Wick,1089,2022-10-28,11,2022-11-08,-4.1,-1.01,-3.09,0
81413,8938,2022,SEN-G,NH,Saint Anselm College Survey Center,1541,2022-10-29,10,2022-11-08,-1.0,9.07,-10.07,1
81402,8939,2022,SEN-G,NY,Trafalgar Group,1198,2022-10-29,10,2022-11-08,10.6,14.01,-3.41,1
81409,8940,2022,SEN-G,NC,Meredith College,724,2022-10-29,10,2022-11-08,-1.2,-3.23,2.03,0
81452,8945,2022,SEN-G,PA,Suffolk University,500,2022-10-29,10,2022-11-08,1.8,4.92,-3.12,1
81425,8951,2022,SEN-G,WI,Clarity Campaign Labs,888,2022-10-29,10,2022-11-08,2.0,-1.01,3.01,0
81470,8951,2022,SEN-G,WI,Siena College,655,2022-10-29,10,2022-11-08,-2.0,-1.01,-0.99,0
81401,8919,2022,SEN-G,AZ,Phillips Academy,985,2022-10-30,9,2022-11-08,0.6,4.88,-4.28,1
81488,8925,2022,SEN-G,GA,Emerson College,1000,2022-10-30,9,2022-11-08,1.9,0.95,0.95,1
81464,8936,2022,SEN-G,MO,SurveyUSA,791,2022-10-30,9,2022-11-08,-9.0,-13.25,4.25,0
81419,8939,2022,SEN-G,NY,Emerson College,1000,2022-10-30,9,2022-11-08,18.5,14.01,4.49,1
81468,8945,2022,SEN-G,PA,Emerson College,1000,2022-10-30,9,2022-11-08,-1.1,4.92,-6.02,1
81457,8945,2022,SEN-G,PA,Susquehanna Polling & Research Inc.,700,2022-10-30,9,2022-11-08,-1.0,4.92,-5.92,1
81378,8948,2022,SEN-G,UT,Hill Research Consultants,500,2022-10-30,9,2022-11-08,1.0,10.41,-9.41,1
81455,8919,2022,SEN-G,AZ,Civiqs,852,2022-10-31,8,2022-11-08,0.0,4.88,-4.88,1
81521,8919,2022,SEN-G,AZ,Emerson College,1000,2022-10-31,8,2022-11-08,-0.4,4.88,-5.28,1
81463,8922,2022,SEN-G,CO,Trafalgar Group,1084,2022-10-31,8,2022-11-08,1.5,14.61,-13.11,1
81453,8924,2022,SEN-G,FL,Civiqs,772,2022-10-31,8,2022-11-08,-7.0,-16.41,9.41,0
81513,8924,2022,SEN-G,FL,Siena College,659,2022-10-31,8,2022-11-08,-8.0,-16.41,8.41,0
81460,8924,2022,SEN-G,FL,Victory Insights,500,2022-10-31,8,2022-11-08,-4.0,-16.41,12.41,0
81504,8925,2022,SEN-G,GA,Moore Information Group,800,2022-10-31,8,2022-11-08,-5.0,0.95,-5.95,1
81525,8925,2022,SEN-G,GA,Patinkin Research Strategies,700,2022-10-31,8,2022-11-08,4.0,0.95,3.05,1
81495,8925,2022,SEN-G,GA,SurveyUSA,1171,2022-10-31,8,2022-11-08,6.0,0.95,5.05,1
81510,8936,2022,SEN-G,MO,Trafalgar Group,1079,2022-10-31,8,2022-11-08,-11.0,-13.25,2.25,0
81519,8938,2022,SEN-G,NH,Emerson College,850,2022-10-31,8,2022-11-08,4.5,9.07,-4.57,1
81469,8938,2022,SEN-G,NH,Trafalgar Group,1241,2022-10-31,8,2022-11-08,-1.3,9.07,-10.37,1
81454,8940,2022,SEN-G,NC,Civiqs,674,2022-10-31,8,2022-11-08,0.0,-3.23,3.23,0
81540,8942,2022,SEN-G,OH,Emerson College,1000,2022-10-31,8,2022-11-08,-8.9,-6.11,-2.79,0
81427,8950,2022,SEN-G,WA,InsiderAdvantage,550,2022-10-31,8,2022-11-08,1.6,14.56,-12.96,1
81508,8919,2022,SEN-G,AZ,Marist College,1157,2022-11-01,7,2022-11-08,4.0,4.88,-0.88,1
81545,8919,2022,SEN-G,AZ,Patriot Polling,814,2022-11-01,7,2022-11-08,0.7,4.88,-4.18,1
81541,8921,2022,SEN-G,CA,University of Southern California Schwarzenegger Institute for State and Global Policy,802,2022-11-01,7,2022-11-08,26.0,22.12,3.88,1
81450,8924,2022,SEN-G,FL,InsiderAdvantage,550,2022-11-01,7,2022-11-08,-6.0,-16.41,10.41,0
81485,8925,2022,SEN-G,GA,Echelon Insights,500,2022-11-01,7,2022-11-08,-5.5,0.95,-6.45,1
81509,8925,2022,SEN-G,GA,Marist College,1168,2022-11-01,7,2022-11-08,4.0,0.95,3.05,1
81544,8944,2022,SEN-G,OR,Emerson College,975,2022-11-01,7,2022-11-08,17.0,14.93,2.07,1
81507,8945,2022,SEN-G,PA,Marist College,1152,2022-11-01,7,2022-11-08,6.0,4.92,1.08,1
81499,8919,2022,SEN-G,AZ,HighGround Inc.,500,2022-11-02,6,2022-11-08,1.4,4.88,-3.48,1
81502,8919,2022,SEN-G,AZ,InsiderAdvantage,550,2022-11-02,6,2022-11-08,0.0,4.88,-4.88,1
81490,8919,2022,SEN-G,AZ,Remington Research Group,1075,2022-11-02,6,2022-11-08,1.0,4.88,-3.88,1
81546,8924,2022,SEN-G,FL,Amber Integrated,600,2022-11-02,6,2022-11-08,-9.0,-16.41,7.41,0
81547,8925,2022,SEN-G,GA,Amber Integrated,600,2022-11-02,6,2022-11-08,-3.0,0.95,-3.95,1
81494,8925,2022,SEN-G,GA,Remington Research Group,1150,2022-11-02,6,2022-11-08,-4.0,0.95,-4.95,1
81560,8930,2022,SEN-G,IA,Selzer & Co.,801,2022-11-02,6,2022-11-08,-12.0,-12.2,0.2,0
81518,8937,2022,SEN-G,NV,Cygnal,600,2022-11-02,6,2022-11-08,-2.5,0.79,-3.29,1
81552,8940,2022,SEN-G,NC,East Carolina University Center for Survey Research,1183,2022-11-02,6,2022-11-08,-4.9,-3.23,-1.67,0
81491,8940,2022,SEN-G,NC,Remington Research Group,1140,2022-11-02,6,2022-11-08,-7.0,-3.23,-3.77,0
81520,8942,2022,SEN-G,OH,Cygnal,1498,2022-11-02,6,2022-11-08,-6.2,-6.11,-0.09,0
81492,8942,2022,SEN-G,OH,Remington Research Group,1125,2022-11-02,6,2022-11-08,-5.0,-6.11,1.11,0
81489,8945,2022,SEN-G,PA,Remington Research Group,1180,2022-11-02,6,2022-11-08,-3.0,4.92,-7.92,1
81511,8945,2022,SEN-G,PA,Trafalgar Group,1097,2022-11-02,6,2022-11-08,-2.2,4.92,-7.12,1
81531,8919,2022,SEN-G,AZ,KAConsulting,501,2022-11-03,5,2022-11-08,1.0,4.88,-3.88,1
81532,8937,2022,SEN-G,NV,KAConsulting,501,2022-11-03,5,2022-11-08,1.0,0.79,0.21,1
81529,8945,2022,SEN-G,PA,InsiderAdvantage,750,2022-11-03,5,2022-11-08,-2.3,4.92,-7.22,1
81557,8951,2022,SEN-G,WI,Trafalgar Group,1095,2022-11-03,5,2022-11-08,-2.7,-1.01,-1.69,0
81618,8919,2022,SEN-G,AZ,Data for Progress,1359,2022-11-04,4,2022-11-08,-1.0,4.88,-5.88,1
81626,8919,2022,SEN-G,AZ,Targoz Market Research,560,2022-11-04,4,2022-11-08,3.0,4.88,-1.88,1
81615,8922,2022,SEN-G,CO,Data for Progress,1983,2022-11-04,4,2022-11-08,7.0,14.61,-7.61,1
81613,8924,2022,SEN-G,FL,Data for Progress,1436,2022-11-04,4,2022-11-08,-12.0,-16.41,4.41,0
81619,8925,2022,SEN-G,GA,Data for Progress,1474,2022-11-04,4,2022-11-08,-1.0,0.95,-1.95,1
81594,8925,2022,SEN-G,GA,East Carolina University Center for Survey Research,1077,2022-11-04,4,2022-11-08,0.0,0.95,-0.95,1
81625,8925,2022,SEN-G,GA,Targoz Market Research,579,2022-11-04,4,2022-11-08,-2.0,0.95,-2.95,1
81612,8937,2022,SEN-G,NV,Data for Progress,1100,2022-11-04,4,2022-11-08,-2.0,0.79,-2.79,1
81558,8937,2022,SEN-G,NV,InsiderAdvantage,550,2022-11-04,4,2022-11-08,-6.0,0.79,-6.79,1
81609,8938,2022,SEN-G,NH,Data for Progress,1995,2022-11-04,4,2022-11-08,3.0,9.07,-6.07,1
81569,8938,2022,SEN-G,NH,University of New Hampshire Survey Center,2077,2022-11-04,4,2022-11-08,2.0,9.07,-7.07,1
81568,8938,2022,SEN-G,NH,Wick,725,2022-11-04,4,2022-11-08,-0.1,9.07,-9.17,1
81603,8940,2022,SEN-G,NC,Data for Progress,1322,2022-11-04,4,2022-11-08,-6.0,-3.23,-2.77,0
81614,8942,2022,SEN-G,OH,Data for Progress,1413,2022-11-04,4,2022-11-08,-10.0,-6.11,-3.89,0
81628,8942,2022,SEN-G,OH,Targoz Market Research,505,2022-11-04,4,2022-11-08,-7.0,-6.11,-0.89,0
81571,8942,2022,SEN-G,OH,Trafalgar Group,1123,2022-11-04,4,2022-11-08,-10.4,-6.11,-4.29,0
81608,8944,2022,SEN-G,OR,Data for Progress,1393,2022-11-04,4,2022-11-08,14.0,14.93,-0.93,1
81617,8945,2022,SEN-G,PA,Patriot Polling,846,2022-11-04,4,2022-11-08,-3.3,4.92,-8.22,1
81627,8945,2022,SEN-G,PA,Targoz Market Research,631,2022-11-04,4,2022-11-08,-5.0,4.92,-9.92,1
81602,8950,2022,SEN-G,WA,Moore Information Group,500,2022-11-04,4,2022-11-08,-0.4,14.56,-14.96,1
81611,8951,2022,SEN-G,WI,Data for Progress,1504,2022-11-04,4,2022-11-08,-6.0,-1.01,-4.99,0
81596,8919,2022,SEN-G,AZ,Data Orbital,550,2022-11-05,3,2022-11-08,1.7,4.88,-3.18,1
81581,8919,2022,SEN-G,AZ,Research Co.,450,2022-11-05,3,2022-11-08,4.0,4.88,-0.88,1
81582,8921,2022,SEN-G,CA,Research Co.,450,2022-11-05,3,2022-11-08,16.0,22.12,-6.12,1
81620,8922,2022,SEN-G,CO,co/efficient,856,2022-11-05,3,2022-11-08,8.0,14.61,-6.61,1
81583,8924,2022,SEN-G,FL,Research Co.,450,2022-11-05,3,2022-11-08,-10.0,-16.41,6.41,0
81584,8925,2022,SEN-G,GA,Research Co.,450,2022-11-05,3,2022-11-08,0.0,0.95,-0.95,1
81592,8925,2022,SEN-G,GA,Trafalgar Group,1103,2022-11-05,3,2022-11-08,-3.2,0.95,-4.15,1
81585,8928,2022,SEN-G,IL,Research Co.,450,2022-11-05,3,2022-11-08,18.0,15.32,2.68,1
81586,8937,2022,SEN-G,NV,Research Co.,450,2022-11-05,3,2022-11-08,-1.0,0.79,-1.79,1
81572,8938,2022,SEN-G,NH,InsiderAdvantage,700,2022-11-05,3,2022-11-08,1.8,9.07,-7.27,1
81587,8939,2022,SEN-G,NY,Research Co.,450,2022-11-05,3,2022-11-08,20.0,14.01,5.99,1
81574,8940,2022,SEN-G,NC,Trafalgar Group,1098,2022-11-05,3,2022-11-08,-6.4,-3.23,-3.17,0
81588,8942,2022,SEN-G,OH,Research Co.,450,2022-11-05,3,2022-11-08,-8.0,-6.11,-1.89,0
81589,8945,2022,SEN-G,PA,Research Co.,450,2022-11-05,3,2022-11-08,1.0,4.92,-3.92,1
81590,8951,2022,SEN-G,WI,Research Co.,450,2022-11-05,3,2022-11-08,-6.0,-1.01,-4.99,0
81582,9480,2022,SEN-G,CA,Research Co.,450,2022-11-05,3,2022-11-08,16.0,21.78,-5.78,1
81629,8919,2022,SEN-G,AZ,Trafalgar Group,1094,2022-11-06,2,2022-11-08,-1.5,4.88,-6.38,1
81778,8925,2022,SEN-G,GA,AtlasIntel,791,2022-11-06,2,2022-11-08,-3.2,0.95,-4.15,1
81595,8925,2022,SEN-G,GA,InsiderAdvantage,550,2022-11-06,2,2022-11-08,-2.0,0.95,-2.95,1
81579,8925,2022,SEN-G,GA,Landmark Communications,1214,2022-11-06,2,2022-11-08,-0.4,0.95,-1.35,1
81780,8925,2022,SEN-G,GA,The Political Matrix/The Listener Group,690,2022-11-06,2,2022-11-08,18.0,0.95,17.05,1
81606,8929,2022,SEN-G,IN,Civiqs,707,2022-11-06,2,2022-11-08,-11.0,-20.75,9.75,0
81607,8936,2022,SEN-G,MO,Civiqs,746,2022-11-06,2,2022-11-08,-15.0,-13.25,-1.75,0
81775,8937,2022,SEN-G,NV,Trafalgar Group,1089,2022-11-06,2,2022-11-08,-4.9,0.79,-5.69,1
81578,8938,2022,SEN-G,NH,Phillips Academy,1056,2022-11-06,2,2022-11-08,3.6,9.07,-5.47,1
81605,8942,2022,SEN-G,OH,Civiqs,716,2022-11-06,2,2022-11-08,-5.0,-6.11,1.11,0
81601,8943,2022,SEN-G,OK,Ascend Action,682,2022-11-06,2,2022-11-08,-20.0,-32.2,12.2,0
81779,8945,2022,SEN-G,PA,The Political Matrix/The Listener Group,800,2022-11-06,2,2022-11-08,6.0,4.92,1.08,1
81604,8951,2022,SEN-G,WI,Civiqs,739,2022-11-06,2,2022-11-08,-1.0,-1.01,0.01,0
81601,9482,2022,SEN-G,OK,Ascend Action,682,2022-11-06,2,2022-11-08,-12.0,-26.53,14.53,0
81756,9552,2022,SEN-G,GA,University of Massachusetts Lowell Center for Public Opinion,1300,2022-11-23,13,2022-12-06,5.0,2.8,2.2,1
81719,9552,2022,SEN-G,GA,Frederick Polls,939,2022-11-25,11,2022-12-06,0.0,2.8,-2.8,1
81717,9552,2022,SEN-G,GA,Phillips Academy,862,2022-11-27,9,2022-12-06,-0.8,2.8,-3.6,1
81741,9552,2022,SEN-G,GA,SSRS,1184,2022-11-27,9,2022-12-06,4.0,2.8,1.2,1
81740,9552,2022,SEN-G,GA,SurveyUSA,1214,2022-11-28,8,2022-12-06,3.0,2.8,0.2,1
81734,9552,2022,SEN-G,GA,Emerson College,888,2022-11-29,7,2022-12-06,1.6,2.8,-1.2,1
81754,9552,2022,SEN-G,GA,Patriot Polling,818,2022-12-01,5,2022-12-06,1.7,2.8,-1.1,1
81760,9552,2022,SEN-G,GA,Data for Progress,1229,2022-12-03,3,2022-12-06,2.0,2.8,-0.8,1
81759,9552,2022,SEN-G,GA,InsiderAdvantage,750,2022-12-04,2,2022-12-06,2.1,2.8,-0.7,1
81764,9552,2022,SEN-G,GA,Landmark Communications,800,2022-12-04,2,2022-12-06,5.5,2.8,2.7,1
81761,9552,2022,SEN-G,GA,Mitchell Research & Communications,625,2022-12-04,2,2022-12-06,5.0,2.8,2.2,1
81762,9552,2022,SEN-G,GA,Trafalgar Group,1099,2022-12-04,2,2022-12-06,3.7,2.8,0.9,1
