poll_id,race_id,subject,poll_type,pollster,sponsors,start_date,end_date,sample_size,population,dem_name,rep_name,dem_pct,rep_pct,margin,internal,partisan,url,fetched_at,first_seen
us-202eme1bcacacc,2026-senate-GA,2026 Georgia,us-senator,Emerson College,Nexstar Media/WGN-TV,2026-02-28,2026-03-02,1000,lv,Jon Ossoff,Mike Collins,47.7,43.3,4.4,False,,https://docs.google.com/spreadsheets/d/1WMIkxH0hZRhWe0dbY6wtuuqshJGChuhv/edit?gid=1306158051#gid=1306158051,2026-08-31T16:27:36,2026-08-29T15:43:58
us-202qua80fe18a7,2026-senate-GA,2026 Georgia,us-senator,Quantus Insights,,2025-09-09,2025-09-12,624,rv,Jon Ossoff,Mike Collins,37.8,37.7,0.1,False,,https://drive.google.com/file/d/1s_XyIo0Rre1TGtVisHKu9hW3S4yEvxRl/view,2026-08-31T16:27:36,2026-08-29T15:43:58
us-202tip0382be0d,2026-senate-GA,2026 Georgia,us-senator,TIPP Insights,League of American Workers,2025-07-28,2025-08-01,2395,lv,Jon Ossoff,Mike Collins,45.0,44.0,1.0,False,REP,https://dailycaller.com/2025/08/07/mike-collins-georgia-senate-poll,2026-08-31T16:27:36,2026-08-29T15:43:58
us-202ech1a9afcfb,2026-senate-GA,2026 Georgia,us-senator,Echelon Insights,NetChoice,2026-04-03,2026-04-09,407,lv,Jon Ossoff,Mike Collins,51.0,44.0,7.0,False,,https://netchoice.org/wp-content/uploads/2026/04/NetChoice-Apr-2026-National-Antitrust-Survey-Topline.pdf,2026-08-31T16:27:36,2026-08-29T15:43:58
us-202bea8e2b79ff,2026-senate-GA,2026 Georgia,us-senator,Beacon Research/Shaw & Co. Research,Fox News,2026-06-23,2026-06-27,1002,rv,Jon Ossoff,Mike Collins,56.0,43.0,13.0,False,,https://www.foxnews.com/politics/fox-news-poll-early-look-georgia-senate-race,2026-08-31T16:27:36,2026-08-29T15:43:58
us-202wic6dd1649c,2026-senate-GA,2026 Georgia,us-senator,Wick,,2026-06-27,2026-06-30,1175,lv,Jon Ossoff,Mike Collins,46.7,42.9,3.8,False,,https://wick.io/research-georgia-election-survey-june-2026,2026-08-31T16:27:36,2026-08-29T15:43:58
us-202fab389395b2,2026-senate-GA,2026 Georgia,us-senator,"Fabrizio, Lee & Associates/Impact Research",AARP,2026-07-13,2026-07-16,1060,lv,Jon Ossoff,Mike Collins,52.0,43.0,9.0,False,,https://www.aarp.org/pri/topics/voter-research/politics/2026-midterm-election-poll-georgia/,2026-08-31T16:27:36,2026-08-29T15:43:58
us-202ins63791cfb,2026-senate-GA,2026 Georgia,us-senator,InsiderAdvantage,James Magazine,2026-08-16,2026-08-17,800,lv,Jon Ossoff,Mike Collins,50.1,42.6,7.5,False,,https://jamesmagazinega.com/2026/08/18/exclusive-jmo-insideradvantage-georgia-survey-ossoff-leads-jackson-lance-bottoms-tied/,2026-08-31T16:27:36,2026-08-29T15:43:58
us-202mit9a5c32a0,2026-senate-MI,2026 Michigan,us-senator,Mitchell Research & Communications,MIRS,2026-05-01,2026-05-07,607,lv,Abdul El-Sayed,Mike Rogers,42.0,41.0,1.0,False,,https://www.dropbox.com/scl/fi/852uovvc2zfsqrnphdn9q/MIRS-MITCHELL-DEM-Primary-Press-Release-5-11-26-150PM_A.docx?rlkey=v522wmle6zvzlajt6m6nfoj78&st=zhm55ihc&dl=0,2026-08-31T16:27:36,2026-08-29T15:43:58
us-202gle0133b0b3,2026-senate-MI,2026 Michigan,us-senator,"Glengariff Group, Inc.",Detroit Regional Chamber,2026-04-28,2026-05-01,600,lv,Abdul El-Sayed,Mike Rogers,40.0,45.0,-5.0,False,,https://www.detroitchamber.com/wp-content/uploads/2026/05/DRC_Glengariff-Group_2026-Mackinac-Policy-Conference_POLITICAL-REPORT.pdf,2026-08-31T16:27:36,2026-08-29T15:43:58
us-202eme5bdd236b,2026-senate-MI,2026 Michigan,us-senator,Emerson College,Nexstar,2026-01-24,2026-01-25,1000,lv,Abdul El-Sayed,Mike Rogers,42.5,42.8,-0.3,False,,https://docs.google.com/spreadsheets/d/1AtLJcs2z9R_NRY7eZqvKS256qHiVSUx0/edit?usp=sharing&ouid=111479937799022047482&rtpof=true&sd=true,2026-08-31T16:27:36,2026-08-29T15:43:58
us-202glef7ac134b,2026-senate-MI,2026 Michigan,us-senator,"Glengariff Group, Inc.",Detroit News|WDIV-TV,2026-01-02,2026-01-06,600,lv,Abdul El-Sayed,Mike Rogers,42.0,48.0,-6.0,False,,https://www.detroitnews.com/story/news/politics/2026/01/13/michigan-race-for-governor-polling-john-james-jocelyn-benson-mike-duggan/88134923007/?gnt-cfr=1&gca-cat=p&gca-uir=false&gca-epti=undefined&gca-ft=0&gca-ds=sophi,2026-08-31T16:27:36,2026-08-29T15:43:58
us-202mit590c99af,2026-senate-MI,2026 Michigan,us-senator,Mitchell Research & Communications,MIRS News Service,2025-11-18,2025-11-21,616,lv,Abdul El-Sayed,Mike Rogers,38.0,41.0,-3.0,False,,https://mirs-polls.s3.us-east-2.amazonaws.com/c7ba70f28c3812c553cbf07db509f469.pdf,2026-08-31T16:27:36,2026-08-29T15:43:58
us-202ros410812c7,2026-senate-MI,2026 Michigan,us-senator,Rosetta Stone,,2025-10-23,2025-10-25,637,lv,Abdul El-Sayed,Mike Rogers,31.0,45.0,-14.0,False,,https://x.com/IAPolls2022/status/1986533537747472500,2026-08-31T16:27:36,2026-08-29T15:43:58
us-202tip59dfdfa0,2026-senate-MI,2026 Michigan,us-senator,TIPP Insights,League of American Workers,2026-05-20,2026-05-23,1163,lv,Abdul El-Sayed,Mike Rogers,43.0,42.0,1.0,False,REP,https://tippinsights.com/league-of-american-workers-survey-michigan,2026-08-31T16:27:36,2026-08-29T15:43:58
us-202tip6d4d41d9,2026-senate-MI,2026 Michigan,us-senator,TIPP Insights,League of American Workers,2026-05-20,2026-05-23,1456,rv,Abdul El-Sayed,Mike Rogers,40.0,40.0,0.0,False,REP,https://tippinsights.com/league-of-american-workers-survey-michigan,2026-08-31T16:27:36,2026-08-29T15:43:58
us-202tul3efe64f6,2026-senate-MI,2026 Michigan,us-senator,Tulchin Research,Fighting for Michigan PAC,2026-06-02,2026-06-04,500,lv,Abdul El-Sayed,Mike Rogers,46.0,41.0,5.0,False,DEM,https://drive.google.com/file/d/15KbOIW_L4iGdkgIbMWDr2m80N0ZUr3d3/view,2026-08-31T16:27:36,2026-08-29T15:43:58
us-202zen354a92cf,2026-senate-MI,2026 Michigan,us-senator,Zenith Research,Common Defense,2026-06-11,2026-06-14,602,lv,Abdul El-Sayed,Mike Rogers,45.0,42.0,3.0,False,DEM,https://x.com/admcrlsn/status/2067419019544555546,2026-08-31T16:27:36,2026-08-29T15:43:58
us-202qua3b4e634a,2026-senate-MI,2026 Michigan,us-senator,Quantus Insights,,2026-06-29,2026-06-30,947,lv,Abdul El-Sayed,Mike Rogers,45.2,44.1,1.1,False,,https://quantusinsights.org/f/michigan-senate-el-sayed-leads-primary-fall-race-remains-tight,2026-08-31T16:27:36,2026-08-29T15:43:58
us-202gle7fc79cd5,2026-senate-MI,2026 Michigan,us-senator,"Glengariff Group, Inc.",Michigan Education Association|Business Leaders For Michigan,2026-07-22,2026-07-24,600,lv,Abdul El-Sayed,Mike Rogers,38.7,49.0,-10.3,False,,https://mea.org/wp-content/uploads/2026/07/MICHIGAN-EDUCATION-SURVEY-REPORT-FINAL54.pdf,2026-08-31T16:27:36,2026-08-29T15:43:58
us-202soc6e865068,2026-senate-MI,2026 Michigan,us-senator,SoCal Strategies,Red Eagle Politics,2026-07-28,2026-07-30,640,lv,Abdul El-Sayed,Mike Rogers,41.0,42.0,-1.0,False,REP,https://socalstrategies.substack.com/p/abdul-el-sayed-holds-17-point-primary,2026-08-31T16:27:36,2026-08-29T15:43:58
us-202epife4108d8,2026-senate-MI,2026 Michigan,us-senator,EPIC-MRA,MIRS,2026-07-24,2026-07-31,600,lv,Abdul El-Sayed,Mike Rogers,43.0,46.0,-3.0,False,,,2026-08-31T16:27:36,2026-08-29T15:43:58
us-202mit1e6a5692,2026-senate-MI,2026 Michigan,us-senator,Mitchell Research & Communications,,2026-07-28,2026-07-29,672,lv,Abdul El-Sayed,Mike Rogers,45.0,45.0,0.0,False,,https://static1.squarespace.com/static/5f14ae6fb2a20e01e9c6d608/t/6a6d26262f442f133d15fa49/1785538087149/MITCHELL+MI+Poll+Nov+Electio+Press+Release+7-31-2026+305PM_A.pdf,2026-08-31T16:27:36,2026-08-29T15:43:58
us-202bea6ed87549,2026-senate-MI,2026 Michigan,us-senator,Beacon Research/Shaw & Co. Research,Fox News,2026-08-06,2026-08-10,1006,rv,Abdul El-Sayed,Mike Rogers,47.0,51.0,-4.0,False,,https://www.foxnews.com/politics/fox-news-poll-senate-battle-looms-michigan,2026-08-31T16:27:36,2026-08-29T15:43:58
us-202gba7596c230,2026-senate-MI,2026 Michigan,us-senator,GBAO Strategies,Senate Majority PAC,2026-08-06,2026-08-10,800,lv,Abdul El-Sayed,Mike Rogers,50.0,44.0,6.0,False,DEM,https://www.politico.com/newsletters/playbook/2026/08/15/what-burritos-tell-us-about-capitalism-01038859,2026-08-31T16:27:36,2026-08-29T15:43:58
us-202susb1d73b8b,2026-senate-MI,2026 Michigan,us-senator,Susquehanna Polling & Research,,2026-08-11,2026-08-17,800,rv,Abdul El-Sayed,Mike Rogers,46.0,39.0,7.0,False,,https://static01.nyt.com/newsgraphics/documenttools/43c767b477fe30ae/4748b92f-full.pdf,2026-08-31T16:27:36,2026-08-29T15:43:58
us-202tip8915c085,2026-senate-MI,2026 Michigan,us-senator,TIPP Insights,League of American Workers,2026-08-06,2026-08-10,1528,rv,Abdul El-Sayed,Mike Rogers,45.0,42.0,3.0,False,REP,https://tippinsights.com/league-of-american-workers-survey-michigan-2/,2026-08-31T16:27:36,2026-08-29T15:43:58
us-202fab12ee3caf,2026-senate-MI,2026 Michigan,us-senator,"Fabrizio, Lee & Associates/Impact Research",AARP,2026-08-09,2026-08-11,877,lv,Abdul El-Sayed,Mike Rogers,48.0,47.0,1.0,False,,https://www.aarp.org/pri/topics/voter-research/politics/2026-midterm-election-poll-michigan/,2026-08-31T16:27:36,2026-08-29T15:43:58
us-202epi5f481027,2026-senate-MI,2026 Michigan,us-senator,EPIC-MRA,,2026-08-22,2026-08-28,600,lv,Abdul El-Sayed,Mike Rogers,47.0,43.0,4.0,False,,https://drive.google.com/file/d/1flmzB5xpdJ6Noa-3hAbms0vBml6KwAxy/view?usp=sharing,2026-08-31T16:27:36,2026-08-29T21:23:57
us-202vicec5afb5c,2026-senate-NC,2026 North Carolina,us-senator,Victory Insights,,2025-07-28,2025-07-30,600,lv,Roy Cooper,Michael Whatley,44.4,43.5,0.9,False,,https://irp.cdn-website.com/07e08705/files/uploaded/PollSummary_NC-US-Senate_07-31-2025.pdf,2026-08-31T16:27:36,2026-08-29T15:43:58
us-202harc083001c,2026-senate-NC,2026 North Carolina,us-senator,Harper Polling,Carolina Journal,2025-08-11,2025-08-12,600,lv,Roy Cooper,Michael Whatley,47.3,39.1,8.2,False,,https://www.carolinajournal.com/wp-content/uploads/2025/08/H23232-CJ-NC-Aug25-Toplines.pdf,2026-08-31T16:27:36,2026-08-29T15:43:58
us-202chab6c27b91,2026-senate-NC,2026 North Carolina,us-senator,Change Research,Carolina Forward,2025-09-02,2025-09-08,855,lv,Roy Cooper,Michael Whatley,48.0,41.0,7.0,False,DEM,https://docs.google.com/spreadsheets/d/1fTOAqF7rZ9ugyF1ZFqInJpQ1LgXEu1rnG1Js0y-1YSo/edit?nvep=&hmac=&emci=b910b780-d290-f011-b484-6045bdeb7413&emdi=ea000000-0000-0000-0000-000000000001&ceid=&gid=0#gid=0,2026-08-31T16:27:36,2026-08-29T15:43:58
us-202har2b123ce0,2026-senate-NC,2026 North Carolina,us-senator,Harper Polling,Carolina Journal,2025-09-14,2025-09-15,600,lv,Roy Cooper,Michael Whatley,46.0,42.0,4.0,False,,https://www.carolinajournal.com/wp-content/uploads/2025/09/H23315-CJ-NC-Sept25-Toplines.pdf,2026-08-31T16:27:36,2026-08-29T15:43:58
us-202har1bdb30c5,2026-senate-NC,2026 North Carolina,us-senator,Harper Polling,Carolina Journal,2025-11-09,2025-11-10,600,lv,Roy Cooper,Michael Whatley,47.0,39.0,8.0,False,,https://www.carolinajournal.com/polls/november-2025-cooper-maintains-lead-in-senate-race,2026-08-31T16:27:36,2026-08-29T15:43:58
us-202eme013c2ece,2026-senate-NC,2026 North Carolina,us-senator,Emerson College,,2025-07-28,2025-07-30,1000,rv,Roy Cooper,Michael Whatley,46.7,41.4,5.3,False,,https://docs.google.com/spreadsheets/d/15z1ND9R9K0UklZgcXV7Wf1Qotwsj7kb7/edit?gid=455076038#gid=455076038,2026-08-31T16:27:36,2026-08-29T15:43:58
us-202cha2976f667,2026-senate-NC,2026 North Carolina,us-senator,Change Research,,2026-01-05,2026-01-07,1105,lv,Roy Cooper,Michael Whatley,47.0,42.0,5.0,False,DEM,https://docs.google.com/spreadsheets/d/1_I2lZN7nOAANajydNZPjm_jaPVK_CVWO9FDuX0kReVQ/edit,2026-08-31T16:27:36,2026-08-29T15:43:58
us-202tipab84b110,2026-senate-NC,2026 North Carolina,us-senator,TIPP Insights,League of American Workers,2026-01-12,2026-01-15,1512,rv,Roy Cooper,Michael Whatley,48.0,24.0,24.0,False,REP,https://www.dailysignal.com/2026/01/19/exclusive-economy-remains-gops-biggest-vulnerability-in-north-carolina-new-poll-shows,2026-08-31T16:27:36,2026-08-29T15:43:58
us-202cha2111afda,2026-senate-NC,2026 North Carolina,us-senator,Change Research,,2026-01-31,2026-02-04,1069,rv,Roy Cooper,Michael Whatley,50.0,40.0,10.0,False,,https://docs.google.com/spreadsheets/d/1Onaf6YlsprPfjSMODM7ibvwEXs082o7-jNMCML7lGGo/edit?gid=0#gid=0,2026-08-31T16:27:36,2026-08-29T15:43:58
us-202pub85665d25,2026-senate-NC,2026 North Carolina,us-senator,Public Policy Polling,,2026-03-13,2026-03-14,556,rv,Roy Cooper,Michael Whatley,47.0,44.0,3.0,False,,https://e1.nmcdn.io/assets/ppp/wp-content/uploads/2026/03/NorthCarolinaResults31626.pdf,2026-08-31T16:27:36,2026-08-29T15:43:58
us-202nex3971aa3a,2026-senate-NC,2026 North Carolina,us-senator,Nexus Strategies/Strategic Partners Solutions,Healthier United Fund,2026-03-08,2026-03-09,800,lv,Roy Cooper,Michael Whatley,50.0,32.0,18.0,False,,https://www.healthierunited.org/media/disagree-healthier-launch-j6kn8-4rbfc,2026-08-31T16:27:36,2026-08-29T15:43:58
us-202you2133db87,2026-senate-NC,2026 North Carolina,us-senator,YouGov,Catawba College Center for North Carolina Politics & Public Service,2026-03-09,2026-03-18,871,lv,Roy Cooper,Michael Whatley,48.0,34.0,14.0,False,,https://www.catawba.edu/news/all-news/2026/yougov-24,2026-08-31T16:27:36,2026-08-29T15:43:58
us-202higf04011a1,2026-senate-NC,2026 North Carolina,us-senator,High Point University Survey Research Center/YouGov,,2026-03-26,2026-04-06,703,lv,Roy Cooper,Michael Whatley,50.0,42.0,8.0,False,,https://www.highpoint.edu/src/files/2023/08/HPU-Poll-120-Memo-1.pdf,2026-08-31T16:27:36,2026-08-29T15:43:58
us-202hig7de64e7d,2026-senate-NC,2026 North Carolina,us-senator,High Point University Survey Research Center/YouGov,,2026-03-26,2026-04-06,800,rv,Roy Cooper,Michael Whatley,49.0,39.0,10.0,False,,https://www.highpoint.edu/src/files/2023/08/HPU-Poll-120-Memo-1.pdf,2026-08-31T16:27:36,2026-08-29T15:43:58
us-202opi5a64ca39,2026-senate-NC,2026 North Carolina,us-senator,Opinion Diagnostics,,2026-04-21,2026-04-24,830,lv,Roy Cooper,Michael Whatley,50.4,41.4,9.0,False,REP,https://x.com/iapolls2022/status/2049576363175096384?s=46,2026-08-31T16:27:36,2026-08-29T15:43:58
us-202harb00382e0,2026-senate-NC,2026 North Carolina,us-senator,Harper Polling,Carolina Journal,2026-05-10,2026-05-11,600,lv,Roy Cooper,Michael Whatley,49.8,38.7,11.1,False,,https://www.carolinajournal.com/wp-content/uploads/2026/05/H23893-CJ-NC-May26-Toplines-Revised.pdf,2026-08-31T16:27:36,2026-08-29T15:43:58
us-202chab31a8a6e,2026-senate-NC,2026 North Carolina,us-senator,Change Research,Carolina Forward,2026-05-04,2026-05-08,957,lv,Roy Cooper,Michael Whatley,49.0,42.0,7.0,False,DEM,https://carolinaforward.org/blog/the-may-2026-carolina-forward-poll,2026-08-31T16:27:36,2026-08-29T15:43:58
us-202harca09238f,2026-senate-NC,2026 North Carolina,us-senator,Harper Polling,Carolina Journal,2026-03-22,2026-03-23,600,lv,Roy Cooper,Michael Whatley,48.9,41.1,7.8,False,,https://www.carolinajournal.com/wp-content/uploads/2026/03/H23758-CJ-NC-Mar26-Toplines.pdf,2026-08-31T16:27:36,2026-08-29T15:43:58
us-202youca5f07f2,2026-senate-NC,2026 North Carolina,us-senator,YouGov,Catawba College Center for North Carolina Politics & Public Service,2026-06-01,2026-06-10,905,lv,Roy Cooper,Michael Whatley,48.0,34.0,14.0,False,,https://www.catawba.edu/news/all-news/2026/yougovsurvey27/,2026-08-31T16:27:36,2026-08-29T15:43:58
us-202thef5594fea,2026-senate-NC,2026 North Carolina,us-senator,The New York Times/Siena University,,2026-06-15,2026-06-27,601,lv,Roy Cooper,Michael Whatley,50.0,43.0,7.0,False,,https://www.nytimes.com/interactive/2026/07/01/polls/times-siena-north-carolina-poll-crosstabs.html,2026-08-31T16:27:36,2026-08-29T15:43:58
us-202pub96a42a3f,2026-senate-NC,2026 North Carolina,us-senator,Public Policy Polling,,2026-07-10,2026-07-11,759,lv,Roy Cooper,Michael Whatley,48.0,44.0,4.0,False,,https://www.publicpolicypolling.com/polls/cooper-leads-but-whatley-has-a-path/,2026-08-31T16:27:36,2026-08-29T15:43:58
us-202beacaddacc4,2026-senate-NC,2026 North Carolina,us-senator,Beacon Research/Shaw & Co. Research,Fox News,2026-07-23,2026-07-27,1005,rv,Roy Cooper,Michael Whatley,53.0,44.0,9.0,False,,https://www.foxnews.com/politics/fox-news-poll-democratic-enthusiasm-shapes-north-carolina-senate-race,2026-08-31T16:27:36,2026-08-29T15:43:58
us-202chad53b9fb6,2026-senate-NC,2026 North Carolina,us-senator,Change Research,Talking About Politics,2026-07-29,2026-08-01,967,lv,Roy Cooper,Michael Whatley,50.0,41.0,9.0,False,,https://garypearcenc.substack.com/p/cooper-up-by-9-trump-still-slumps,2026-08-31T16:27:36,2026-08-29T15:43:58
us-202chaf0ea6e94,2026-senate-NC,2026 North Carolina,us-senator,Change Research,Carolina Forward,2026-08-03,2026-08-06,915,lv,Roy Cooper,Michael Whatley,50.0,43.0,7.0,False,DEM,https://carolinaforward.org/news/the-august-2026-carolina-forward-poll/,2026-08-31T16:27:36,2026-08-29T15:43:58
us-202elodaa5cffa,2026-senate-NC,2026 North Carolina,us-senator,Elon University/YouGov,,2026-07-21,2026-07-23,717,rv,Roy Cooper,Michael Whatley,51.0,35.0,16.0,False,,https://eloncdn.blob.core.windows.net/eu3/sites/819/2026/08/Elon-University-Poll-Topline-8-12-26.pdf,2026-08-31T16:27:36,2026-08-29T15:43:58
us-202elo069243f3,2026-senate-NC,2026 North Carolina,us-senator,Elon University/YouGov,,2026-07-21,2026-07-23,466,lv,Roy Cooper,Michael Whatley,53.0,42.0,11.0,False,,https://eloncdn.blob.core.windows.net/eu3/sites/819/2026/08/Elon-University-Poll-Topline-8-12-26.pdf,2026-08-31T16:27:36,2026-08-29T15:43:58
us-202har1cef6d8a,2026-senate-NC,2026 North Carolina,us-senator,Harper Polling,The Carolina Journal,2026-08-09,2026-08-10,600,lv,Roy Cooper,Michael Whatley,51.5,39.0,12.5,False,,https://www.carolinajournal.com/polls/august-2026-coopers-lead-over-whatley-grows-to-12-5-points/,2026-08-31T16:27:36,2026-08-29T15:43:58
us-202hig0453aa0e,2026-senate-NC,2026 North Carolina,us-senator,High Point University Survey Research Center,,2026-08-03,2026-08-12,660,lv,Roy Cooper,Michael Whatley,50.0,45.0,5.0,False,,https://www.highpoint.edu/src/files/2023/08/HPU-Poll-126-Memo-08192026.pdf,2026-08-31T16:27:36,2026-08-29T15:43:58
us-202hig8ec8c4e5,2026-senate-NC,2026 North Carolina,us-senator,High Point University Survey Research Center,,2026-08-03,2026-08-12,800,rv,Roy Cooper,Michael Whatley,48.0,41.0,7.0,False,,https://www.highpoint.edu/src/files/2023/08/HPU-Poll-126-Memo-08192026.pdf,2026-08-31T16:27:36,2026-08-29T15:43:58
us-202unia65b1e02,2026-senate-ME,2026 Maine,us-senator,University of New Hampshire,,2026-07-15,2026-07-20,1178,lv,Troy Jackson,Susan Collins,49.0,46.0,3.0,False,,https://scholars.unh.edu/survey_center_polls/981/,2026-08-31T16:27:36,2026-08-29T15:43:59
us-202harfe4afc0e,2026-senate-ME,2026 Maine,us-senator,Hart Research Associates,Senate Majority PAC,2026-07-27,2026-08-01,802,lv,Troy Jackson,Susan Collins,49.0,45.0,4.0,False,DEM,https://drive.google.com/file/d/1c_Oz7n375ncOkmMWPs8DJTKcBD3Gke4-/view,2026-08-31T16:27:36,2026-08-29T15:43:59
us-202bea347c91b0,2026-senate-ME,2026 Maine,us-senator,Beacon Research/Shaw & Co. Research,Fox News,2026-08-06,2026-08-10,1000,rv,Troy Jackson,Susan Collins,48.0,46.0,2.0,False,,https://www.foxnews.com/politics/fox-news-poll-new-matchup-same-result-maine-senate-race-stays-locked,2026-08-31T16:27:36,2026-08-29T15:43:59
us-202onm04028dcb,2026-senate-OH,2026 Ohio,us-senator,OnMessage,Insurance Watchdog Coalition,2026-03-03,2026-03-08,600,lv,Sherrod Brown,Jon Husted,47.0,45.0,2.0,False,,https://www.nbc4i.com/news/your-local-election-hq/brown-leads-husted-in-new-ohio-senate-race-poll-with-healthcare-costs-a-top-concern,2026-08-31T16:27:36,2026-08-29T15:43:59
us-202emeea9b3350,2026-senate-OH,2026 Ohio,us-senator,Emerson College,,2025-12-06,2025-12-08,850,rv,Sherrod Brown,Jon Husted,46.3,48.8,-2.5,False,,https://docs.google.com/spreadsheets/d/1XC3hL0rFXCZ_vYDiaq7J1ZLBJXdkvfPT/edit?gid=1877557151#gid=1877557151,2026-08-31T16:27:36,2026-08-29T15:43:59
us-202bow288ac89a,2026-senate-OH,2026 Ohio,us-senator,Bowling Green State University/YouGov,,2025-10-02,2025-10-14,800,rv,Sherrod Brown,Jon Husted,49.0,48.0,1.0,False,,https://scholarworks.bgsu.edu/cgi/viewcontent.cgi?article=1013&context=depo,2026-08-31T16:27:36,2026-08-29T15:43:59
us-202eme8f806411,2026-senate-OH,2026 Ohio,us-senator,Emerson College,,2025-08-18,2025-08-19,1000,rv,Sherrod Brown,Jon Husted,43.7,49.5,-5.8,False,,https://docs.google.com/spreadsheets/d/1jc0ia3Tt5qFUIPqOeRNCrHzVIMJmawJO/edit?gid=533243968#gid=533243968,2026-08-31T16:27:36,2026-08-29T15:43:59
us-202emc72b76be3,2026-senate-OH,2026 Ohio,us-senator,EMC Research,Ohio Environmental Council,2026-02-10,2026-02-22,1343,lv,Sherrod Brown,Jon Husted,51.0,47.0,4.0,False,,https://theoec.org/wp-content/uploads/2026/03/OEC-Ohio-Survey-Results-2026.pdf,2026-08-31T16:27:36,2026-08-29T15:43:59
us-202quad6aba264,2026-senate-OH,2026 Ohio,us-senator,Quantus Insights,,2026-03-13,2026-03-14,925,lv,Sherrod Brown,Jon Husted,44.0,46.0,-2.0,False,,https://docs.google.com/spreadsheets/d/1ybme6RFR0Gz0WDhEeTLTeIQkeWU6vyqB/edit?rtpof=true&sd=true,2026-08-31T16:27:36,2026-08-29T15:43:59
us-202bow8a765810,2026-senate-OH,2026 Ohio,us-senator,Bowling Green State University/YouGov,,2026-04-07,2026-04-14,1000,rv,Sherrod Brown,Jon Husted,47.0,50.0,-3.0,False,,https://scholarworks.bgsu.edu/cgi/viewcontent.cgi?article=1021&context=depo,2026-08-31T16:27:36,2026-08-29T15:43:59
us-202echefadd030,2026-senate-OH,2026 Ohio,us-senator,Echelon Insights,NetChoice,2026-04-03,2026-04-09,,,Sherrod Brown,Jon Husted,45.0,51.0,-6.0,False,,https://netchoice.org/wp-content/uploads/2026/04/NetChoice-Apr-2026-National-Antitrust-Survey-Topline.pdf,2026-08-31T16:27:36,2026-08-29T15:43:59
us-202bea6ef5bd7d,2026-senate-OH,2026 Ohio,us-senator,Beacon Research/Shaw & Co. Research,Fox News,2026-05-28,2026-06-01,1015,rv,Sherrod Brown,Jon Husted,53.0,45.0,8.0,False,,https://static.foxnews.com/foxnews.com/content/uploads/2026/06/fox_may-28-june-1-2026_complete_ohio_topline_june-3-release.pdf,2026-08-31T16:27:36,2026-08-29T15:43:59
us-202fabc4750dc3,2026-senate-OH,2026 Ohio,us-senator,Fabrizio Ward/Impact Research,AARP,2026-06-14,2026-06-16,800,lv,Sherrod Brown,Jon Husted,48.0,45.0,3.0,False,,https://www.aarp.org/pri/topics/voter-research/politics/2026-midterm-election-poll-ohio/?CMP=RDRCT-PRI-POLT,2026-08-31T16:27:36,2026-08-29T15:43:59
us-202the85ab5fb4,2026-senate-OH,2026 Ohio,us-senator,The New York Times/Siena University,,2026-06-15,2026-06-28,601,lv,Sherrod Brown,Jon Husted,47.0,50.0,-3.0,False,,https://www.nytimes.com/interactive/2026/07/01/polls/times-siena-ohio-poll-crosstabs.html,2026-08-31T16:27:36,2026-08-29T15:43:59
us-202bea58e907c0,2026-senate-OH,2026 Ohio,us-senator,Beacon Research/Shaw & Co. Research,Fox News,2026-08-06,2026-08-10,1008,rv,Sherrod Brown,Jon Husted,53.0,45.0,8.0,False,,https://www.foxnews.com/politics/fox-news-poll-economic-anxiety-candidate-concerns-define-ohio-senate-race,2026-08-31T16:27:36,2026-08-29T15:43:59
us-202wedb13225b0,2026-senate-OH,2026 Ohio,us-senator,Wedgewood Polls,,2026-08-11,2026-08-13,800,lv,Sherrod Brown,Jon Husted,48.0,44.0,4.0,False,,https://drive.google.com/file/u/1/d/1rP-26-yqNx9jy_gRqoLDmgJgzm5X8a4O/view,2026-08-31T16:27:36,2026-08-29T15:43:59
us-202unie89cc6b4,2026-senate-TX,2026 Texas,us-senator,University of Texas at Tyler,,2025-09-17,2025-09-24,1032,rv,James Talarico,Ken Paxton,37.0,38.0,-1.0,False,,https://www.uttyler.edu/academics/colleges-schools/arts-sciences/departments/political-science/files/topline-report-of-texas-voters-revised-september-2025.pdf,2026-08-31T16:27:37,2026-08-29T15:43:59
us-202uni8225dcc0,2026-senate-TX,2026 Texas,us-senator,University of Houston/Texas Southern University,,2025-09-19,2025-10-01,1650,rv,James Talarico,Ken Paxton,46.0,49.0,-3.0,False,,https://www.documentcloud.org/documents/26183203-election2026/,2026-08-31T16:27:37,2026-08-29T15:43:59
us-202rag0c28bfd3,2026-senate-TX,2026 Texas,us-senator,Ragnar Research Partners,,2025-11-12,2025-11-17,1000,lv,James Talarico,Ken Paxton,44.0,44.0,0.0,False,REP,https://www.politico.com/f/?id=0000019a-9d57-df0f-abfa-fd7fac900000,2026-08-31T16:27:37,2026-08-29T15:43:59
us-202uni0dc518c7,2026-senate-TX,2026 Texas,us-senator,University of Houston/YouGov,,2026-01-20,2026-01-31,1502,lv,James Talarico,Ken Paxton,44.0,46.0,-2.0,False,,https://www.uh.edu/hobby/primary2026/senate.pdf,2026-08-31T16:27:37,2026-08-29T15:43:59
us-202pub7e233927,2026-senate-TX,2026 Texas,us-senator,Public Policy Polling,Senate Majority PAC,2026-03-04,2026-03-05,576,a,James Talarico,Ken Paxton,47.0,45.0,2.0,False,DEM,https://punchbowl.news/article/campaigns/paxton-cornyn-poll/,2026-08-31T16:27:37,2026-08-29T15:43:59
us-202imp50137db2,2026-senate-TX,2026 Texas,us-senator,Impact Research,James Talarico,2026-03-12,2026-03-17,900,lv,James Talarico,Ken Paxton,44.0,43.0,1.0,False,,https://www.politico.com/live-updates/2026/03/20/congress/texas-senate-talarico-cornyn-paxton-poll-00837336,2026-08-31T16:27:37,2026-08-29T15:43:59
us-202texe500a6d5,2026-senate-TX,2026 Texas,us-senator,Texas Public Opinion Research,,2026-04-17,2026-04-20,1018,lv,James Talarico,Ken Paxton,46.0,41.0,5.0,False,,https://www.texastribune.org/wp-content/uploads/2026/04/TPOR-April-2026-TXSEN-poll.pdf,2026-08-31T16:27:37,2026-08-29T15:43:59
us-202emeef7cbc1d,2026-senate-TX,2026 Texas,us-senator,Emerson College,,2026-01-10,2026-01-12,1165,rv,James Talarico,Ken Paxton,45.6,45.6,0.0,False,,https://docs.google.com/spreadsheets/d/15YGRzDC0lKpxKWzRswm-jVakVutZLJc7/edit?usp=sharing&ouid=111479937799022047482&rtpof=true&sd=true,2026-08-31T16:27:37,2026-08-29T15:43:59
us-202you9dee520f,2026-senate-TX,2026 Texas,us-senator,YouGov,University of Texas,2026-04-10,2026-04-20,1200,rv,James Talarico,Ken Paxton,42.0,34.0,8.0,False,,https://texaspolitics.utexas.edu/blog/april-polling-war-and-surging-gas-prices-fuel-another-negative-turn-in-texans-views-of-the-economy-2,2026-08-31T16:27:37,2026-08-29T15:43:59
us-202texc28cf835,2026-senate-TX,2026 Texas,us-senator,Texas Southern University Barbara Jordan Public Policy Research and Survey Center,,2026-04-22,2026-05-06,1223,lv,James Talarico,Ken Paxton,45.0,45.0,0.0,False,,https://drive.google.com/file/d/1_iPARgG4ScAjPXaqXfHse9R9hnvGS6If/view,2026-08-31T16:27:37,2026-08-29T15:43:59
us-202pub121c904c,2026-senate-TX,2026 Texas,us-senator,Public Policy Polling,Lone Star Rising PAC,2026-05-22,2026-05-23,643,lv,James Talarico,Ken Paxton,45.0,38.0,7.0,False,DEM,https://static.politico.com/c0/7c/2c2db3c14c74946fa393d9e485cc/texas-gen-results-ppp-5-26-1.pdf?nname=playbook&nid=0000014f-1646-d88f-a1cf-5f46b7bd0000&nrid=4f4d3aeb-621a-47b9-a66d-d9944fed5257,2026-08-31T16:27:37,2026-08-29T15:43:59
us-202sli9f75fb57,2026-senate-TX,2026 Texas,us-senator,Slingshot Strategies,Texas Public Opinion Research,2026-05-27,2026-05-28,1670,lv,James Talarico,Ken Paxton,48.0,45.0,3.0,False,DEM,https://drive.google.com/file/d/1lCiaC7xw4VTmc2I4aHRZ-Pi3McLOwsrI/view,2026-08-31T16:27:37,2026-08-29T15:43:59
us-202qua6b878295,2026-senate-TX,2026 Texas,us-senator,Quantus Insights,,2026-06-03,2026-06-04,800,lv,James Talarico,Ken Paxton,43.0,45.0,-2.0,False,,https://drive.google.com/file/d/1U-DMOuPcsD0P-B5F_m-rfw3Bv1yXSeS7/view?usp=sharing,2026-08-31T16:27:37,2026-08-29T15:43:59
us-202rec22b1c62b,2026-senate-TX,2026 Texas,us-senator,ReconMR/Siena University,Texas A&M University Bush School of Government & Public Service,2026-06-01,2026-06-04,807,lv,James Talarico,Ken Paxton,47.0,44.0,3.0,False,,https://reconmr.com/wp-content/uploads/2026/06/TXPLV-Crosstabs-1.pdf,2026-08-31T16:27:37,2026-08-29T15:43:59
us-202texc8fd4814,2026-senate-TX,2026 Texas,us-senator,Texas Politics Project at the University of Texas/YouGov,,2026-06-05,2026-06-12,1200,rv,James Talarico,Ken Paxton,42.0,43.0,-1.0,False,,https://texaspolitics.utexas.edu/blog/june-poll-finds-a-competitive-u-s-senate-race-in-texas-amid-continuing-economic-concerns-data-center-backlash,2026-08-31T16:27:37,2026-08-29T15:43:59
us-202socb918e088,2026-senate-TX,2026 Texas,us-senator,SoCal Strategies,Red Eagle Politics,2026-06-21,2026-06-21,800,lv,James Talarico,Ken Paxton,47.1,48.5,-1.4,False,REP,https://socalstrategies.substack.com/p/ken-paxton-leads-narrow-texas-senate,2026-08-31T16:27:37,2026-08-29T15:43:59
us-202thee89c7bce,2026-senate-TX,2026 Texas,us-senator,The New York Times/Siena University,,2026-06-19,2026-06-27,656,lv,James Talarico,Ken Paxton,47.0,47.0,0.0,False,,https://www.nytimes.com/interactive/2026/06/30/polls/times-siena-texas-poll-crosstabs.html#composition-of-the-sample,2026-08-31T16:27:37,2026-08-29T15:43:59
us-202a2 1a5590cb,2026-senate-TX,2026 Texas,us-senator,A2 Insights,,2026-06-23,2026-06-28,618,lv,James Talarico,Ken Paxton,48.4,46.1,2.3,False,,https://substack.com/@a2insights/note/c-285306220,2026-08-31T16:27:37,2026-08-29T15:43:59
us-202sli6204659f,2026-senate-TX,2026 Texas,us-senator,Slingshot Strategies,Texas Public Opinion Research,2026-07-15,2026-07-17,1048,lv,James Talarico,Ken Paxton,45.0,40.0,5.0,False,,https://texaspublicopinionresearch.substack.com/p/new-poll-james-talaricos-lead-over,2026-08-31T16:27:37,2026-08-29T15:43:59
us-202bea54820d8d,2026-senate-TX,2026 Texas,us-senator,Beacon Research/Shaw & Co. Research,Fox News,2026-07-23,2026-07-27,1006,rv,James Talarico,Ken Paxton,51.0,48.0,3.0,False,,https://www.foxnews.com/politics/fox-news-poll-gop-divisions-shape-texas-senate-race,2026-08-31T16:27:37,2026-08-29T15:43:59
us-202wed4dcf8c6b,2026-senate-TX,2026 Texas,us-senator,Wedgewood Polls,,2026-07-30,2026-07-31,800,lv,James Talarico,Ken Paxton,48.0,46.0,2.0,False,,https://drive.google.com/file/u/1/d/1t2mC4MFActxiBdx4ef_5crisXjD9xH7a/view,2026-08-31T16:27:37,2026-08-29T15:43:59
us-202texee0a6ae6,2026-senate-TX,2026 Texas,us-senator,Texas Southern University Barbara Jordan Public Policy Research and Survey Center,,2026-07-27,2026-07-30,1200,lv,James Talarico,Ken Paxton,47.0,45.0,2.0,False,,https://static1.squarespace.com/static/67aa7aa3e284b002cd6a420e/t/6a713767d4ed824b91ea090d/1785804647961/Texas+Statewide+August2026.pdf,2026-08-31T16:27:37,2026-08-29T15:43:59
us-202you3c4a4a9f,2026-senate-TX,2026 Texas,us-senator,YouGov Blue,254 Labs,2026-07-15,2026-07-31,1001,rv,James Talarico,Ken Paxton,48.0,45.0,3.0,False,DEM,https://254labs.io/news/2026-07-txsen,2026-08-31T16:27:37,2026-08-29T15:43:59
us-202rec773da2d7,2026-senate-TX,2026 Texas,us-senator,ReconMR/Siena University,Texas A&M University Bush School of Government & Public Service,2026-07-27,2026-07-30,619,lv,James Talarico,Ken Paxton,47.0,43.0,4.0,False,,https://reconmr.com/wp-content/uploads/2026/08/Texas-Pulse-August-Release-August-7-2026-Final.pdf,2026-08-31T16:27:37,2026-08-29T15:43:59
us-202eme5bcac049,2026-senate-TX,2026 Texas,us-senator,Emerson College,Nexstar Media,2026-08-09,2026-08-10,1000,lv,James Talarico,Ken Paxton,46.0,47.0,-1.0,False,,https://emersoncollegepolling.com/texas-2026-poll-paxton-and-talarico/,2026-08-31T16:27:37,2026-08-29T15:43:59
us-202the54ba4671,2026-senate-TX,2026 Texas,us-senator,The Texas Politics Project at the University of Texas at Austin/YouGov,,2026-08-05,2026-08-13,1218,rv,James Talarico,Ken Paxton,42.0,39.0,3.0,False,,https://texaspolitics.utexas.edu/blog/new-ut-texas-politics-project-poll-finds-talarico-leading-paxton-abbott-leading-hinojosa-continued-resistance-to-data-centers-2,2026-08-31T16:27:37,2026-08-29T15:43:59
us-202sli394bd9a0,2026-senate-TX,2026 Texas,us-senator,Slingshot Strategies,Texas Public Opinion Research,2026-08-21,2026-08-24,1000,lv,James Talarico,Ken Paxton,48.0,42.0,6.0,False,,https://texaspublicopinionresearch.substack.com/p/new-poll-in-texas-general-election,2026-08-31T16:27:37,2026-08-29T15:43:59
us-202gbab93d5de3,2026-senate-IA,2026 Iowa,us-senator,GBAO,ModSquad,2026-03-10,2026-03-16,1200,lv,Josh Turek,Ashley Hinson,43.0,47.0,-4.0,False,DEM,https://www.politico.com/f/?id=0000019d-8400-d182-a9fd-b63c76ae0000,2026-08-31T16:27:37,2026-08-29T15:44:00
us-202cha781abe34,2026-senate-IA,2026 Iowa,us-senator,Change Research,,2026-01-08,2026-01-11,1108,lv,Josh Turek,Ashley Hinson,41.0,44.0,-3.0,False,,https://x.com/Bencjacobs/status/2020894441196663099,2026-08-31T16:27:37,2026-08-29T15:44:00
us-202echf4929c57,2026-senate-IA,2026 Iowa,us-senator,Echelon Insights,NetChoice,2026-04-03,2026-04-09,377,lv,Josh Turek,Ashley Hinson,46.0,45.0,1.0,False,,https://netchoice.org/wp-content/uploads/2026/04/NetChoice-Apr-2026-National-Antitrust-Survey-Topline.pdf,2026-08-31T16:27:37,2026-08-29T15:44:00
us-202pub957d3bcc,2026-senate-IA,2026 Iowa,us-senator,Public Policy Polling,Democratic Senatorial Campaign Committee,2026-06-03,2026-06-04,557,rv,Josh Turek,Ashley Hinson,46.0,46.0,0.0,False,DEM,https://www.politico.com/newsletters/playbook/2026/06/08/ron-klain-picks-his-2028-horse-00953194,2026-08-31T16:27:37,2026-08-29T15:44:00
us-202cyg40c776c5,2026-senate-IA,2026 Iowa,us-senator,Cygnal,Iowans for Tax Relief,2026-06-16,2026-06-19,600,lv,Josh Turek,Ashley Hinson,44.2,46.0,-1.8,False,REP,https://taxrelief.org/itr-foundation-poll-shows-iowans-want-taxpayer-protection/,2026-08-31T16:27:37,2026-08-29T15:44:00
us-202the52e3337f,2026-senate-IA,2026 Iowa,us-senator,The New York Times/Siena University,,2026-06-15,2026-06-27,600,lv,Josh Turek,Ashley Hinson,46.0,48.0,-2.0,False,,https://www.nytimes.com/interactive/2026/07/01/polls/times-siena-iowa-poll-crosstabs.html,2026-08-31T16:27:37,2026-08-29T15:44:00
us-202bea93a2c09c,2026-senate-IA,2026 Iowa,us-senator,Beacon Research/Shaw & Co. Research,Fox News,2026-06-23,2026-06-27,1003,rv,Josh Turek,Ashley Hinson,50.0,46.0,4.0,False,,https://www.foxnews.com/politics/fox-news-poll-close-senate-contest-brewing-iowa,2026-08-31T16:27:37,2026-08-29T15:44:00
us-202eme4923d9f5,2026-senate-IA,2026 Iowa,us-senator,Emerson College,Nexstar Media,2026-08-02,2026-08-04,712,lv,Josh Turek,Ashley Hinson,45.0,48.0,-3.0,False,,https://emersoncollegepolling.com/iowa-2026-poll/,2026-08-31T16:27:37,2026-08-29T15:44:00
us-202sufc2449e1f,2026-senate-IA,2026 Iowa,us-senator,Suffolk University,,2026-08-20,2026-08-23,500,lv,Josh Turek,Ashley Hinson,40.8,45.4,-4.6,False,,https://www.suffolk.edu/academics/research-at-suffolk/political-research-center/polls/other-states#collapse-August-26-2026-Iowa-Governor-and-US-Senate-General-Election,2026-08-31T16:27:37,2026-08-29T15:44:00
us-202eme9a6a68f5,2026-senate-NH,2026 New Hampshire,us-senator,Emerson College,,2026-03-21,2026-03-23,1100,lv,Chris Pappas,John Sununu,45.3,43.7,1.6,False,,https://docs.google.com/spreadsheets/d/1-Q3fMv-ldmBe4xdMzd0q49PpV7xncHZL/edit?gid=744018967#gid=744018967,2026-08-31T16:27:37,2026-08-29T15:44:00
us-202saica770502,2026-senate-NH,2026 New Hampshire,us-senator,Saint Anselm,,2026-03-16,2026-03-18,1491,rv,Chris Pappas,John Sununu,46.0,43.0,3.0,False,,https://www.anselm.edu/about/anselmian-hub/news/new-poll-saint-anselm-college-survey-shows-democrats-gaining-ground-republicans-face-political-headwinds,2026-08-31T16:27:37,2026-08-29T15:44:00
us-202yese8051e85,2026-senate-NH,2026 New Hampshire,us-senator,yes. every kid.,,2026-01-28,2026-01-29,563,lv,Chris Pappas,John Sununu,45.0,41.0,4.0,False,,https://yeseverykid.com/new-hampshire-voters-support-expanded-public-school-access/,2026-08-31T16:27:37,2026-08-29T15:44:00
us-202uni1250e038,2026-senate-NH,2026 New Hampshire,us-senator,University of New Hampshire,,2026-01-15,2026-01-19,2038,lv,Chris Pappas,John Sununu,50.0,45.0,5.0,False,,https://scholars.unh.edu/survey_center_polls/922/,2026-08-31T16:27:37,2026-08-29T15:44:00
us-202prad23da08c,2026-senate-NH,2026 New Hampshire,us-senator,Praecones Analytica,New Hampshire Journal,2025-12-26,2025-12-28,603,rv,Chris Pappas,John Sununu,42.3,35.6,6.7,False,,https://acrobat.adobe.com/id/urn:aaid:sc:US:bd0b0e63-78b9-426d-b30f-1696edd951f6,2026-08-31T16:27:37,2026-08-29T15:44:00
us-202saia99778cd,2026-senate-NH,2026 New Hampshire,us-senator,Saint Anselm,,2025-11-18,2025-11-19,2112,rv,Chris Pappas,John Sununu,44.0,41.0,3.0,False,,https://www.anselm.edu/about/anselmian-hub/news/new-poll-saint-anselm-college-survey-shows-declining-optimism-democracy-dominant-issue-and-early-partisan-divides-ahead-2026,2026-08-31T16:27:37,2026-08-29T15:44:00
us-202co/0b672f7f,2026-senate-NH,2026 New Hampshire,us-senator,co/efficient,,2025-10-09,2025-10-13,1034,lv,Chris Pappas,John Sununu,45.0,42.0,3.0,False,,https://coefficient.org/our-work/new-hampshire-us-senate-oct-2025/,2026-08-31T16:27:37,2026-08-29T15:44:00
us-202uni0401d0f4,2026-senate-NH,2026 New Hampshire,us-senator,University of New Hampshire,,2025-09-17,2025-09-23,1225,lv,Chris Pappas,John Sununu,49.0,43.0,6.0,False,,https://scholars.unh.edu/survey_center_polls/888/,2026-08-31T16:27:37,2026-08-29T15:44:00
us-202co/465a61ff,2026-senate-NH,2026 New Hampshire,us-senator,co/efficient,,2025-09-10,2025-09-12,904,lv,Chris Pappas,John Sununu,46.0,43.0,3.0,False,,https://coefficient.org/wp-content/uploads/2025/09/NH-U.S.-Senate-General-Election-2026.pdf,2026-08-31T16:27:37,2026-08-29T15:44:00
us-202189327ac2c7,2026-senate-NH,2026 New Hampshire,us-senator,1892 Polling,One Nation,2025-09-02,2025-09-04,500,lv,Chris Pappas,John Sununu,45.0,43.0,2.0,False,,https://punchbowl.news/nhsen_poll2memo_d2b_090625/,2026-08-31T16:27:37,2026-08-29T15:44:00
us-202uni64743a1f,2026-senate-NH,2026 New Hampshire,us-senator,University of New Hampshire,,2026-04-17,2026-04-21,1295,lv,Chris Pappas,John Sununu,49.0,42.0,7.0,False,,https://scholars.unh.edu/survey_center_polls/944/,2026-08-31T16:27:37,2026-08-29T15:44:00
us-202unib186ef52,2026-senate-NH,2026 New Hampshire,us-senator,University of New Hampshire,,2026-06-18,2026-06-23,2232,lv,Chris Pappas,John Sununu,47.0,44.0,3.0,False,,https://scholars.unh.edu/survey_center_polls/974/,2026-08-31T16:27:37,2026-08-29T15:44:00
us-202sai3a119d63,2026-senate-NH,2026 New Hampshire,us-senator,Saint Anselm,,2026-06-24,2026-06-25,1614,rv,Chris Pappas,John Sununu,47.0,41.0,6.0,False,,https://www.anselm.edu/about/anselmian-hub/news/saint-anselm-college-survey-center-june-poll-finds-democrats-expand-generic-ballot-lead,2026-08-31T16:27:37,2026-08-29T15:44:00
us-202sai47715591,2026-senate-NH,2026 New Hampshire,us-senator,Saint Anselm College Survey Center,,2026-08-17,2026-08-18,1411,lv,Chris Pappas,John Sununu,48.0,41.0,7.0,False,,https://www.anselm.edu/about/anselmian-hub/news/new-saint-anselm-college-poll-finds-republicans-facing-midterm-headwinds-democratic-lead-widens,2026-08-31T16:27:37,2026-08-29T15:44:00
us-202unie006e257,2026-senate-NH,2026 New Hampshire,us-senator,University of New Hampshire,,2026-08-20,2026-08-24,1878,lv,Chris Pappas,John Sununu,43.0,45.0,-2.0,False,,https://scholars.unh.edu/survey_center_polls/988/,2026-08-31T16:27:37,2026-08-29T15:44:00
us-202eme46470152,2026-senate-MN,2026 Minnesota,us-senator,Emerson College,,2026-02-06,2026-02-08,1000,lv,Peggy Flanagan,Michele Tafoya,47.1,40.6,6.5,False,,https://docs.google.com/spreadsheets/d/1JA1bJWjrfS2kJbvUpGC8cGy7c0UiK7Qr/edit?usp=sharing&ouid=111479937799022047482&rtpof=true&sd=true,2026-08-31T16:27:37,2026-08-29T15:44:00
us-202sur47670306,2026-senate-MN,2026 Minnesota,us-senator,SurveyUSA,KSTP-TV (St. Paul)|KAAL-TV (Austin)|WDIO-DT (Duluth),2026-08-13,2026-08-17,661,lv,Peggy Flanagan,Michele Tafoya,46.0,41.0,5.0,False,,"KSTP-TV (St. Paul, Minn.), KAAL-TV (Austin, Minn.), WDIO-DT (Duluth, Minn.)",2026-08-31T16:27:37,2026-08-29T15:44:00
us-202ala6fd3746f,2026-senate-AK,2026 Alaska,us-senator,Alaska Survey Research,,2026-03-19,2026-03-22,1283,lv,Mary Peltola,Dan Sullivan,52.4,47.6,4.8,False,,https://bsky.app/profile/alaskasurvey.bsky.social/post/3mi5sviz72222,2026-08-31T16:27:37,2026-08-29T15:44:00
us-202pub023ecafb,2026-senate-AK,2026 Alaska,us-senator,Public Policy Polling,Democratic Senatorial Campaign Committee,2026-01-16,2026-01-17,611,rv,Mary Peltola,Dan Sullivan,49.0,47.0,2.0,False,DEM,https://www.politico.com/newsletters/playbook/2026/01/21/what-davos-really-thinks-of-trump-00738555?nname=playbook&nid=0000014f-1646-d88f-a1cf-5f46b7bd0000&nrid=4d735b47-a8a7-41f4-9c35-277919f359ed,2026-08-31T16:27:37,2026-08-29T15:44:00
us-202ala3b65f6ef,2026-senate-AK,2026 Alaska,us-senator,Alaska Survey Research,,2026-01-08,2026-01-11,1681,lv,Mary Peltola,Dan Sullivan,48.0,46.4,1.6,False,,https://x.com/The_Real_ASR/status/2011266752693616932,2026-08-31T16:27:37,2026-08-29T15:44:00
us-202alabcabdd28,2026-senate-AK,2026 Alaska,us-senator,Alaska Survey Research,,2026-04-16,2026-04-19,1946,lv,Mary Peltola,Dan Sullivan,52.0,48.0,4.0,False,,https://bsky.app/profile/alaskasurvey.bsky.social/post/3mk6ej2v5yv27,2026-08-31T16:27:37,2026-08-29T15:44:00
us-202alabbd6655e,2026-senate-AK,2026 Alaska,us-senator,Alaska Survey Research,,2026-04-16,2026-04-19,,lv,Mary Peltola,Dan Sullivan,50.8,47.3,3.5,False,,https://x.com/polltracker2024/status/2050660840278229202,2026-08-31T16:27:37,2026-08-29T15:44:00
us-202ala3352af00,2026-senate-AK,2026 Alaska,us-senator,Alaska Survey Research,,2026-06-04,2026-06-07,1393,lv,Mary Peltola,Dan Sullivan,49.4,44.2,5.2,False,,https://bsky.app/profile/alaskasurvey.bsky.social/post/3mo4ifkz3tc25,2026-08-31T16:27:37,2026-08-29T15:44:00
us-202datff65423b,2026-senate-AK,2026 Alaska,us-senator,Data for Progress,,2025-10-17,2025-10-23,823,lv,Mary Peltola,Dan Sullivan,46.0,45.0,1.0,False,DEM,https://www.dataforprogress.org/blog/2025/10/31/in-the-midst-of-a-health-care-and-affordability-crisis-in-alaska-peltola-and-begich-lead-their-races,2026-08-31T16:27:37,2026-08-29T15:44:00
us-202alab987738a,2026-senate-AK,2026 Alaska,us-senator,Alaska Survey Research,,2026-05-14,2026-05-17,1401,lv,Mary Peltola,Dan Sullivan,48.4,43.8,4.6,False,,https://x.com/PollTracker2024/status/2059342641041473797,2026-08-31T16:27:37,2026-08-29T15:44:00
us-202alaaac6776a,2026-senate-AK,2026 Alaska,us-senator,Alaska Survey Research,,2025-07-29,2025-08-01,1613,lv,Mary Peltola,Dan Sullivan,42.5,46.7,-4.2,False,,https://www.documentcloud.org/documents/26071481-ak-sen-alaska-survey-research-d/,2026-08-31T16:27:37,2026-08-29T15:44:00
us-202datde291215,2026-senate-AK,2026 Alaska,us-senator,Data for Progress,,2025-07-21,2025-07-27,678,lv,Mary Peltola,Dan Sullivan,45.0,46.0,-1.0,False,,https://www.dataforprogress.org/blog/2025/8/8/mary-peltola-would-be-front-runner-for-alaska-governor,2026-08-31T16:27:37,2026-08-29T15:44:00
us-202the011805d2,2026-senate-AK,2026 Alaska,us-senator,The New York Times/Siena University,,2026-06-15,2026-06-29,593,lv,Mary Peltola,Dan Sullivan,45.0,47.0,-2.0,False,,https://www.nytimes.com/interactive/2026/07/01/polls/times-siena-alaska-poll-crosstabs.html,2026-08-31T16:27:37,2026-08-29T15:44:00
us-202alaaa70f06a,2026-senate-AK,2026 Alaska,us-senator,Alaska Survey Research,,2026-08-02,2026-08-05,1371,lv,Mary Peltola,Dan Sullivan,50.8,49.2,1.6,False,,https://x.com/The_Real_ASR/status/2087253230548107640?s=20,2026-08-31T16:27:37,2026-08-29T15:44:00
us-202tav22537272,2026-senate-KS,2026 Kansas,us-senator,Tavern Research,,2026-01-26,2026-01-28,1013,lv,Adam Hamilton,Roger Marshall,46.0,54.0,-8.0,False,,https://sunflowerstatejournal.com/wp-content/uploads/2026/04/Toplines-KS-surv-20260125_195205.pdf,2026-08-31T16:27:37,2026-08-29T15:44:01
gov202nob3acbfb6b,2026-gov-AZ,2026 Arizona,governor,Noble Predictive Insights,,2026-02-23,2026-02-26,1023,rv,Katie Hobbs,Andy Biggs,42.0,37.0,5.0,False,,https://www.noblepredictiveinsights.com/post/azgov-biggs-benefits-from-field-consolidation-hobbs-holds-early-edge,2026-08-31T16:27:38,2026-08-31T16:27:38
gov202cen07f7e46c,2026-gov-AZ,2026 Arizona,governor,Center for Excellence in Polling,,2026-01-22,2026-01-24,519,lv,Katie Hobbs,Andy Biggs,50.0,41.0,9.0,False,,https://www.newsweek.com/andy-biggs-chances-beating-katie-hobbs-arizona-governor-poll-11551094,2026-08-31T16:27:38,2026-08-31T16:27:38
gov202nex95db87c3,2026-gov-AZ,2026 Arizona,governor,NextGen P,,2025-12-15,2025-12-17,2725,lv,Katie Hobbs,Andy Biggs,51.0,32.0,19.0,False,,https://nxtgenp.com/post/Hobbs-leads,2026-08-31T16:27:38,2026-08-31T16:27:38
gov202eme9b46a11f,2026-gov-AZ,2026 Arizona,governor,Emerson College,,2025-11-08,2025-11-10,850,rv,Katie Hobbs,Andy Biggs,44.1,43.4,0.7,False,,https://docs.google.com/spreadsheets/d/1ttQsSUYBerJPlBQ9tEliqyXAZeYgyvDN/edit?usp=sharing&ouid=111479937799022047482&rtpof=true&sd=true,2026-08-31T16:27:38,2026-08-31T16:27:38
gov202nob2b0611a8,2026-gov-AZ,2026 Arizona,governor,Noble Predictive Insights,,2025-08-11,2025-08-18,948,rv,Katie Hobbs,Andy Biggs,39.0,37.0,2.0,False,,https://www.noblepredictiveinsights.com/post/robson-rewrites-the-2022-playbook-as-she-opens-with-an-early-lead-in-arizona-gop-primary,2026-08-31T16:27:38,2026-08-31T16:27:38
gov202nobc86b9c74,2026-gov-AZ,2026 Arizona,governor,Noble Predictive Insights,,2026-05-05,2026-05-07,996,rv,Katie Hobbs,Andy Biggs,41.0,37.0,4.0,False,,https://www.noblepredictiveinsights.com/post/azgov-biggs-nears-majority-as-hobbs-holds-early-edge,2026-08-31T16:27:38,2026-08-31T16:27:38
gov202fab5f0bab16,2026-gov-AZ,2026 Arizona,governor,"Fabrizio, Lee & Associates/Impact Research",AARP,2026-07-26,2026-07-28,913,lv,Katie Hobbs,Andy Biggs,52.0,44.0,8.0,False,,https://www.aarp.org/content/dam/aarp/research/topics/voter-opinion-research/politics/2026-midterm-election-poll-arizona.doi.10.26419-2fres.01065.007.pdf,2026-08-31T16:27:38,2026-08-31T16:27:38
gov202the8bf98233,2026-gov-AZ,2026 Arizona,governor,The Tarrance Group,Democracy Defense Foundation,2026-07-27,2026-07-30,600,lv,Katie Hobbs,Andy Biggs,52.0,48.0,4.0,False,,https://www.democracydefensefoundation.org/news/az/new-poll-arizona-voters-remain-concerned-about-election-integrity-headed-into-general-election,2026-08-31T16:27:38,2026-08-31T16:27:38
gov202ste25bcebfb,2026-gov-AZ,2026 Arizona,governor,Stealth Analytics,,2026-08-11,2026-08-13,530,lv,Katie Hobbs,Andy Biggs,43.0,38.0,5.0,False,,https://www.stealth-analytics.com/dispatches/az-general-lv-statewide-august-2026,2026-08-31T16:27:38,2026-08-31T16:27:38
gov202nobb8fa340d,2026-gov-AZ,2026 Arizona,governor,Noble Predictive Insights,,2026-08-10,2026-08-13,923,lv,Katie Hobbs,Andy Biggs,48.0,35.0,13.0,False,,https://www.noblepredictiveinsights.com/post/katie-hobbs-leads-andy-biggs-in-the-grand-canyon-state,2026-08-31T16:27:38,2026-08-31T16:27:38
gov202nexd1d1735a,2026-gov-AZ,2026 Arizona,governor,NextGen Polling,,2026-08-17,2026-08-19,1627,rv,Katie Hobbs,Andy Biggs,39.0,38.0,1.0,False,,https://nxtgenp.com/post/new-blog-post-6092,2026-08-31T16:27:38,2026-08-31T16:27:38
gov202kreeebd121f,2026-gov-AZ,2026 Arizona,governor,Kreate Strategies,American Encore,2026-08-13,2026-08-16,900,lv,Katie Hobbs,Andy Biggs,45.0,40.0,5.0,False,REP,https://x.com/AmericanEncore/status/2090601186273731039,2026-08-31T16:27:38,2026-08-31T16:27:38
gov202quaca60018a,2026-gov-AZ,2026 Arizona,governor,Quantus Insights,,2026-08-14,2026-08-17,780,lv,Katie Hobbs,Andy Biggs,49.0,43.0,6.0,False,,https://drive.google.com/file/d/1BykPOxoJ1OPnMi2maevjUosmYs8faa8Q/view?usp=sharing,2026-08-31T16:27:38,2026-08-31T16:27:38
gov202hig20c1b034,2026-gov-AZ,2026 Arizona,governor,HighGround,,2026-08-15,2026-08-18,400,lv,Katie Hobbs,Andy Biggs,50.0,34.0,16.0,False,,https://azhighground.com/hobbs-builds-double-digit-lead-in-arizona,2026-08-31T16:27:38,2026-08-31T16:27:38
gov202sus3cd1701e,2026-gov-PA,2026 Pennsylvania,governor,Susquehanna Polling & Research,,2026-03-18,2026-03-29,700,lv,Josh Shapiro,Stacy Garrity,58.0,36.0,22.0,False,REP,https://x.com/SusquehannaPR/status/2039323234047340873/photo/1,2026-08-31T16:27:38,2026-08-31T16:27:38
gov202fraa68d69ea,2026-gov-PA,2026 Pennsylvania,governor,Franklin & Marshall College,,2026-02-18,2026-03-01,834,rv,Josh Shapiro,Stacy Garrity,48.0,28.0,20.0,False,,https://www.politicspa.com/fm-poll-shapiro-leads-garrity-for-governor-48-28/145800/,2026-08-31T16:27:38,2026-08-31T16:27:38
gov202qui5d631fab,2026-gov-PA,2026 Pennsylvania,governor,Quinnipiac University,,2026-02-19,2026-02-23,836,rv,Josh Shapiro,Stacy Garrity,55.0,37.0,18.0,False,,https://poll.qu.edu/poll-release?releaseid=3948,2026-08-31T16:27:38,2026-08-31T16:27:38
gov202quifa93d858,2026-gov-PA,2026 Pennsylvania,governor,Quinnipiac University,,2025-09-25,2025-09-29,1579,rv,Josh Shapiro,Stacy Garrity,55.0,39.0,16.0,False,,https://poll.qu.edu/poll-release?releaseid=3933,2026-08-31T16:27:38,2026-08-31T16:27:38
gov202susda6492fc,2026-gov-PA,2026 Pennsylvania,governor,Susquehanna Polling & Research,,2025-09-22,2025-09-28,700,lv,Josh Shapiro,Stacy Garrity,54.0,36.0,18.0,False,,https://x.com/SusquehannaPR/status/1975656184393666735,2026-08-31T16:27:38,2026-08-31T16:27:38
gov202bra07c28e43,2026-gov-PA,2026 Pennsylvania,governor,Bravo Group,PennLive,2026-05-20,2026-05-24,684,lv,Josh Shapiro,Stacy Garrity,53.0,29.0,24.0,False,,https://www.pennlive.com/news/2026/06/pa-voters-more-dissatisfied-especially-with-trump-tariffs-jan-6-fund-morning-scrapple-poll.html,2026-08-31T16:27:38,2026-08-31T16:27:38
gov202fra194b6a64,2026-gov-PA,2026 Pennsylvania,governor,Franklin & Marshall College Center for Opinion Research,,2026-06-08,2026-06-14,546,rv,Josh Shapiro,Stacy Garrity,50.0,28.0,22.0,False,,https://www.fandmpoll.org/franklin-marshall-college-poll-release-june-2026,2026-08-31T16:27:38,2026-08-31T16:27:38
gov202made5e47c43,2026-gov-PA,2026 Pennsylvania,governor,MAD Global Strategy,Natural Allies for a Clean Energy Future,2026-06-09,2026-06-11,600,lv,Josh Shapiro,Stacy Garrity,48.0,31.0,17.0,False,,https://www.susqcoindy.com/news/whats-happening/natural-allies-conducts-poll-finds-voters-support-shapiro-s-all-of-the-above-energy-strategy/article_af2d4c99-34b4-47df-8d20-3ea98606d925.html,2026-08-31T16:27:38,2026-08-31T16:27:38
gov202bra253133dd,2026-gov-PA,2026 Pennsylvania,governor,Bravo Group,PennLive,2026-07-17,2026-07-24,630,lv,Josh Shapiro,Stacy Garrity,53.0,28.0,25.0,False,,https://www.pennlive.com/politics/2026/07/trump-fetterman-in-trouble-with-pa-voters-morning-scrapple-poll.html,2026-08-31T16:27:38,2026-08-31T16:27:38
gov202nat6e2ff71c,2026-gov-PA,2026 Pennsylvania,governor,National Public Affairs,,2026-07-26,2026-07-30,600,lv,Josh Shapiro,Stacy Garrity,50.0,43.0,7.0,False,REP,https://backend.natpublicaffairs.com/media/PA_Statewide_Topline_08042026%20-Public_Release-v2.pdf,2026-08-31T16:27:38,2026-08-31T16:27:38
gov202the8ae2c7ef,2026-gov-PA,2026 Pennsylvania,governor,The New York Times/Siena University,The Philadelphia Inquirer,2026-08-17,2026-08-21,760,lv,Josh Shapiro,Stacy Garrity,55.0,39.0,16.0,False,,https://www.nytimes.com/interactive/2026/08/25/polls/times-inquirer-siena-pa-poll-lv-crosstabs.html,2026-08-31T16:27:38,2026-08-31T16:27:38
gov202thefa80fdf0,2026-gov-PA,2026 Pennsylvania,governor,The New York Times/Siena University,The Philadelphia Inquirer,2026-08-17,2026-08-21,760,rv,Josh Shapiro,Stacy Garrity,54.0,37.0,17.0,False,,https://www.nytimes.com/interactive/2026/08/25/polls/times-inquirer-siena-pa-poll-lv-crosstabs.html,2026-08-31T16:27:38,2026-08-31T16:27:38
gov202frafedd304c,2026-gov-PA,2026 Pennsylvania,governor,Franklin & Marshall College,,2026-08-17,2026-08-23,501,rv,Josh Shapiro,Stacy Garrity,50.0,25.0,25.0,False,,https://www.fandmpoll.org/franklin-marshall-college-poll-release-august-2026/,2026-08-31T16:27:38,2026-08-31T16:27:38
gov202brac0fcbe4a,2026-gov-PA,2026 Pennsylvania,governor,Bravo Group,PennLive,2026-08-18,2026-08-22,711,lv,Josh Shapiro,Stacy Garrity,56.0,25.0,31.0,False,,https://www.pennlive.com/politics/2026/08/fettermans-problems-with-pa-democrats-just-keep-getting-worse-morning-scrapple-poll.html,2026-08-31T16:27:38,2026-08-31T16:27:38
gov202tipfd37dfae,2026-gov-MI,2026 Michigan,governor,TIPP Insights,League of American Workers,2026-05-20,2026-05-23,1163,lv,Jocelyn Benson,John James,49.0,38.0,11.0,False,,https://tippinsights.com/league-of-american-workers-survey-michigan,2026-08-31T16:27:38,2026-08-31T16:27:38
gov202tip301d0975,2026-gov-MI,2026 Michigan,governor,TIPP Insights,League of American Workers,2026-05-20,2026-05-23,1456,rv,Jocelyn Benson,John James,46.0,35.0,11.0,False,REP,https://tippinsights.com/league-of-american-workers-survey-michigan,2026-08-31T16:27:38,2026-08-31T16:27:38
gov202gleb47f8847,2026-gov-MI,2026 Michigan,governor,"Glengariff Group, Inc.",Michigan Education Association|Business Leaders for Michigan,2026-07-22,2026-07-24,600,lv,Jocelyn Benson,John James,43.7,38.7,5.0,False,,https://mea.org/latest-statewide-poll-7-2026/,2026-08-31T16:27:38,2026-08-31T16:27:38
gov202epi61e1edf8,2026-gov-MI,2026 Michigan,governor,EPIC-MRA,MIRS,2026-07-24,2026-07-31,600,lv,Jocelyn Benson,John James,47.0,38.0,9.0,False,,,2026-08-31T16:27:38,2026-08-31T16:27:38
gov202mitb973b6eb,2026-gov-MI,2026 Michigan,governor,Mitchell Research & Communications,,2026-07-28,2026-07-29,672,lv,Jocelyn Benson,John James,46.0,44.0,2.0,False,,https://static1.squarespace.com/static/5f14ae6fb2a20e01e9c6d608/t/6a6d26262f442f133d15fa49/1785538087149/MITCHELL+MI+Poll+Nov+Electio+Press+Release+7-31-2026+305PM_A.pdf,2026-08-31T16:27:38,2026-08-31T16:27:38
gov202beaa0ec547e,2026-gov-MI,2026 Michigan,governor,Beacon Research/Shaw & Co. Research,Fox News,2026-08-06,2026-08-10,1006,rv,Jocelyn Benson,John James,52.0,47.0,5.0,False,,https://www.foxnews.com/politics/fox-news-poll-senate-battle-looms-michigan,2026-08-31T16:27:38,2026-08-31T16:27:38
gov202fabf0985b10,2026-gov-MI,2026 Michigan,governor,"Fabrizio, Lee & Associates/Impact Research",AARP,2026-08-09,2026-08-11,877,lv,Jocelyn Benson,John James,49.0,44.0,5.0,False,,https://www.aarp.org/pri/topics/voter-research/politics/2026-midterm-election-poll-michigan/,2026-08-31T16:27:38,2026-08-31T16:27:38
gov202epid5412b4c,2026-gov-MI,2026 Michigan,governor,EPIC-MRA,,2026-08-22,2026-08-28,600,lv,Jocelyn Benson,John James,45.0,41.0,4.0,False,,https://drive.google.com/file/d/1flmzB5xpdJ6Noa-3hAbms0vBml6KwAxy/view?usp=sharing,2026-08-31T16:27:38,2026-08-31T16:27:38
gov202emcfb09b615,2026-gov-OH,2026 Ohio,governor,EMC Research,Ohio Environmental Council,2026-02-10,2026-02-22,1343,lv,Amy Acton,Vivek Ramaswamy,53.0,43.0,10.0,False,,https://theoec.org/wp-content/uploads/2026/03/OEC-Ohio-Survey-Results-2026.pdf,2026-08-31T16:27:38,2026-08-31T16:27:38
gov202ech25a43873,2026-gov-OH,2026 Ohio,governor,Echelon Insights,NetChoice,2026-04-03,2026-04-09,413,lv,Amy Acton,Vivek Ramaswamy,44.0,49.0,-5.0,False,,https://netchoice.org/wp-content/uploads/2026/04/NetChoice-Apr-2026-National-Antitrust-Survey-Topline.pdf,2026-08-31T16:27:38,2026-08-31T16:27:38
gov202emefab11c0d,2026-gov-OH,2026 Ohio,governor,Emerson College,,2025-08-18,2025-08-19,1000,rv,Amy Acton,Vivek Ramaswamy,39.4,48.7,-9.3,False,,https://docs.google.com/spreadsheets/d/1jc0ia3Tt5qFUIPqOeRNCrHzVIMJmawJO/edit?gid=533243968#gid=533243968,2026-08-31T16:27:38,2026-08-31T16:27:38
gov202hare48aef1c,2026-gov-OH,2026 Ohio,governor,Hart Research Associates,Ohio Federation of Teachers,2025-09-19,2025-09-22,800,lv,Amy Acton,Vivek Ramaswamy,46.0,45.0,1.0,False,,https://www.oft-aft.org/sites/default/files/media/documents/2025/OFT%20Hart%20Ohio%20Voter%20Survey.pdf,2026-08-31T16:27:38,2026-08-31T16:27:38
gov202eme360bbf2f,2026-gov-OH,2026 Ohio,governor,Emerson College,,2025-12-06,2025-12-08,850,rv,Amy Acton,Vivek Ramaswamy,45.9,45.2,0.7,False,,https://docs.google.com/spreadsheets/d/1XC3hL0rFXCZ_vYDiaq7J1ZLBJXdkvfPT/edit?usp=sharing&ouid=107857247170786005927&rtpof=true&sd=true,2026-08-31T16:27:38,2026-08-31T16:27:38
gov202datc100c6d7,2026-gov-OH,2026 Ohio,governor,Data Targeting,T Roosevelt Action,2025-12-03,2025-12-08,603,lv,Amy Acton,Vivek Ramaswamy,43.0,45.0,-2.0,False,,https://myemail.constantcontact.com/NEW-OHIO-POLL---Voters-Like-Vivek-Ramaswamy-and-a-Constitutional-Amendment-Protecting-the-Right-to-Hunt-and-Fish-.html?soid=1125096524064&aid=OJE-UGe3RN4,2026-08-31T16:27:38,2026-08-31T16:27:38
gov202bow6367b185,2026-gov-OH,2026 Ohio,governor,Bowling Green State University,,2025-10-02,2025-10-14,800,rv,Amy Acton,Vivek Ramaswamy,47.0,50.0,-3.0,False,,https://scholarworks.bgsu.edu/cgi/viewcontent.cgi?article=1013&context=depo,2026-08-31T16:27:38,2026-08-31T16:27:38
gov202qua7858d8a7,2026-gov-OH,2026 Ohio,governor,Quantus Insights,,2026-03-13,2026-03-14,809,lv,Amy Acton,Vivek Ramaswamy,45.9,44.9,1.0,False,,https://docs.google.com/spreadsheets/d/1ybme6RFR0Gz0WDhEeTLTeIQkeWU6vyqB/edit?rtpof=true&sd=true,2026-08-31T16:27:38,2026-08-31T16:27:38
gov202bow85a71f73,2026-gov-OH,2026 Ohio,governor,Bowling Green State University/YouGov,,2026-04-07,2026-04-14,1000,rv,Amy Acton,Vivek Ramaswamy,47.0,48.0,-1.0,False,,https://scholarworks.bgsu.edu/cgi/viewcontent.cgi?article=1021&context=depo,2026-08-31T16:27:38,2026-08-31T16:27:38
gov202bea4b73a536,2026-gov-OH,2026 Ohio,governor,Beacon Research/Shaw & Co. Research,Fox News,2026-05-28,2026-06-01,1015,rv,Amy Acton,Vivek Ramaswamy,50.0,49.0,1.0,False,,https://static.foxnews.com/foxnews.com/content/uploads/2026/06/fox_may-28-june-1-2026_complete_ohio_topline_june-3-release.pdf,2026-08-31T16:27:38,2026-08-31T16:27:38
gov202fab030f0b04,2026-gov-OH,2026 Ohio,governor,Fabrizio Ward/Impact Research,AARP,2026-06-14,2026-06-16,800,lv,Amy Acton,Vivek Ramaswamy,47.0,44.0,3.0,False,,https://www.aarp.org/content/dam/aarp/research/topics/voter-opinion-research/politics/2026-midterm-election-poll-ohio.doi.10.26419-2fres.01065.001.pdf,2026-08-31T16:27:38,2026-08-31T16:27:38
gov202thead47ff93,2026-gov-OH,2026 Ohio,governor,The New York Times/Siena University,,2026-06-15,2026-06-28,601,lv,Amy Acton,Vivek Ramaswamy,47.0,47.0,0.0,False,,https://www.nytimes.com/interactive/2026/07/01/polls/times-siena-ohio-poll-crosstabs.html,2026-08-31T16:27:38,2026-08-31T16:27:38
gov202beabaf570dd,2026-gov-OH,2026 Ohio,governor,Beacon Research/Shaw & Co. Research,Fox News,2026-08-06,2026-08-10,1008,rv,Amy Acton,Vivek Ramaswamy,48.0,50.0,-2.0,False,,https://www.foxnews.com/politics/fox-news-poll-economic-anxiety-candidate-concerns-define-ohio-senate-race,2026-08-31T16:27:38,2026-08-31T16:27:38
gov202wed2f55b36e,2026-gov-OH,2026 Ohio,governor,Wedgewood Polls,,2026-08-11,2026-08-13,800,lv,Amy Acton,Vivek Ramaswamy,47.0,46.0,1.0,False,,https://drive.google.com/file/u/1/d/1rP-26-yqNx9jy_gRqoLDmgJgzm5X8a4O/view,2026-08-31T16:27:38,2026-08-31T16:27:38
gov202recc51e1594,2026-gov-TX,2026 Texas,governor,ReconMR/Siena University,Texas A&M University Bush School of Government & Public Service,2026-06-01,2026-06-04,807,lv,Gina Hinojosa,Greg Abbott,44.0,49.0,-5.0,False,,https://reconmr.com/wp-content/uploads/2026/06/TXPLV-Crosstabs-1.pdf,2026-08-31T16:27:38,2026-08-31T16:27:38
gov202uniddcdaeb8,2026-gov-TX,2026 Texas,governor,University of Texas at Tyler,,2026-02-13,2026-02-22,1117,rv,Gina Hinojosa,Greg Abbott,41.0,49.0,-8.0,False,,https://www.uttyler.edu/academics/colleges-schools/arts-sciences/departments/political-science/files/ut-tyler-poll-cor-feb-2026-poll-final-topline-report.pdf,2026-08-31T16:27:38,2026-08-31T16:27:38
gov202unif0b2a5e1,2026-gov-TX,2026 Texas,governor,University of Houston/YouGov,,2026-01-20,2026-01-31,1502,lv,Gina Hinojosa,Greg Abbott,42.0,49.0,-7.0,False,,https://www.uh.edu/hobby/primary2026/state.pdf,2026-08-31T16:27:38,2026-08-31T16:27:38
gov202emea409dff6,2026-gov-TX,2026 Texas,governor,Emerson College,Nexstar Media,2026-01-10,2026-01-12,1165,rv,Gina Hinojosa,Greg Abbott,42.3,50.2,-7.9,False,,https://docs.google.com/spreadsheets/d/15YGRzDC0lKpxKWzRswm-jVakVutZLJc7/edit?gid=1394126659#gid=1394126659,2026-08-31T16:27:38,2026-08-31T16:27:38
gov202the1dba2946,2026-gov-TX,2026 Texas,governor,The Texas Politics Project at the University of Texas at Austin/YouGov,,2026-04-10,2026-04-20,1200,rv,Gina Hinojosa,Greg Abbott,38.0,44.0,-6.0,False,,https://texaspolitics.utexas.edu/blog/april-polling-war-and-surging-gas-prices-fuel-another-negative-turn-in-texans-views-of-the-economy-2,2026-08-31T16:27:38,2026-08-31T16:27:38
gov202sli6ebff755,2026-gov-TX,2026 Texas,governor,Slingshot Strategies,Texas Public Opinion Research,2026-04-17,2026-04-20,1018,lv,Gina Hinojosa,Greg Abbott,43.0,48.0,-5.0,False,,https://www.texastribune.org/2026/04/28/texas-us-senate-poll-talarico-cornyn-paxton-2026-midterms/,2026-08-31T16:27:38,2026-08-31T16:27:38
gov202uni9190ff53,2026-gov-TX,2026 Texas,governor,University of Texas at Tyler Center for Opinion Research,,2026-02-13,2026-02-22,1117,rv,Gina Hinojosa,Greg Abbott,41.0,49.0,-8.0,False,,https://www.gilmermirror.com/wp-content/uploads/2026/02/UTTylerPoll_202602_FINAL226-COR-FEB-2026-Poll-Final-Topline-Report.pdf,2026-08-31T16:27:38,2026-08-31T16:27:38
gov202uni47c6f510,2026-gov-TX,2026 Texas,governor,University of Houston Hobby School of Public Affairs/YouGov,,2026-01-20,2026-01-31,1502,lv,Gina Hinojosa,Greg Abbott,42.0,49.0,-7.0,False,,https://www.uh.edu/hobby/primary2026/state.pdf,2026-08-31T16:27:38,2026-08-31T16:27:38
gov202emed32824b8,2026-gov-TX,2026 Texas,governor,Emerson College,Nexstar Media,2026-01-10,2026-01-12,1165,rv,Gina Hinojosa,Greg Abbott,42.3,50.2,-7.9,False,,https://docs.google.com/spreadsheets/d/15YGRzDC0lKpxKWzRswm-jVakVutZLJc7/edit?rtpof=true&sd=true,2026-08-31T16:27:38,2026-08-31T16:27:38
us-202tex1f4254f8,2026-gov-TX,2026 Texas,governor,Texas Southern University Barbara Jordan Public Policy Research and Survey Center,,2026-04-22,2026-05-06,1223,lv,Gina Hinojosa,Greg Abbott,43.0,49.0,-6.0,False,,https://drive.google.com/file/d/1_iPARgG4ScAjPXaqXfHse9R9hnvGS6If/view,2026-08-31T16:27:38,2026-08-31T16:27:38
gov202pub1d82cc46,2026-gov-TX,2026 Texas,governor,Public Policy Polling,Lone Star Rising PAC,2026-05-22,2026-05-23,643,lv,Gina Hinojosa,Greg Abbott,44.0,48.0,-4.0,False,DEM,https://static.politico.com/c0/7c/2c2db3c14c74946fa393d9e485cc/texas-gen-results-ppp-5-26-1.pdf?nname=playbook&nid=0000014f-1646-d88f-a1cf-5f46b7bd0000&nrid=4f4d3aeb-621a-47b9-a66d-d9944fed5257,2026-08-31T16:27:38,2026-08-31T16:27:38
gov202sli340a2b54,2026-gov-TX,2026 Texas,governor,Slingshot Strategies,Texas Public Opinion Research,2026-05-27,2026-05-28,1670,lv,Gina Hinojosa,Greg Abbott,41.0,46.0,-5.0,False,,https://texaspublicopinionresearch.substack.com/p/new-poll-james-talarico-leads-ken,2026-08-31T16:27:38,2026-08-31T16:27:38
gov202tex7e98deeb,2026-gov-TX,2026 Texas,governor,Texas Politics Project at the University of Texas/YouGov,,2026-06-05,2026-06-12,1200,rv,Gina Hinojosa,Greg Abbott,40.0,47.0,-7.0,False,,https://texaspolitics.utexas.edu/blog/june-poll-finds-a-competitive-u-s-senate-race-in-texas-amid-continuing-economic-concerns-data-center-backlash,2026-08-31T16:27:38,2026-08-31T16:27:38
gov202soc2fe8bcf3,2026-gov-TX,2026 Texas,governor,SoCal Strategies,Red Eagle Politics,2026-06-21,2026-06-21,800,lv,Gina Hinojosa,Greg Abbott,43.2,53.9,-10.7,False,REP,https://socalstrategies.substack.com/p/ken-paxton-leads-narrow-texas-senate,2026-08-31T16:27:38,2026-08-31T16:27:38
gov202the566a145f,2026-gov-TX,2026 Texas,governor,The New York Times/Siena University,,2026-06-19,2026-06-27,656,lv,Gina Hinojosa,Greg Abbott,44.0,51.0,-7.0,False,,https://www.nytimes.com/interactive/2026/06/30/polls/times-siena-texas-poll-crosstabs.html#composition-of-the-sample,2026-08-31T16:27:38,2026-08-31T16:27:38
gov202sli59e6afce,2026-gov-TX,2026 Texas,governor,Slingshot Strategies,Texas Public Opinion Research,2026-07-15,2026-07-17,1048,lv,Gina Hinojosa,Greg Abbott,42.0,45.0,-3.0,False,,https://texaspublicopinionresearch.substack.com/p/new-poll-james-talaricos-lead-over,2026-08-31T16:27:38,2026-08-31T16:27:38
gov202bea12dfc963,2026-gov-TX,2026 Texas,governor,Beacon Research/Shaw & Co. Research,Fox News,2026-07-23,2026-07-27,1006,rv,Gina Hinojosa,Greg Abbott,49.0,50.0,-1.0,False,,https://www.foxnews.com/politics/fox-news-poll-gop-divisions-shape-texas-senate-race,2026-08-31T16:27:38,2026-08-31T16:27:38
gov202wedaa8a5561,2026-gov-TX,2026 Texas,governor,Wedgewood Polls,,2026-07-30,2026-07-31,800,lv,Gina Hinojosa,Greg Abbott,44.0,50.0,-6.0,False,,https://drive.google.com/file/u/1/d/1t2mC4MFActxiBdx4ef_5crisXjD9xH7a/view,2026-08-31T16:27:38,2026-08-31T16:27:38
gov202tex0c7a001f,2026-gov-TX,2026 Texas,governor,Texas Southern University Barbara Jordan Public Policy Research and Survey Center,,2026-07-27,2026-07-30,1200,lv,Gina Hinojosa,Greg Abbott,43.0,49.0,-6.0,False,,https://static1.squarespace.com/static/67aa7aa3e284b002cd6a420e/t/6a713767d4ed824b91ea090d/1785804647961/Texas+Statewide+August2026.pdf,2026-08-31T16:27:38,2026-08-31T16:27:38
gov202the7762f5c1,2026-gov-TX,2026 Texas,governor,The Texas Politics Project at the University of Texas at Austin/YouGov,,2026-08-05,2026-08-13,1218,rv,Gina Hinojosa,Greg Abbott,40.0,45.0,-5.0,False,,https://texaspolitics.utexas.edu/blog/new-ut-texas-politics-project-poll-finds-talarico-leading-paxton-abbott-leading-hinojosa-continued-resistance-to-data-centers-2,2026-08-31T16:27:38,2026-08-31T16:27:38
gov202recd12239ff,2026-gov-TX,2026 Texas,governor,ReconMR/Siena University,Texas A&M University Bush School of Government & Public Service,2026-07-27,2026-07-30,619,lv,Gina Hinojosa,Greg Abbott,45.0,46.0,-1.0,False,,https://reconmr.com/wp-content/uploads/2026/08/Texas-Pulse-August-Release-August-7-2026-Final.pdf,2026-08-31T16:27:38,2026-08-31T16:27:38
gov202cygc8150f78,2026-gov-TX,2026 Texas,governor,Cygnal,Uknown Sponsor,2026-07-29,2026-07-31,800,lv,Gina Hinojosa,Greg Abbott,46.0,49.0,-3.0,False,REP,https://www.cygn.al/wp-content/uploads/2026/08/Abbott-Data-Center-Plan-Memo.pdf,2026-08-31T16:27:38,2026-08-31T16:27:38
gov202emebe4786e2,2026-gov-TX,2026 Texas,governor,Emerson College,Nexstar Media,2026-08-09,2026-08-10,1000,lv,Gina Hinojosa,Greg Abbott,45.0,49.0,-4.0,False,,https://emersoncollegepolling.com/texas-2026-poll-paxton-and-talarico/,2026-08-31T16:27:38,2026-08-31T16:27:38
gov202sli33eb9fcb,2026-gov-TX,2026 Texas,governor,Slingshot Strategies,Texas Public Opinion Research,2026-08-21,2026-08-24,1000,lv,Gina Hinojosa,Greg Abbott,42.0,49.0,-7.0,False,,https://texaspublicopinionresearch.substack.com/p/new-poll-in-texas-general-election,2026-08-31T16:27:38,2026-08-31T16:27:38
gov202tarc7c48a03,2026-gov-FL,2026 Florida,governor,Targoz Market Research,,2026-02-13,2026-02-16,1200,rv,David Jolly,Byron Donalds,34.0,36.0,-2.0,False,,https://jamesmadison.org/wp-content/uploads/James-Madison-Institute-Crosstabs-Party-and-Region.pdf,2026-08-31T16:27:39,2026-08-31T16:27:39
gov202mdw939afafd,2026-gov-FL,2026 Florida,governor,MDW Communications,Edge Communications,2026-03-27,2026-04-03,1834,lv,David Jolly,Byron Donalds,40.5,41.2,-0.7,False,,https://files.constantcontact.com/633ccf07901/581e6534-4e18-43a0-bffb-7cc7221a349a.pdf?rdr=true,2026-08-31T16:27:39,2026-08-31T16:27:39
gov202eme613bf1d0,2026-gov-FL,2026 Florida,governor,Emerson College,,2026-03-29,2026-03-31,1125,lv,David Jolly,Byron Donalds,39.4,44.2,-4.8,False,,https://docs.google.com/spreadsheets/d/1b8oV9f1Zzl_Uew5WPkIIeFLjVMJuHNf7/edit?gid=1842029095#gid=1842029095,2026-08-31T16:27:39,2026-08-31T16:27:39
gov202uni0b1c00a2,2026-gov-FL,2026 Florida,governor,University of North Florida,,2026-02-21,2026-03-02,786,lv,David Jolly,Byron Donalds,36.0,42.0,-6.0,False,,https://static1.squarespace.com/static/6994d571bce3436c60d86870/t/69a83673b961e1161d90f552/1772631667881/PORL+2026+Spring+Statewide+LV+-+EMBARGO+3.4.26.pdf,2026-08-31T16:27:39,2026-08-31T16:27:39
gov202pub03e4dd85,2026-gov-FL,2026 Florida,governor,Public Sentiment Institute,,2026-02-20,2026-02-20,200,rv,David Jolly,Byron Donalds,42.3,35.8,6.5,False,,https://substack.com/home/post/p-188748831,2026-08-31T16:27:39,2026-08-31T16:27:39
gov202uni654422a8,2026-gov-FL,2026 Florida,governor,University of North Florida,Florida Watch,2025-10-15,2025-10-25,728,lv,David Jolly,Byron Donalds,34.0,45.0,-11.0,False,DEM,https://static1.squarespace.com/static/6994d571bce3436c60d86870/t/69962e376fb07f4b5e4c663a/1771449911414/UNF+PORL+Fall+Statewide+2025+LV+-+Press+Release+-+REVISED.pdf,2026-08-31T16:27:39,2026-08-31T16:27:39
gov202tar5e0434cf,2026-gov-FL,2026 Florida,governor,Targoz Market Research,James Madison Institute,2025-09-16,2025-09-18,1118,rv,David Jolly,Byron Donalds,32.0,36.0,-4.0,False,,https://jamesmadison.org/wp-content/uploads/Marginals.pdf,2026-08-31T16:27:39,2026-08-31T16:27:39
gov202mcl65ffdfff,2026-gov-FL,2026 Florida,governor,McLaughlin & Associates,Associated Industries of Florida,2025-08-25,2025-08-27,800,lv,David Jolly,Byron Donalds,41.0,49.0,-8.0,False,REP,https://floridapolitics.com/archives/755696-new-poll-shows-byron-donalds-with-8-point-edge-on-david-jolly/,2026-08-31T16:27:39,2026-08-31T16:27:39
gov202ech95adf978,2026-gov-FL,2026 Florida,governor,Echelon Insights,NetChoice,2026-04-03,2026-04-09,406,lv,David Jolly,Byron Donalds,43.0,49.0,-6.0,False,,https://netchoice.org/wp-content/uploads/2026/04/NetChoice-Apr-2026-National-Antitrust-Survey-Topline.pdf,2026-08-31T16:27:39,2026-08-31T16:27:39
gov202the5f298aba,2026-gov-FL,2026 Florida,governor,The Public Sentiment Institute,,2026-04-27,2026-04-27,687,lv,David Jolly,Byron Donalds,40.0,40.0,0.0,False,,https://docs.google.com/document/d/1qaGOwbWKWk-5XYy9sSVIl06Njp4eAK3L9kYx1iKYPuI/edit?tab=t.0,2026-08-31T16:27:39,2026-08-31T16:27:39
gov202che6a537ee6,2026-gov-FL,2026 Florida,governor,Cherry Communications,Florida Chamber of Commerce,2026-05-01,2026-05-09,604,lv,David Jolly,Byron Donalds,39.0,47.0,-8.0,False,REP,https://www.flchamber.com/new-florida-chamber-statewide-poll-shows-ashley-moody-byron-donalds-leading-potential-democratic-opponents-in-november-ballot-test,2026-08-31T16:27:39,2026-08-31T16:27:39
gov202cha94b41d04,2026-gov-FL,2026 Florida,governor,Change Research,Freedom Project USA,2026-05-13,2026-05-16,2070,lv,David Jolly,Byron Donalds,46.0,42.0,4.0,False,,https://changeresearch.com/florida-governors-race-may-2026/,2026-08-31T16:27:39,2026-08-31T16:27:39
gov202cha3feaa4b2,2026-gov-FL,2026 Florida,governor,Change Research,Freedom Project USA,2026-05-13,2026-05-16,1593,lv,David Jolly,Byron Donalds,46.0,42.0,4.0,False,,https://changeresearch.com/wp-content/uploads/2026/05/Deep-Dive-into-Florida-1.pdf,2026-08-31T16:27:39,2026-08-31T16:27:39
gov202uni4c4d3f80,2026-gov-FL,2026 Florida,governor,University of North Florida,,2026-07-08,2026-07-17,848,lv,David Jolly,Byron Donalds,41.0,46.0,-5.0,False,,https://www.unfporl.org/presser-page,2026-08-31T16:27:39,2026-08-31T16:27:39
gov202tar97975ec6,2026-gov-FL,2026 Florida,governor,Targoz Market Research,The James Madison Institute,2026-07-20,2026-07-26,1026,rv,David Jolly,Byron Donalds,38.0,45.0,-7.0,False,,https://jmipoll.com/,2026-08-31T16:27:39,2026-08-31T16:27:39
gov202siec153e5e2,2026-gov-NY,2026 New York,governor,Siena College,,2026-03-23,2026-03-26,804,rv,Kathy Hochul,Bruce Blakeman,47.0,34.0,13.0,False,,https://sri.siena.edu/wp-content/uploads/2026/03/SNY-March-2026-Poll-Release-3-31-26-FINAL.pdf,2026-08-31T16:27:39,2026-08-31T16:27:39
gov202echb68f41fd,2026-gov-NY,2026 New York,governor,Echelon Insights/Tusk Strategies,,2026-03-24,2026-03-26,500,rv,Kathy Hochul,Bruce Blakeman,55.0,40.0,15.0,False,,https://www.politico.com/f/?id=0000019d-407c-d107-a19d-e6ff72210000,2026-08-31T16:27:39,2026-08-31T16:27:39
gov202sie54d6070e,2026-gov-NY,2026 New York,governor,Siena College,,2026-02-23,2026-02-26,805,rv,Kathy Hochul,Bruce Blakeman,51.0,31.0,20.0,False,,https://sri.siena.edu/2026/03/04/strong-majorities-of-democrats-nyc-voters-support-gov-leg-giving-nyc-ability-to-raise-income-tax-on-its-residents-earning-at-least-1m/,2026-08-31T16:27:39,2026-08-31T16:27:39
gov202mar6e5d554b,2026-gov-NY,2026 New York,governor,Marist College,,2026-02-16,2026-02-19,1442,rv,Kathy Hochul,Bruce Blakeman,50.0,33.0,17.0,False,,https://maristpoll.marist.edu/polls/the-state-of-new-york-in-an-election-year-february-2026/,2026-08-31T16:27:39,2026-08-31T16:27:39
gov202mad3c7076a1,2026-gov-NY,2026 New York,governor,MAD Global Strategy,Natural Allies for a Clean Energy Future,2026-02-02,2026-02-04,600,lv,Kathy Hochul,Bruce Blakeman,47.0,34.0,13.0,False,DEM,https://yonkerstimes.com/new-poll-shows-new-york-voters-support-hochuls-pragmatic-leadership-on-natural-gas-and-renewables-by-wide-margins/,2026-08-31T16:27:39,2026-08-31T16:27:39
gov202sie42b3faba,2026-gov-NY,2026 New York,governor,Siena College,,2026-01-26,2026-01-28,802,rv,Kathy Hochul,Bruce Blakeman,54.0,28.0,26.0,False,,https://sri.siena.edu/2026/02/03/hochul-with-her-best-ever-favorability-rating-49-40-continues-to-hold-commanding-leads-over-blakeman-54-28-among-dems-delgado-64-11/,2026-08-31T16:27:39,2026-08-31T16:27:39
gov202joh7fef529e,2026-gov-NY,2026 New York,governor,John Zogby Strategies,,2026-01-06,2026-01-08,844,lv,Kathy Hochul,Bruce Blakeman,53.0,39.0,14.0,False,,https://johnzogbystrategies.com/new-john-zogby-strategies-poll-hochul-leads-comfortably-today-but-could-lose-support-from-independents-and-upstate/,2026-08-31T16:27:39,2026-08-31T16:27:39
gov202sie1fbf4f7e,2026-gov-NY,2026 New York,governor,Siena College,,2025-12-08,2025-12-12,801,rv,Kathy Hochul,Bruce Blakeman,50.0,25.0,25.0,False,,https://sri.siena.edu/2025/12/16/hochul-holds-19-point-lead-over-stefanik-leads-blakeman-by-25-points/?_gl=1*klln4g*_ga*MTIyMjU3OTkzNi4xNzU3NDIwNzQ4*_ga_XN3VDZ9ZYZ*czE3NjU5MTI3MDAkbzMkZzEkdDE3NjU5MTMwMjYkajU2JGwwJGgw,2026-08-31T16:27:39,2026-08-31T16:27:39
gov202sie7ce685a1,2026-gov-NY,2026 New York,governor,Siena College,,2025-12-08,2025-12-12,801,rv,Kathy Hochul,Bruce Blakeman,50.0,25.0,25.0,False,,https://sri.siena.edu/2025/12/16/hochul-holds-19-point-lead-over-stefanik-leads-blakeman-by-25-points/?_gl=1*klln4g*_ga*MTIyMjU3OTkzNi4xNzU3NDIwNzQ4*_ga_XN3VDZ9ZYZ*czE3NjU5MTI3MDAkbzMkZzEkdDE3NjU5MTMwMjYkajU2JGwwJGgw,2026-08-31T16:27:39,2026-08-31T16:27:39
gov202j.la2014323,2026-gov-NY,2026 New York,governor,J.L. Partners,,2025-11-09,2025-11-10,500,lv,Kathy Hochul,Bruce Blakeman,47.0,36.0,11.0,False,REP,https://static1.squarespace.com/static/663253f0bc87b7070102f41f/t/69146bc572175e2b24eca5d1/1762945989294/NY+Statewide+Toplines.pdf,2026-08-31T16:27:39,2026-08-31T16:27:39
gov202sied0732f72,2026-gov-NY,2026 New York,governor,Siena College,,2025-06-23,2026-06-26,800,rv,Kathy Hochul,Bruce Blakeman,44.0,19.0,25.0,False,,https://scri.siena.edu/wp-content/uploads/2025/06/SNY-June-2025-Poll-Release-STATE-7-1-25-Final.pdf,2026-08-31T16:27:39,2026-08-31T16:27:39
gov202sief53f0c6e,2026-gov-NY,2026 New York,governor,Siena University,,2026-04-27,2026-04-30,806,rv,Kathy Hochul,Bruce Blakeman,49.0,33.0,16.0,False,,https://sri.siena.edu/2026/05/05/hochul-favorability-approval-ratings-each-drop-8-points-to-lowest-levels-in-last-year-her-lead-over-blakeman-grows-3-points-to-49-33/,2026-08-31T16:27:39,2026-08-31T16:27:39
gov202polf70d258d,2026-gov-NY,2026 New York,governor,Pollfinity,,2026-06-11,2026-06-14,229,lv,Kathy Hochul,Bruce Blakeman,50.0,40.0,10.0,False,,https://pollfinity.com/polls/ny-governor-2026,2026-08-31T16:27:39,2026-08-31T16:27:39
gov202sie225a317c,2026-gov-NY,2026 New York,governor,Siena University,,2026-06-17,2026-06-23,1120,rv,Kathy Hochul,Bruce Blakeman,52.0,32.0,20.0,False,,https://sri.siena.edu/2026/06/25/hochul-favorability-approval-ratings-edge-up-as-does-her-general-election-lead-over-blakeman-now-52-32-from-49-33/,2026-08-31T16:27:39,2026-08-31T16:27:39
gov202co/61f8d14e,2026-gov-NY,2026 New York,governor,co/efficient,Coalition to Protect Nassau Taxpayers,2026-06-30,2026-07-02,1085,lv,Kathy Hochul,Bruce Blakeman,47.0,41.0,6.0,False,,https://nypost.com/2026/07/06/us-news/nyc-ny-state-politics-live-updates-on-governors-race-more/,2026-08-31T16:27:39,2026-08-31T16:27:39
gov202red8c5fcf3a,2026-gov-NY,2026 New York,governor,Red Oak Strategic,Strong and Safe,2026-07-07,2026-07-12,2000,rv,Kathy Hochul,Bruce Blakeman,47.0,43.0,4.0,False,REP,https://nypost.com/2026/07/28/us-news/ny-gop-governor-candidate-bruce-blakeman-trails-hochul-by-just-4-points-in-shocking-new-poll/,2026-08-31T16:27:39,2026-08-31T16:27:39
gov202sie040ecd95,2026-gov-NY,2026 New York,governor,Siena University,,2026-08-03,2026-08-06,811,lv,Kathy Hochul,Bruce Blakeman,49.0,39.0,10.0,False,,https://sri.siena.edu/2026/08/12/siena-poll-of-likely-new-york-state-voters-hochul-49-blakeman-39/,2026-08-31T16:27:39,2026-08-31T16:27:39
gov202nob02972028,2026-gov-NV,2026 Nevada,governor,Noble Predictive Insights,,2026-03-10,2026-03-13,845,rv,Aaron Ford,Joe Lombardo,38.0,39.0,-1.0,False,,https://www.noblepredictiveinsights.com/post/nvgov-lombardo-keeps-pace-with-ford-as-undecideds-hold-the-balance,2026-08-31T16:27:39,2026-08-31T16:27:39
gov202har5abd89b5,2026-gov-NV,2026 Nevada,governor,Hart Research Associates,Majority Institute,2026-02-11,2026-02-17,800,lv,Aaron Ford,Joe Lombardo,43.0,46.0,-3.0,False,DEM,https://crookedmedia.substack.com/p/what-a-day-mar-a-uh-oh,2026-08-31T16:27:39,2026-08-31T16:27:39
gov202eme07829d45,2026-gov-NV,2026 Nevada,governor,Emerson College,,2025-11-16,2025-11-18,800,rv,Aaron Ford,Joe Lombardo,41.1,41.1,0.0,False,,https://docs.google.com/spreadsheets/d/1hkyu4f7qVoaAfW-TLaSkgIi9uHzjd0mb/edit?gid=1494178992#gid=1494178992,2026-08-31T16:27:39,2026-08-31T16:27:39
gov202nob2c77e703,2026-gov-NV,2026 Nevada,governor,Noble Predictive Insights,,2025-10-07,2025-10-13,766,rv,Aaron Ford,Joe Lombardo,37.0,40.0,-3.0,False,,https://www.ktnv.com/news/new-poll-shows-lombardo-has-slight-lead-in-2026-governor-matchup,2026-08-31T16:27:39,2026-08-31T16:27:39
gov202kree5c2edd2,2026-gov-CA,2026 California,governor,Kreate Strategies,,2026-06-13,2026-06-17,900,lv,Xavier Becerra,Steve Hilton,58.0,33.0,25.0,False,,https://kstrat.net/press/california-2026-governor-becerra-leads-hilton-june,2026-08-31T16:27:39,2026-08-31T16:27:39
gov202uc 82527a3d,2026-gov-CA,2026 California,governor,UC Berkeley Institute of Governmental Studies,Los Angeles Times,2026-08-03,2026-08-09,2310,lv,Xavier Becerra,Steve Hilton,55.0,37.0,18.0,False,,https://www.latimes.com/california/story/2026-08-13/becerra-holds-strong-lead-over-hilton-in-race-for-california-governor-poll,2026-08-31T16:27:39,2026-08-31T16:27:39
gov202bsp2d805e65,2026-gov-NM,2026 New Mexico,governor,BSP Research,,2026-07-22,2026-08-07,800,rv,Deb Haaland,Greg Hull,41.0,24.0,17.0,False,,https://bspresearch.substack.com/p/deb-haaland-has-a-commanding-17-advantage,2026-08-31T16:27:39,2026-08-31T16:27:39
gov202vic55427d53,2026-gov-IL,2026 Illinois,governor,Victory Research,,2025-11-20,2025-11-24,1208,lv,JB Pritzker,Darren Bailey,54.0,34.0,20.0,False,,https://www.fox32chicago.com/news/illinois-jb-pritzker-poll-nov-25,2026-08-31T16:27:39,2026-08-31T16:27:39
gov202echefe344a9,2026-gov-GA,2026 Georgia,governor,Echelon Insights,NetChoice,2026-04-03,2026-04-09,407,lv,Keisha Lance Bottoms,Rick Jackson,49.0,43.0,6.0,False,,https://netchoice.org/wp-content/uploads/2026/04/NetChoice-Apr-2026-National-Antitrust-Survey-Topline.pdf,2026-08-31T16:27:40,2026-08-31T16:27:40
gov202ech3642d002,2026-gov-GA,2026 Georgia,governor,Echelon Insights,,2026-04-03,2026-04-09,407,lv,Keisha Lance Bottoms,Rick Jackson,49.0,43.0,6.0,False,,https://netchoice.org/wp-content/uploads/2026/04/NetChoice-Apr-2026-National-Antitrust-Survey-Topline.pdf,2026-08-31T16:27:40,2026-08-31T16:27:40
gov202cona0cf1d89,2026-gov-GA,2026 Georgia,governor,Concord Public Opinion Partners,Education Reform Now Advocacy,2026-05-30,2026-06-02,510,lv,Keisha Lance Bottoms,Rick Jackson,53.0,38.0,15.0,False,DEM,https://acrobat.adobe.com/id/urn:aaid:sc:US:29f66864-4f32-47fe-b5e2-85322b2a761b?viewer%21megaVerb=group-discover&utm_source=substack&utm_medium=email,2026-08-31T16:27:40,2026-08-31T16:27:40
gov202beab7bc5f78,2026-gov-GA,2026 Georgia,governor,Beacon Research/Shaw & Co. Research,Fox News,2026-06-23,2026-06-27,1002,rv,Keisha Lance Bottoms,Rick Jackson,52.0,47.0,5.0,False,,https://www.foxnews.com/politics/fox-news-poll-early-look-georgia-senate-race,2026-08-31T16:27:40,2026-08-31T16:27:40
gov202wic14336d15,2026-gov-GA,2026 Georgia,governor,Wick,,2026-06-27,2026-06-30,1175,lv,Keisha Lance Bottoms,Rick Jackson,42.7,43.2,-0.5,False,,https://wick.io/research-georgia-election-survey-june-2026,2026-08-31T16:27:40,2026-08-31T16:27:40
gov202fabf0dec779,2026-gov-GA,2026 Georgia,governor,"Fabrizio, Lee & Associates/Impact Research",AARP,2026-07-13,2026-07-16,1060,lv,Keisha Lance Bottoms,Rick Jackson,48.0,46.0,2.0,False,,https://www.aarp.org/pri/topics/voter-research/politics/2026-midterm-election-poll-georgia/,2026-08-31T16:27:40,2026-08-31T16:27:40
gov202qua92a3f0e3,2026-gov-GA,2026 Georgia,governor,Quantus Insights,Natural Gas Association of Georgia,2026-07-29,2026-08-01,815,lv,Keisha Lance Bottoms,Rick Jackson,46.4,44.9,1.5,False,,https://quantusinsights.org/f/georgia-voters-put-affordability-first-as-2026-races-tighten,2026-08-31T16:27:40,2026-08-31T16:27:40
gov202ins19d2636f,2026-gov-GA,2026 Georgia,governor,InsiderAdvantage,James Magazine,2026-08-16,2026-08-17,800,lv,Keisha Lance Bottoms,Rick Jackson,46.2,46.3,-0.1,False,,https://jamesmagazinega.com/2026/08/18/exclusive-jmo-insideradvantage-georgia-survey-ossoff-leads-jackson-lance-bottoms-tied/,2026-08-31T16:27:40,2026-08-31T16:27:40
gov202tipd4dc9765,2026-gov-WI,2026 Wisconsin,governor,TIPP Insights,League of American Workers,2026-03-13,2026-03-19,1175,lv,David Crowley,Tom Tiffany,42.0,41.0,1.0,False,REP,https://tippinsights.com/league-of-american-workers-survey-wisconsin-3/,2026-08-31T16:27:40,2026-08-31T16:27:40
gov202tipb3a73643,2026-gov-WI,2026 Wisconsin,governor,TIPP Insights,League of American Workers,2026-03-13,2026-03-19,1495,rv,David Crowley,Tom Tiffany,39.0,38.0,1.0,False,REP,https://tippinsights.com/league-of-american-workers-survey-wisconsin-3/,2026-08-31T16:27:40,2026-08-31T16:27:40
gov202rmg47f9f31c,2026-gov-WI,2026 Wisconsin,governor,RMG Research,Napolitan Institute|Institute for Reforming Government,2026-07-20,2026-07-24,800,rv,David Crowley,Tom Tiffany,46.0,43.0,3.0,False,,https://reforminggovernment.org/irg-poll-inflation-still-rules-free-markets-still-win-race-still-open/,2026-08-31T16:27:40,2026-08-31T16:27:40
gov202gbaf1f6f960,2026-gov-WI,2026 Wisconsin,governor,GBAO Strategies,Protect Our Wisconsin,2026-07-30,2026-08-03,800,lv,David Crowley,Tom Tiffany,47.0,44.0,3.0,False,DEM,https://www.politico.com/newsletters/playbook-pm/2026/08/12/trumps-cost-of-living-crunch-01035189,2026-08-31T16:27:40,2026-08-31T16:27:40
gov202plab53c0b38,2026-gov-WI,2026 Wisconsin,governor,Platform Communications,,2026-08-12,2026-08-13,500,lv,David Crowley,Tom Tiffany,48.0,44.0,4.0,False,,https://www.wpr.org/wp-content/uploads/2026/08/Badger-Battleground-Poll-Memo-August-2026-Final.pdf,2026-08-31T16:27:40,2026-08-31T16:27:40
gov202tip3799a38e,2026-gov-WI,2026 Wisconsin,governor,TIPP Insights,League of American Workers,2026-08-14,2026-08-18,1119,lv,David Crowley,Tom Tiffany,47.0,43.0,4.0,False,REP,https://tippinsights.com/league-of-american-workers-survey-wisconsin-4,2026-08-31T16:27:40,2026-08-31T16:27:40
gov202tip71a0dd14,2026-gov-WI,2026 Wisconsin,governor,TIPP Insights,League of American Workers,2026-08-14,2026-08-18,1434,rv,David Crowley,Tom Tiffany,43.0,41.0,2.0,False,REP,https://tippinsights.com/league-of-american-workers-survey-wisconsin-4,2026-08-31T16:27:40,2026-08-31T16:27:40
gov202mare9ac6d63,2026-gov-WI,2026 Wisconsin,governor,Marquette University Law School,,2026-08-12,2026-08-20,738,lv,David Crowley,Tom Tiffany,49.0,44.0,5.0,False,,https://law.marquette.edu/poll/2026/08/26/detailed-results-of-the-marquette-law-school-wisconsin-poll-august-12-20-2026/,2026-08-31T16:27:40,2026-08-31T16:27:40
gov202mar91835a0d,2026-gov-WI,2026 Wisconsin,governor,Marquette University Law School,,2026-08-12,2026-08-20,891,rv,David Crowley,Tom Tiffany,44.0,44.0,0.0,False,,https://law.marquette.edu/poll/2026/08/26/detailed-results-of-the-marquette-law-school-wisconsin-poll-august-12-20-2026/,2026-08-31T16:27:40,2026-08-31T16:27:40
gov202thef14c15f0,2026-gov-ME,2026 Maine,governor,The New York Times/Siena University,Portland Press Herald,2026-06-19,2026-06-26,608,lv,Hannah Pingree,Bobby Charles,55.0,40.0,15.0,False,,https://www.nytimes.com/interactive/2026/06/30/polls/times-pph-siena-maine-poll-crosstabs.html#composition-of-the-sample,2026-08-31T16:27:40,2026-08-31T16:27:40
gov202the5f41dcc0,2026-gov-ME,2026 Maine,governor,The New York Times/Siena University,Portland Press Herald,2026-06-19,2026-06-26,608,lv,Hannah Pingree,Bobby Charles,50.0,36.0,14.0,False,,https://www.nytimes.com/interactive/2026/06/30/polls/times-pph-siena-maine-poll-crosstabs.html#composition-of-the-sample,2026-08-31T16:27:40,2026-08-31T16:27:40
gov202bea576c250b,2026-gov-ME,2026 Maine,governor,Beacon Research/Shaw & Co. Research,Fox News,2026-06-23,2026-06-27,1003,rv,Hannah Pingree,Bobby Charles,53.0,42.0,11.0,False,,https://www.foxnews.com/politics/fox-news-poll-maine-senate-race-tight-concerns-about-both-candidates,2026-08-31T16:27:40,2026-08-31T16:27:40
gov202uni243c997a,2026-gov-ME,2026 Maine,governor,University of New Hampshire,,2026-07-15,2026-07-20,1178,lv,Hannah Pingree,Bobby Charles,49.0,35.0,14.0,False,,https://scholars.unh.edu/survey_center_polls/981/,2026-08-31T16:27:40,2026-08-31T16:27:40
gov202bea573fbd5b,2026-gov-ME,2026 Maine,governor,Beacon Research/Shaw & Co. Research,Fox News,2026-08-06,2026-08-10,1000,rv,Hannah Pingree,Bobby Charles,49.0,38.0,11.0,False,,https://www.foxnews.com/politics/fox-news-poll-new-matchup-same-result-maine-senate-race-stays-locked,2026-08-31T16:27:40,2026-08-31T16:27:40
gov202sai6d6bd709,2026-gov-NH,2026 New Hampshire,governor,Saint Anselm,,2026-03-16,2026-03-18,1491,rv,Cinde Warmington,Kelly Ayotte,39.0,46.0,-7.0,False,,https://www.anselm.edu/about/anselmian-hub/news/new-poll-saint-anselm-college-survey-shows-democrats-gaining-ground-republicans-face-political-headwinds,2026-08-31T16:27:40,2026-08-31T16:27:40
gov202sai22d68e5a,2026-gov-NH,2026 New Hampshire,governor,Saint Anselm,,2026-06-24,2026-06-25,1614,rv,Cinde Warmington,Kelly Ayotte,37.0,45.0,-8.0,False,,https://www.anselm.edu/about/anselmian-hub/news/saint-anselm-college-survey-center-june-poll-finds-democrats-expand-generic-ballot-lead,2026-08-31T16:27:40,2026-08-31T16:27:40
gov202uni1b296fe7,2026-gov-NH,2026 New Hampshire,governor,University of New Hampshire,,2026-06-18,2026-06-23,,,Cinde Warmington,Kelly Ayotte,39.0,44.0,-5.0,False,,https://scholars.unh.edu/survey_center_polls/974/,2026-08-31T16:27:40,2026-08-31T16:27:40
gov202saib7044af6,2026-gov-NH,2026 New Hampshire,governor,Saint Anselm College Survey Center,,2026-08-17,2026-08-18,1411,lv,Cinde Warmington,Kelly Ayotte,38.0,49.0,-11.0,False,,https://www.anselm.edu/about/anselmian-hub/news/new-saint-anselm-college-poll-finds-republicans-facing-midterm-headwinds-democratic-lead-widens,2026-08-31T16:27:40,2026-08-31T16:27:40
gov202uni9b4ef0cd,2026-gov-NH,2026 New Hampshire,governor,University of New Hampshire,,2026-08-20,2026-08-24,1878,lv,Cinde Warmington,Kelly Ayotte,39.0,49.0,-10.0,False,,https://scholars.unh.edu/survey_center_polls/991/,2026-08-31T16:27:40,2026-08-31T16:27:40
gov202eme14fedfa8,2026-gov-MN,2026 Minnesota,governor,Emerson College,,2026-02-06,2026-02-08,1000,lv,Amy Klobuchar,Lisa Demuth,51.1,37.7,13.4,False,,https://docs.google.com/spreadsheets/d/1JA1bJWjrfS2kJbvUpGC8cGy7c0UiK7Qr/edit?gid=1311961339#gid=1311961339,2026-08-31T16:27:40,2026-08-31T16:27:40
gov202sur9b6fe128,2026-gov-MN,2026 Minnesota,governor,SurveyUSA,KSTP-TV,2026-01-27,2026-01-30,575,rv,Amy Klobuchar,Lisa Demuth,49.0,34.0,15.0,False,,https://kstp.com/kstp-news/top-news/kstp-surveyusa-klobuchar-leads-all-gop-candidates-by-double-digits/,2026-08-31T16:27:40,2026-08-31T16:27:40
gov202mas4d51a046,2026-gov-MN,2026 Minnesota,governor,"Mason-Dixon Polling & Research, Inc.",The Star Tribune|KARE 11|Hubbard School of Journalism and Mass Communication,2026-06-08,2026-06-10,800,lv,Amy Klobuchar,Lisa Demuth,48.0,40.0,8.0,False,,https://www.startribune.com/minnesota-poll-klobuchar-leads-all-gop-candidates-for-governor/601850018,2026-08-31T16:27:40,2026-08-31T16:27:40
gov202sura09da26d,2026-gov-MN,2026 Minnesota,governor,SurveyUSA,KSTP-TV (St. Paul)|KAAL-TV (Austin)|WDIO-DT (Duluth),2026-08-13,2026-08-17,661,lv,Amy Klobuchar,Lisa Demuth,52.0,36.0,16.0,False,,https://kstp.com/kstp-news/top-news/kstp-surveyusa-poll-early-frontrunners-in-governor-and-senate-races-ag-a-toss-up/,2026-08-31T16:27:40,2026-08-31T16:27:40
gen202cygm024mspc,2026-generic-ballot,2026,generic-ballot,Cygnal,,2025-09-02,2025-09-03,1500,lv,Dem,Rep,47.6,45.2,2.4,False,,https://www.cygn.al/wp-content/uploads/2025/09/23260-Cygnal-National-Sep25-NVT-Deck-Public.pdf,2026-08-31T16:27:41,2026-08-29T15:44:01
gen202you2p4uzn5h,2026-generic-ballot,2026,generic-ballot,YouGov,The Economist,2025-09-05,2025-09-08,1487,rv,Dem,Rep,44.0,40.0,4.0,False,,https://d3nkl3psvxxpe9.cloudfront.net/documents/econTabReport_posPy08.pdf,2026-08-31T16:27:41,2026-08-29T15:44:01
gen202claqz8c6eq2,2026-generic-ballot,2026,generic-ballot,Clarity Campaign Labs,,2025-09-04,2025-09-11,1001,rv,Dem,Rep,50.0,44.0,6.0,False,,https://www.claritycampaigns.com/clarity-omnibus-september-2025,2026-08-31T16:27:41,2026-08-29T15:44:01
gen202you5nvjdg0d,2026-generic-ballot,2026,generic-ballot,YouGov,The Economist,2025-08-01,2025-08-04,1528,rv,Dem,Rep,43.7,38.4,5.3,False,,https://today.yougov.com/topics/politics/trackers/congressional-ballot-voting-intention#08-04-2025,2026-08-31T16:27:41,2026-08-29T15:44:01
gen202you17ay13jf,2026-generic-ballot,2026,generic-ballot,YouGov,The Economist,2025-07-25,2025-07-28,1610,rv,Dem,Rep,43.0,41.0,2.0,False,,https://today.yougov.com/topics/politics/trackers/congressional-ballot-voting-intention#07-28-2025,2026-08-31T16:27:41,2026-08-29T15:44:01
gen202clalnle0qvn,2026-generic-ballot,2026,generic-ballot,Clarity Campaign Labs,,2025-07-24,2025-07-31,1018,rv,Dem,Rep,51.0,43.0,8.0,False,,https://static1.squarespace.com/static/61ae8d5e55be5c7314b4c83a/t/68936b40c111f97bb04773dd/1754491714447/Clarity+Omnibus+Overview+-+July+2025+%5BPUBLIC%5D.pdf,2026-08-31T16:27:41,2026-08-29T15:44:01
gen202har0make8oa,2026-generic-ballot,2026,generic-ballot,Hart Research Associates/Public Opinion Strategies,CNBC,2025-07-29,2025-08-03,1000,a,Dem,Rep,49.0,44.0,5.0,False,,https://pos.org/wp-content/uploads/2025/08/250178-CNBC-AAES-Q2-2025-Topline-8-7-2025-Release.pdf,2026-08-31T16:27:41,2026-08-29T15:44:01
gen202youpi8ec2w9,2026-generic-ballot,2026,generic-ballot,YouGov,Yahoo News,2025-07-24,2025-07-28,1167,rv,Dem,Rep,46.0,39.0,7.0,False,,https://d3nkl3psvxxpe9.cloudfront.net/documents/20250728_yahoo.pdf,2026-08-31T16:27:41,2026-08-29T15:44:01
gen202youqy708wzr,2026-generic-ballot,2026,generic-ballot,YouGov,The Economist,2025-08-09,2025-08-11,1474,rv,Dem,Rep,42.0,40.0,2.0,False,,https://d3nkl3psvxxpe9.cloudfront.net/documents/econTabReport_Y7xe8fY.pdf,2026-08-31T16:27:41,2026-08-29T15:44:01
gen202youdt2jed2r,2026-generic-ballot,2026,generic-ballot,YouGov,The Economist,2025-08-09,2025-08-11,1635,a,Dem,Rep,38.0,35.0,3.0,False,,https://d3nkl3psvxxpe9.cloudfront.net/documents/econTabReport_Y7xe8fY.pdf,2026-08-31T16:27:41,2026-08-29T15:44:01
gen202cygx97a37q3,2026-generic-ballot,2026,generic-ballot,Cygnal,,2025-08-07,2025-08-09,1500,lv,Dem,Rep,47.4,46.4,1.0,False,,https://www.cygn.al/wp-content/uploads/2025/08/23190-Cygnal-National-Aug25-NVT-Deck-Public.pdf,2026-08-31T16:27:41,2026-08-29T15:44:01
gen202quajdyo7pkq,2026-generic-ballot,2026,generic-ballot,Quantus Insights,,2025-08-11,2025-08-13,1000,rv,Dem,Rep,45.0,42.0,3.0,False,,https://drive.google.com/file/d/1p5seXSsPUMcdYt5QC_x_ViSrSEWF261z/view?usp=sharing,2026-08-31T16:27:41,2026-08-29T15:44:01
gen202ech9hy93vz4,2026-generic-ballot,2026,generic-ballot,Echelon Insights,,2025-08-14,2025-08-18,1057,lv,Dem,Rep,47.0,46.0,1.0,False,,https://echeloninsights.com/in-the-news/august-2025-verified-voter-omnibus/,2026-08-31T16:27:41,2026-08-29T15:44:01
gen202rmg0qu6vxjv,2026-generic-ballot,2026,generic-ballot,RMG Research,Napolitan Institute,2025-08-13,2025-08-21,2000,rv,Dem,Rep,47.0,47.0,0.0,False,,https://napolitannews.org/jobapproval#08-21-2025,2026-08-31T16:27:41,2026-08-29T15:44:01
gen202youo8x4q0vn,2026-generic-ballot,2026,generic-ballot,YouGov,The Economist,2025-08-22,2025-08-25,1523,a,Dem,Rep,41.0,36.0,5.0,False,,https://d3nkl3psvxxpe9.cloudfront.net/documents/econTabReport_otzzSNZ.pdf,2026-08-31T16:27:41,2026-08-29T15:44:01
gen202youn5v2en4c,2026-generic-ballot,2026,generic-ballot,YouGov,The Economist,2025-08-22,2025-08-25,1377,rv,Dem,Rep,43.0,41.0,2.0,False,,https://d3nkl3psvxxpe9.cloudfront.net/documents/econTabReport_otzzSNZ.pdf,2026-08-31T16:27:41,2026-08-29T15:44:01
gen202ver7h9q7ohb,2026-generic-ballot,2026,generic-ballot,The Argument/Verasight,,2025-08-08,2025-08-17,1562,rv,Dem,Rep,50.7,49.3,1.4,False,,https://www.theargumentmag.com/p/when-americans-bite-their-tongues,2026-08-31T16:27:41,2026-08-29T15:44:01
gen202emecljgqucw,2026-generic-ballot,2026,generic-ballot,Emerson College,,2025-08-25,2025-08-26,1000,rv,Dem,Rep,43.3,43.0,0.3,False,,https://docs.google.com/spreadsheets/d/11Pmwdv5G5pCF8yTyrQo6e2oIdwHB97rD/edit?usp=sharing&ouid=107857247170786005927&rtpof=true&sd=true,2026-08-31T16:27:41,2026-08-29T15:44:01
gen202verlm7t42sj,2026-generic-ballot,2026,generic-ballot,Verasight,Strength In Numbers,2025-08-18,2025-08-21,1500,a,Dem,Rep,49.0,41.0,8.0,False,,https://www.gelliottmorris.com/p/democrats-lead-the-us-house-generic,2026-08-31T16:27:41,2026-08-29T15:44:01
gen202socpg04kbqs,2026-generic-ballot,2026,generic-ballot,SoCal Strategies,Red Eagle Politics|On Point Politics,2025-08-19,2025-08-19,700,a,Dem,Rep,42.0,37.0,5.0,False,REP,https://docs.google.com/spreadsheets/d/1Bj9_tUbMG1yCnME1rc7ggQF7qt8mmxetIfD7bQL167w/edit?gid=0#gid=0,2026-08-31T16:27:41,2026-08-29T15:44:01
gen202mclotv6jiyc,2026-generic-ballot,2026,generic-ballot,McLaughlin & Associates,,2025-08-21,2025-08-26,1000,lv,Dem,Rep,45.0,47.0,-2.0,False,,https://mclaughlinonline.com/pols/wp-content/uploads/2025/09/National-August-Presentation-RELEASE-8-27-25.pdf,2026-08-31T16:27:41,2026-08-29T15:44:01
gen202you6gd1ztte,2026-generic-ballot,2026,generic-ballot,YouGov,The Economist,2025-08-29,2025-09-02,1691,a,Dem,Rep,38.0,34.0,4.0,False,,https://d3nkl3psvxxpe9.cloudfront.net/documents/econTabReport_S3c69M7.pdf,2026-08-31T16:27:41,2026-08-29T15:44:01
gen202your87uzbzs,2026-generic-ballot,2026,generic-ballot,YouGov,The Economist,2025-08-29,2025-09-02,1549,rv,Dem,Rep,43.0,39.0,4.0,False,,https://d3nkl3psvxxpe9.cloudfront.net/documents/econTabReport_S3c69M7.pdf,2026-08-31T16:27:41,2026-08-29T15:44:01
gen202mor6axnc681,2026-generic-ballot,2026,generic-ballot,Morning Consult,,2025-08-29,2025-08-31,2202,rv,Dem,Rep,45.0,41.0,4.0,False,,https://pro.morningconsult.com/trackers/donald-trump-congress-policy-republicans-polling#08-31-2025,2026-08-31T16:27:41,2026-08-29T15:44:01
gen202you999v1jo9,2026-generic-ballot,2026,generic-ballot,YouGov,The Economist,2025-09-05,2025-09-08,1644,a,Dem,Rep,39.0,36.0,3.0,False,,https://d3nkl3psvxxpe9.cloudfront.net/documents/econTabReport_posPy08.pdf,2026-08-31T16:27:41,2026-08-29T15:44:01
gen202you3zywlqvj,2026-generic-ballot,2026,generic-ballot,YouGov,The Economist,2025-09-12,2025-09-15,1567,a,Dem,Rep,37.0,33.0,4.0,False,,https://d3nkl3psvxxpe9.cloudfront.net/documents/econTabReport_jmHpS1k.pdf,2026-08-31T16:27:41,2026-08-29T15:44:01
gen202you3zqd80t3,2026-generic-ballot,2026,generic-ballot,YouGov,The Economist,2025-09-12,2025-09-15,1420,rv,Dem,Rep,43.0,41.0,2.0,False,,https://d3nkl3psvxxpe9.cloudfront.net/documents/econTabReport_jmHpS1k.pdf,2026-08-31T16:27:41,2026-08-29T15:44:01
gen202atlrgkgae5p,2026-generic-ballot,2026,generic-ballot,AtlasIntel,,2025-09-12,2025-09-16,1066,a,Dem,Rep,51.8,43.5,8.3,False,,https://cdn.atlasintel.org/e734ffb6-e175-4467-b745-bd32bf1aca9a.pdf,2026-08-31T16:27:41,2026-08-29T15:44:01
gen202echvj9qagzq,2026-generic-ballot,2026,generic-ballot,Echelon Insights,,2025-09-18,2025-09-22,1071,lv,Dem,Rep,47.0,46.0,1.0,False,,https://echelonin.wpenginepowered.com/wp-content/uploads/September-2025-Voter-Omnibus-Topline-External-1.pdf,2026-08-31T16:27:41,2026-08-29T15:44:01
gen202verx9vhr5vb,2026-generic-ballot,2026,generic-ballot,Verasight,Strength In Numbers,2025-09-15,2025-09-19,1500,a,Dem,Rep,47.0,42.0,5.0,False,,https://www.gelliottmorris.com/p/new-poll-voters-to-blame-republicans-for-shutdown,2026-08-31T16:27:41,2026-08-29T15:44:01
gen202you07in5isq,2026-generic-ballot,2026,generic-ballot,YouGov,The Economist,2025-09-19,2025-09-22,1551,a,Dem,Rep,39.0,35.0,4.0,False,,https://d3nkl3psvxxpe9.cloudfront.net/documents/econTabReport_XUKbKYQ.pdf,2026-08-31T16:27:41,2026-08-29T15:44:01
gen202youy9ls683f,2026-generic-ballot,2026,generic-ballot,YouGov,The Economist,2025-09-19,2025-09-22,1392,rv,Dem,Rep,45.0,42.0,3.0,False,,https://d3nkl3psvxxpe9.cloudfront.net/documents/econTabReport_XUKbKYQ.pdf,2026-08-31T16:27:41,2026-08-29T15:44:01
gen202cnnf4eemdg0,2026-generic-ballot,2026,generic-ballot,CNN/SSRS,,2025-08-21,2025-09-01,1768,rv,Dem,Rep,52.0,48.0,4.0,False,,https://s3.documentcloud.org/documents/26157888/cnn-poll-of-political-independents.pdf,2026-08-31T16:27:41,2026-08-29T15:44:01
gen202cnnz5gr05wh,2026-generic-ballot,2026,generic-ballot,CNN/SSRS,,2025-08-21,2025-09-01,2077,a,Dem,Rep,52.0,47.0,5.0,False,,https://s3.documentcloud.org/documents/26157888/cnn-poll-of-political-independents.pdf,2026-08-31T16:27:41,2026-08-29T15:44:01
gen202thesffydwfg,2026-generic-ballot,2026,generic-ballot,The Argument/Verasight,,2025-09-15,2025-09-18,1541,rv,Dem,Rep,53.0,47.0,6.0,False,,https://www.theargumentmag.com/p/chatgpt-and-the-end-of-learning,2026-08-31T16:27:41,2026-08-29T15:44:01
gen202youmu5vzabb,2026-generic-ballot,2026,generic-ballot,YouGov,The Economist,2025-09-26,2025-09-29,1656,a,Dem,Rep,41.0,35.0,6.0,False,,https://d3nkl3psvxxpe9.cloudfront.net/documents/econTabReport_5xxkX0x.pdf,2026-08-31T16:27:41,2026-08-29T15:44:01
gen202youfc649q73,2026-generic-ballot,2026,generic-ballot,YouGov,The Economist,2025-09-26,2025-09-29,1518,rv,Dem,Rep,44.0,41.0,3.0,False,,https://d3nkl3psvxxpe9.cloudfront.net/documents/econTabReport_5xxkX0x.pdf,2026-08-31T16:27:41,2026-08-29T15:44:01
gen202the5q6hvdvt,2026-generic-ballot,2026,generic-ballot,The New York Times/Siena College,,2025-09-22,2025-09-27,1313,rv,Dem,Rep,47.0,45.0,2.0,False,,https://www.nytimes.com/interactive/2025/09/30/polls/times-siena-poll-registered-voter-crosstabs.html,2026-08-31T16:27:41,2026-08-29T15:44:01
gen202rmgbqgqn651,2026-generic-ballot,2026,generic-ballot,RMG Research,Napolitan Institute,2025-09-22,2025-09-24,2000,rv,Dem,Rep,45.0,46.0,-1.0,False,,https://napolitannews.org/posts/generic-ballot-gop-43-percent-dem-41,2026-08-31T16:27:41,2026-08-29T15:44:01
gen202youo39xn1pc,2026-generic-ballot,2026,generic-ballot,YouGov,Yahoo News,2025-09-25,2025-09-29,1126,rv,Dem,Rep,44.0,40.0,4.0,False,,https://www.scribd.com/document/925455404/Combined-Kimmel,2026-08-31T16:27:41,2026-08-29T15:44:01
gen202mcl3ui9mclo,2026-generic-ballot,2026,generic-ballot,McLaughlin & Associates,,2025-09-17,2025-09-22,1000,lv,Dem,Rep,41.0,47.0,-6.0,False,,https://mclaughlinonline.com/pols/wp-content/uploads/2025/09/National-September-Presentation-RELEASE-9-24-25-1.pdf,2026-08-31T16:27:41,2026-08-29T15:44:01
gen202bigq7sxj107,2026-generic-ballot,2026,generic-ballot,Big Data Poll,Public Polling Project,2026-01-22,2026-01-24,2909,lv,Dem,Rep,48.2,44.2,4.0,False,,https://application.marketsight.com/app/ItemView.aspx?SharedFor=public%40bigdatapoll.com&SharedBy=34090&id=db25fc38-d7a5-46cb-a95b-b3e0000b58b4,2026-08-31T16:27:41,2026-08-29T15:44:01
gen202morqcn8uhs5,2026-generic-ballot,2026,generic-ballot,Morning Consult,,2025-10-03,2025-10-05,2200,rv,Dem,Rep,46.0,43.0,3.0,False,,https://pro.morningconsult.com/trackers/donald-trump-congress-policy-republicans-polling#10-05-2025,2026-08-31T16:27:41,2026-08-29T15:44:01
gen202youxems43ny,2026-generic-ballot,2026,generic-ballot,YouGov,The Economist,2025-10-04,2025-10-06,1648,a,Dem,Rep,39.0,33.0,6.0,False,,https://d3nkl3psvxxpe9.cloudfront.net/documents/econTabReport_aAQjgRJ.pdf,2026-08-31T16:27:41,2026-08-29T15:44:01
gen202youc4doajhn,2026-generic-ballot,2026,generic-ballot,YouGov,The Economist,2025-10-04,2025-10-06,1490,rv,Dem,Rep,44.0,39.0,5.0,False,,https://d3nkl3psvxxpe9.cloudfront.net/documents/econTabReport_aAQjgRJ.pdf,2026-08-31T16:27:41,2026-08-29T15:44:01
gen202quamqcd3h07,2026-generic-ballot,2026,generic-ballot,Quantus Insights,,2025-10-06,2025-10-07,1000,lv,Dem,Rep,42.0,43.0,-1.0,False,,https://drive.google.com/file/d/18CFNjqfW9dYNXE0l84WXTlCLcYVvvbSk/view,2026-08-31T16:27:41,2026-08-29T15:44:01
gen202qua8d4f16f1,2026-generic-ballot,2026,generic-ballot,Quantus Insights,,2026-06-01,2026-06-02,1050,lv,Dem,Rep,47.0,42.0,5.0,False,,https://drive.google.com/file/d/170FM0UjFJmSccdmQqJKxbqhw-wsWDtdi/view,2026-08-31T16:27:41,2026-08-29T15:44:01
gen202youpmtm80jk,2026-generic-ballot,2026,generic-ballot,YouGov,The Economist,2025-10-10,2025-10-13,1622,a,Dem,Rep,39.0,34.0,5.0,False,,https://d3nkl3psvxxpe9.cloudfront.net/documents/econtoplines_GWBYlDD.pdf,2026-08-31T16:27:41,2026-08-29T15:44:01
gen202youcq6fiamj,2026-generic-ballot,2026,generic-ballot,YouGov,The Economist,2025-10-10,2025-10-13,1467,rv,Dem,Rep,43.0,40.0,3.0,False,,https://d3nkl3psvxxpe9.cloudfront.net/documents/econtoplines_GWBYlDD.pdf,2026-08-31T16:27:41,2026-08-29T15:44:01
gen202cygaqish8b5,2026-generic-ballot,2026,generic-ballot,Cygnal,,2025-10-07,2025-10-08,1500,lv,Dem,Rep,48.0,45.0,3.0,False,,https://www.cygn.al/poll-42-of-liberals-approve-of-law-breaking-in-response-to-disagreeing-with-a-government-action/,2026-08-31T16:27:41,2026-08-29T15:44:01
gen202nob0c120q72,2026-generic-ballot,2026,generic-ballot,Noble Predictive Insights,The Center Square,2025-10-02,2025-10-06,2565,rv,Dem,Rep,45.0,43.0,2.0,False,,https://www.thecentersquare.com/north_carolina/article_1ca4f129-6cbd-4a04-a83b-4e98ad17c137.html,2026-08-31T16:27:41,2026-08-29T15:44:01
gen202eme09e7vdrr,2026-generic-ballot,2026,generic-ballot,Emerson College,,2025-10-13,2025-10-14,1000,rv,Dem,Rep,43.9,42.5,1.4,False,,https://docs.google.com/spreadsheets/d/1OH0jUjsnk6GYnBZgR648Qenu3UpslqAW/edit?gid=329128904#gid=329128904,2026-08-31T16:27:41,2026-08-29T15:44:01
gen202har96803jy9,2026-generic-ballot,2026,generic-ballot,Hart Research Associates/Public Opinion Strategies,CNBC,2025-10-08,2025-10-12,1000,a,Dem,Rep,48.0,47.0,1.0,False,,https://www.cnbc.com/2025/10/17/trumps-economic-approval-rating-drops-says-cnbc-survey.html,2026-08-31T16:27:41,2026-08-29T15:44:01
gen202you9a9g9olg,2026-generic-ballot,2026,generic-ballot,YouGov,The Economist,2026-01-23,2026-01-26,1520,rv,Dem,Rep,43.0,38.0,5.0,False,,https://d3nkl3psvxxpe9.cloudfront.net/documents/econTabReport_8FWGyNz.pdf#page=83,2026-08-31T16:27:41,2026-08-29T15:44:01
gen202youslkef7gy,2026-generic-ballot,2026,generic-ballot,YouGov,The Economist,2025-10-17,2025-10-20,1621,a,Dem,Rep,40.0,35.0,5.0,False,,https://d3nkl3psvxxpe9.cloudfront.net/documents/econtoplines_9BPkYGS.pdf,2026-08-31T16:27:41,2026-08-29T15:44:01
gen202you0v0ouios,2026-generic-ballot,2026,generic-ballot,YouGov,The Economist,2025-10-17,2025-10-20,1448,rv,Dem,Rep,45.0,40.0,5.0,False,,https://d3nkl3psvxxpe9.cloudfront.net/documents/econtoplines_9BPkYGS.pdf,2026-08-31T16:27:41,2026-08-29T15:44:01
gen202morcz732988,2026-generic-ballot,2026,generic-ballot,Morning Consult,,2025-10-17,2025-10-19,2200,rv,Dem,Rep,46.0,43.0,3.0,False,,https://pro.morningconsult.com/trackers/donald-trump-congress-policy-republicans-polling#10-19-2025,2026-08-31T16:27:41,2026-08-29T15:44:01
gen202ech0gads5m7,2026-generic-ballot,2026,generic-ballot,Echelon Insights,,2025-10-16,2025-10-20,1010,lv,Dem,Rep,48.0,46.0,2.0,False,,https://echelonin.wpenginepowered.com/wp-content/uploads/October-2025-Voter-Omnibus-Topline-External-2.pdf,2026-08-31T16:27:41,2026-08-29T15:44:01
gen202quiuhrq4f2e,2026-generic-ballot,2026,generic-ballot,Quinnipiac University,,2025-10-16,2025-10-20,1327,rv,Dem,Rep,50.0,41.0,9.0,False,,https://poll.qu.edu/poll-release?releaseid=3938,2026-08-31T16:27:41,2026-08-29T15:44:01
gen202pubiit67q1r,2026-generic-ballot,2026,generic-ballot,Public Religion Research Institute,Carnegie Corporation of New York,2025-08-15,2025-09-08,5543,a,Dem,Rep,33.0,30.0,3.0,False,,https://prri.org/wp-content/uploads/2025/10/2025-PRRI-American-Values-Survey-Topline.pdf,2026-08-31T16:27:41,2026-08-29T15:44:01
gen202theh0ygpmcw,2026-generic-ballot,2026,generic-ballot,The Argument/Verasight,,2025-10-10,2025-10-16,1530,rv,Dem,Rep,51.0,49.0,2.0,False,,https://www.theargumentmag.com/p/the-immigration-problem-is-a-crime,2026-08-31T16:27:41,2026-08-29T15:44:01
gen202norfk3u33ni,2026-generic-ballot,2026,generic-ballot,"Normington, Petts & Associates",Third Way,2025-09-11,2025-09-16,800,lv,Dem,Rep,51.0,49.0,2.0,False,,https://thirdway.imgix.net/downloads/americans-caught-between-trumps-cruelty-and-democrats-chaos/Third-Way-and-Normington-Petts-National-Immigration-Survey-Toplines.pdf,2026-08-31T16:27:41,2026-08-29T15:44:01
gen202youn7fgtk5t,2026-generic-ballot,2026,generic-ballot,YouGov,The Economist,2025-10-24,2025-10-27,1623,a,Dem,Rep,39.0,34.0,5.0,False,,https://d3nkl3psvxxpe9.cloudfront.net/documents/econtoplines_6P3FccQ.pdf,2026-08-31T16:27:41,2026-08-29T15:44:01
gen202youo7qshven,2026-generic-ballot,2026,generic-ballot,YouGov,The Economist,2025-10-24,2025-10-27,1476,rv,Dem,Rep,43.0,40.0,3.0,False,,https://d3nkl3psvxxpe9.cloudfront.net/documents/econtoplines_6P3FccQ.pdf,2026-08-31T16:27:41,2026-08-29T15:44:01
gen202clatqyzbr5d,2026-generic-ballot,2026,generic-ballot,Clarity Campaign Labs,,2025-10-16,2025-10-23,1047,rv,Dem,Rep,47.0,46.0,1.0,False,,https://www.claritycampaigns.com/clarity-omnibus-oct-2025,2026-08-31T16:27:41,2026-08-29T15:44:01
gen202mclzpy7tp0x,2026-generic-ballot,2026,generic-ballot,McLaughlin & Associates,,2025-10-21,2025-10-27,1000,lv,Dem,Rep,44.0,46.0,-2.0,False,,https://mclaughlinonline.com/pols/wp-content/uploads/2025/10/National-October-Presentation-RELEASE.pdf,2026-08-31T16:27:41,2026-08-29T15:44:01
gen202unibdng1eek,2026-generic-ballot,2026,generic-ballot,University of Massachusetts Department of Political Science/YouGov,,2025-10-16,2025-10-20,1000,a,Dem,Rep,38.0,35.0,3.0,False,,https://www.uml.edu/news/press-releases/2025/national-poll-10292025.aspx,2026-08-31T16:27:41,2026-08-29T15:44:01
gen202youpwe26mar,2026-generic-ballot,2026,generic-ballot,YouGov,Yahoo News,2025-10-23,2025-10-27,1197,rv,Dem,Rep,45.0,40.0,5.0,False,,https://www.scribd.com/document/940273112/Yahoo-YouGov-Shutdown-Poll-October-2025,2026-08-31T16:27:41,2026-08-29T15:44:01
gen202verl2j6ull5,2026-generic-ballot,2026,generic-ballot,Verasight,Strength In Numbers,2025-10-24,2025-10-29,1567,a,Dem,Rep,49.0,41.0,8.0,False,,https://www.gelliottmorris.com/p/new-poll-voters-want-democrats-to,2026-08-31T16:27:41,2026-08-29T15:44:01
gen202wasynrir54c,2026-generic-ballot,2026,generic-ballot,Washington Post/ABC News/Ipsos,,2025-10-24,2025-10-28,2203,rv,Dem,Rep,46.0,44.0,2.0,False,,https://www.washingtonpost.com/documents/1d305cca-df33-44a8-ba8d-c98790a67f99.pdf,2026-08-31T16:27:41,2026-08-29T15:44:01
gen202har3fuscn8p,2026-generic-ballot,2026,generic-ballot,Hart Research Associates/Public Opinion Strategies,NBC News,2025-10-24,2025-10-28,1000,rv,Dem,Rep,50.0,42.0,8.0,False,,https://pos.org/wp-content/uploads/2025/11/NBC-News-October-2025-Poll-11-02-2025-Release.pdf,2026-08-31T16:27:41,2026-08-29T15:44:01
gen202new6qw03vmk,2026-generic-ballot,2026,generic-ballot,NewsNation/Decision Desk HQ,,2025-10-27,2025-10-29,1158,lv,Dem,Rep,47.0,47.0,0.0,False,,https://www.newsnationnow.com/polls/full-poll-results-newsnation-national-survey-trump,2026-08-31T16:27:41,2026-08-29T15:44:01
gen202newox3d7bq2,2026-generic-ballot,2026,generic-ballot,NewsNation/Decision Desk HQ,,2025-10-27,2025-10-29,1609,rv,Dem,Rep,45.0,44.0,1.0,False,,https://www.newsnationnow.com/polls/full-poll-results-newsnation-national-survey-trump,2026-08-31T16:27:41,2026-08-29T15:44:01
gen202cnn5odn7vb2,2026-generic-ballot,2026,generic-ballot,CNN/SSRS,,2025-10-27,2025-10-30,954,rv,Dem,Rep,47.0,42.0,5.0,False,,https://www.cnn.com/2025/11/03/politics/cnn-poll-democrats-trump-midterms,2026-08-31T16:27:41,2026-08-29T15:44:01
gen202rmgsgiakj74,2026-generic-ballot,2026,generic-ballot,RMG Research,Napolitan Institute,2025-10-31,2025-11-03,2000,rv,Dem,Rep,44.0,46.0,-2.0,False,,https://napolitannews.org/posts/generic-ballot-gop-43-percent-dem-42,2026-08-31T16:27:41,2026-08-29T15:44:01
gen202youted6dkve,2026-generic-ballot,2026,generic-ballot,YouGov,The Economist,2025-10-31,2025-11-03,1656,a,Dem,Rep,38.0,35.0,3.0,False,,https://d3nkl3psvxxpe9.cloudfront.net/documents/econtoplines_IUIp7Sc.pdf,2026-08-31T16:27:41,2026-08-29T15:44:01
gen202youq3dfmb50,2026-generic-ballot,2026,generic-ballot,YouGov,The Economist,2025-10-31,2025-11-03,1475,rv,Dem,Rep,44.0,41.0,3.0,False,,https://d3nkl3psvxxpe9.cloudfront.net/documents/econtoplines_IUIp7Sc.pdf,2026-08-31T16:27:41,2026-08-29T15:44:01
gen202j.lmx2bwz2t,2026-generic-ballot,2026,generic-ballot,J.L. Partners,DailyMail.com,2025-10-14,2025-10-15,1004,rv,Dem,Rep,43.0,37.0,6.0,False,,https://jlpartners.com/s/DailyMail_Crosstabs_Oct25_MiddleEast.xlsx,2026-08-31T16:27:41,2026-08-29T15:44:01
gen202emer1qfrr9e,2026-generic-ballot,2026,generic-ballot,Emerson College,,2025-11-03,2025-11-04,1000,rv,Dem,Rep,43.5,40.1,3.4,False,,https://docs.google.com/spreadsheets/d/1-IAQE73c7vVIynxF_-FW_kdiPJrpUIrO/edit?usp=sharing&ouid=107857247170786005927&rtpof=true&sd=true,2026-08-31T16:27:41,2026-08-29T15:44:01
gen202youmsx7p0ic,2026-generic-ballot,2026,generic-ballot,YouGov Blue,,2025-11-07,2025-11-10,517,rv,Dem,Rep,48.0,45.0,3.0,False,,https://www.the-downballot.com/p/new-poll-shows-democrats-best-path,2026-08-31T16:27:41,2026-08-29T15:44:01
gen202morybmkp88m,2026-generic-ballot,2026,generic-ballot,Morning Consult,,2025-11-07,2025-11-09,2201,rv,Dem,Rep,48.0,43.0,5.0,False,,https://links.morningconsult.com/s/vb/pML3dxXpq_z0HGPRnIodfYJnCrdA5pv30yFHu8yovGNrkEKsYCrN0zHjzdDyQ6wBWN0YIBIZGjicBqLObQiaEyGGtyGViptcSFlD8X4UtYodgjvUMgKnwSfn3kTdfTsm3qYyj6bgK-k185oLu3OUHtto-3du_st3ktx_3w/Jj-WgYyBcbX2NhKQBSWVc88CaP2QP8XN/14,2026-08-31T16:27:41,2026-08-29T15:44:01
gen202youxfka7cyz,2026-generic-ballot,2026,generic-ballot,YouGov,The Economist,2025-11-07,2025-11-10,1663,a,Dem,Rep,40.0,34.0,6.0,False,,https://d3nkl3psvxxpe9.cloudfront.net/documents/econTabReport_EAdEA3C.pdf,2026-08-31T16:27:41,2026-08-29T15:44:01
gen202youfww7v041,2026-generic-ballot,2026,generic-ballot,YouGov,The Economist,2025-11-07,2025-11-10,1500,rv,Dem,Rep,46.0,39.0,7.0,False,,https://d3nkl3psvxxpe9.cloudfront.net/documents/econTabReport_EAdEA3C.pdf,2026-08-31T16:27:41,2026-08-29T15:44:01
gen202ipsoltvkyn1,2026-generic-ballot,2026,generic-ballot,Ipsos,Reuters,2025-11-07,2025-11-12,938,rv,Dem,Rep,41.0,40.0,1.0,False,,https://www.reuters.com/world/us/democrats-more-energized-2026-elections-than-republicans-reutersipsos-poll-finds-2025-11-13,2026-08-31T16:27:41,2026-08-29T15:44:01
gen202qua2uog9zfw,2026-generic-ballot,2026,generic-ballot,Quantus Insights,,2025-11-11,2025-11-12,1000,rv,Dem,Rep,43.7,39.3,4.4,False,,https://docs.google.com/spreadsheets/d/1hWBzli7svmD7m4Ew3enKOh6A8FtTDJRaQ-fMniwlXIc/edit?gid=1563426900#gid=1563426900,2026-08-31T16:27:41,2026-08-29T15:44:01
gen202cygl643olc7,2026-generic-ballot,2026,generic-ballot,Cygnal,,2025-11-05,2025-11-06,1500,lv,Dem,Rep,49.7,43.6,6.1,False,,https://www.cygn.al/wp-content/uploads/2025/11/Cygnal-National-NVT-Nov25-Deck-Public.pdf,2026-08-31T16:27:41,2026-08-29T15:44:01
gen202echcrpejs8g,2026-generic-ballot,2026,generic-ballot,Echelon Insights,,2025-11-13,2025-11-17,1051,lv,Dem,Rep,49.0,45.0,4.0,False,,https://echelonin.wpenginepowered.com/wp-content/uploads/November-2025-Voter-Omnibus-Topline-External.pdf,2026-08-31T16:27:41,2026-08-29T15:44:01
gen202verrjoxe39u,2026-generic-ballot,2026,generic-ballot,Verasight,Strength In Numbers,2025-11-12,2025-11-14,1004,a,Dem,Rep,47.0,42.0,5.0,False,,https://www.gelliottmorris.com/p/new-poll-democrats-lead-the-2026,2026-08-31T16:27:41,2026-08-29T15:44:01
gen202ver5jr9xwy7,2026-generic-ballot,2026,generic-ballot,Verasight,Strength In Numbers,2025-11-12,2025-11-14,896,rv,Dem,Rep,49.0,44.0,5.0,False,,https://www.gelliottmorris.com/p/new-poll-democrats-lead-the-2026,2026-08-31T16:27:41,2026-08-29T15:44:01
gen202you0nji2mdw,2026-generic-ballot,2026,generic-ballot,YouGov,The Economist,2025-11-15,2025-11-17,1549,a,Dem,Rep,38.0,35.0,3.0,False,,https://d3nkl3psvxxpe9.cloudfront.net/documents/econtoplines_Wnui9DE.pdf,2026-08-31T16:27:41,2026-08-29T15:44:01
gen202you0di212ea,2026-generic-ballot,2026,generic-ballot,YouGov,The Economist,2025-11-15,2025-11-17,1382,rv,Dem,Rep,43.0,40.0,3.0,False,,https://d3nkl3psvxxpe9.cloudfront.net/documents/econtoplines_Wnui9DE.pdf,2026-08-31T16:27:41,2026-08-29T15:44:01
gen202maroindbw0q,2026-generic-ballot,2026,generic-ballot,Marquette University Law School,,2025-11-05,2025-11-12,1052,a,Dem,Rep,46.0,41.0,5.0,False,,https://law.marquette.edu/poll/wp-content/uploads/2025/11/MLSPSC29Toplines_NationalIssues.html,2026-08-31T16:27:41,2026-08-29T15:44:01
gen202marsb7pbzop,2026-generic-ballot,2026,generic-ballot,Marquette University Law School,,2025-11-05,2025-11-12,903,rv,Dem,Rep,49.0,44.0,5.0,False,,https://law.marquette.edu/poll/wp-content/uploads/2025/11/MLSPSC29Toplines_NationalIssues.html,2026-08-31T16:27:41,2026-08-29T15:44:01
gen202marmf1y26jw,2026-generic-ballot,2026,generic-ballot,Marquette University Law School,,2025-11-05,2025-11-12,602,lv,Dem,Rep,53.0,44.0,9.0,False,,https://law.marquette.edu/poll/wp-content/uploads/2025/11/MLSPSC29Toplines_NationalIssues.html,2026-08-31T16:27:41,2026-08-29T15:44:01
gen202mart725c1lc,2026-generic-ballot,2026,generic-ballot,Marist College,,2025-11-10,2025-11-13,1291,rv,Dem,Rep,55.0,41.0,14.0,False,,https://maristpoll.marist.edu/wp-content/uploads/2025/11/NPR_PBS-News_Marist-Poll_USA-NOS-and-Tables_202511141156-1.pdf,2026-08-31T16:27:41,2026-08-29T15:44:01
gen202thelkg0oyr4,2026-generic-ballot,2026,generic-ballot,The Argument/Verasight,,2025-11-10,2025-11-17,1508,rv,Dem,Rep,53.0,47.0,6.0,False,,https://www.theargumentmag.com/p/2026-is-looking-terrible-for-republicans,2026-08-31T16:27:41,2026-08-29T15:44:01
gen202theoqmu5rw8,2026-generic-ballot,2026,generic-ballot,The Argument/Verasight,,2025-11-10,2025-11-17,,lv,Dem,Rep,53.8,46.2,7.6,False,,https://www.theargumentmag.com/p/2026-is-looking-terrible-for-republicans,2026-08-31T16:27:41,2026-08-29T15:44:01
gen202higl0n40cys,2026-generic-ballot,2026,generic-ballot,High Point University Survey Research Center,,2025-11-10,2025-11-14,1004,a,Dem,Rep,46.0,36.0,10.0,False,,https://www.highpoint.edu/src/files/2023/08/HPUPoll-115-and-116-Memo.pdf,2026-08-31T16:27:41,2026-08-29T15:44:01
gen202moryc6bhc0x,2026-generic-ballot,2026,generic-ballot,Morning Consult,,2025-11-21,2025-11-23,2200,rv,Dem,Rep,45.0,43.0,2.0,False,,https://pro.morningconsult.com/trackers/donald-trump-congress-policy-republicans-polling#11-23-2025,2026-08-31T16:27:41,2026-08-29T15:44:01
gen202yourt1gmu86,2026-generic-ballot,2026,generic-ballot,YouGov,The Economist,2025-11-21,2025-11-24,1677,a,Dem,Rep,39.0,32.0,7.0,False,,https://d3nkl3psvxxpe9.cloudfront.net/documents/econtoplines_t1cr1bJ.pdf,2026-08-31T16:27:41,2026-08-29T15:44:01
gen202youopwcmq60,2026-generic-ballot,2026,generic-ballot,YouGov,The Economist,2025-11-21,2025-11-24,1511,rv,Dem,Rep,44.0,39.0,5.0,False,,https://d3nkl3psvxxpe9.cloudfront.net/documents/econtoplines_t1cr1bJ.pdf,2026-08-31T16:27:41,2026-08-29T15:44:01
gen202mclnofw0ify,2026-generic-ballot,2026,generic-ballot,McLaughlin & Associates,,2025-11-17,2025-11-24,1000,lv,Dem,Rep,45.0,44.0,1.0,False,,https://mclaughlinonline.com/pols/wp-content/uploads/2025/11/National-November-Presentation-RELEASE-11-25-25-1.pdf,2026-08-31T16:27:41,2026-08-29T15:44:01
gen202you3n4bs4qe,2026-generic-ballot,2026,generic-ballot,YouGov,Yahoo News,2025-11-20,2025-11-24,1131,rv,Dem,Rep,43.0,40.0,3.0,False,,https://www.yahoo.com/news/politics/article/poll-by-a-2-to-1-margin-americans-say-trump-has-done-more-to-raise-prices-than-lower-them-183908373.html,2026-08-31T16:27:41,2026-08-29T15:44:01
gen202you5a7g4s2i,2026-generic-ballot,2026,generic-ballot,YouGov,The Economist,2025-11-28,2025-12-01,1456,rv,Dem,Rep,45.0,39.0,6.0,False,,https://d3nkl3psvxxpe9.cloudfront.net/documents/econtoplines_neyUICe.pdf,2026-08-31T16:27:41,2026-08-29T15:44:01
gen202youvl63j6v6,2026-generic-ballot,2026,generic-ballot,YouGov,The Economist,2025-11-28,2025-12-01,1628,a,Dem,Rep,39.0,33.0,6.0,False,,https://d3nkl3psvxxpe9.cloudfront.net/documents/econtoplines_neyUICe.pdf,2026-08-31T16:27:41,2026-08-29T15:44:01
gen202morneejnver,2026-generic-ballot,2026,generic-ballot,Morning Consult,,2025-11-24,2025-11-30,21658,rv,Dem,Rep,44.0,42.0,2.0,False,,https://pro.morningconsult.com/trackers/2026-midterm-elections-tracker-generic-ballot#11-30-2025,2026-08-31T16:27:41,2026-08-29T15:44:01
gen202mor93xcfxwn,2026-generic-ballot,2026,generic-ballot,Morning Consult,,2025-11-17,2025-11-23,19675,rv,Dem,Rep,44.0,42.0,2.0,False,,https://pro.morningconsult.com/trackers/2026-midterm-elections-tracker-generic-ballot#11-23-2025,2026-08-31T16:27:41,2026-08-29T15:44:01
gen202moriofdcbee,2026-generic-ballot,2026,generic-ballot,Morning Consult,,2025-11-10,2025-11-16,19675,rv,Dem,Rep,44.0,43.0,1.0,False,,https://pro.morningconsult.com/trackers/2026-midterm-elections-tracker-generic-ballot#11-16-2025,2026-08-31T16:27:41,2026-08-29T15:44:01
gen202morasuqyoxk,2026-generic-ballot,2026,generic-ballot,Morning Consult,,2025-11-03,2025-11-09,19675,rv,Dem,Rep,44.0,42.0,2.0,False,,https://pro.morningconsult.com/trackers/2026-midterm-elections-tracker-generic-ballot#11-09-2025,2026-08-31T16:27:41,2026-08-29T15:44:01
gen202morjcfai245,2026-generic-ballot,2026,generic-ballot,Morning Consult,,2025-10-27,2025-11-02,19675,rv,Dem,Rep,43.0,43.0,0.0,False,,https://pro.morningconsult.com/trackers/2026-midterm-elections-tracker-generic-ballot#11-02-2025,2026-08-31T16:27:41,2026-08-29T15:44:01
gen202mor5e30dp4k,2026-generic-ballot,2026,generic-ballot,Morning Consult,,2025-10-20,2025-10-26,19675,rv,Dem,Rep,44.0,42.0,2.0,False,,https://pro.morningconsult.com/trackers/2026-midterm-elections-tracker-generic-ballot#10-26-2025,2026-08-31T16:27:41,2026-08-29T15:44:01
gen202mor7d2ev6j8,2026-generic-ballot,2026,generic-ballot,Morning Consult,,2025-10-13,2025-10-19,19675,rv,Dem,Rep,44.0,42.0,2.0,False,,https://pro.morningconsult.com/trackers/2026-midterm-elections-tracker-generic-ballot#10-19-2025,2026-08-31T16:27:41,2026-08-29T15:44:01
gen202morccd4ont3,2026-generic-ballot,2026,generic-ballot,Morning Consult,,2025-10-06,2025-10-12,19675,rv,Dem,Rep,44.0,43.0,1.0,False,,https://pro.morningconsult.com/trackers/2026-midterm-elections-tracker-generic-ballot#10-12-2025,2026-08-31T16:27:41,2026-08-29T15:44:01
gen202morzjhstweo,2026-generic-ballot,2026,generic-ballot,Morning Consult,,2025-09-29,2025-10-05,19675,rv,Dem,Rep,44.0,43.0,1.0,False,,https://pro.morningconsult.com/trackers/2026-midterm-elections-tracker-generic-ballot#10-05-2025,2026-08-31T16:27:41,2026-08-29T15:44:01
gen202bigdzhzvp2p,2026-generic-ballot,2026,generic-ballot,Big Data Poll,Public Polling Project,2025-10-26,2025-10-28,2984,rv,Dem,Rep,43.0,41.0,2.0,False,,https://www.bigdatapoll.com/blog/trumps-third-world-immigration-moratorium-widely-popular/,2026-08-31T16:27:41,2026-08-29T15:44:01
gen202bigc4ezhoul,2026-generic-ballot,2026,generic-ballot,Big Data Poll,Public Polling Project,2025-11-28,2025-12-01,2008,rv,Dem,Rep,44.0,42.0,2.0,False,,https://www.bigdatapoll.com/blog/trumps-third-world-immigration-moratorium-widely-popular/,2026-08-31T16:27:41,2026-08-29T15:44:01
gen202bigemmpsn62,2026-generic-ballot,2026,generic-ballot,Big Data Poll,Public Polling Project,2025-11-28,2025-12-01,1788,lv,Dem,Rep,46.0,43.0,3.0,False,,https://www.bigdatapoll.com/blog/trumps-third-world-immigration-moratorium-widely-popular/,2026-08-31T16:27:41,2026-08-29T15:44:01
gen202manknsqluca,2026-generic-ballot,2026,generic-ballot,Manhattan Institute,,2025-10-15,2025-10-26,500,rv,Dem,Rep,47.0,44.0,3.0,False,,https://media4.manhattan-institute.org/wp-content/uploads/MI-GOP-Trump-Voters-Toplines-FULL-11.19.pdf,2026-08-31T16:27:41,2026-08-29T15:44:01
gen202j.llqmqhhn7,2026-generic-ballot,2026,generic-ballot,J.L. Partners,DailyMail.com,2025-11-19,2025-11-20,797,lv,Dem,Rep,50.0,46.0,4.0,False,,https://jlpartners.com/nov25-rv,2026-08-31T16:27:41,2026-08-29T15:44:01
gen202sur6qvftmu9,2026-generic-ballot,2026,generic-ballot,Survey 160,,2025-11-06,2025-11-12,1513,rv,Dem,Rep,46.0,39.0,7.0,False,,https://www.survey160.com/methodological-research-blog/survey-160-tracking-poll-november-2025-update,2026-08-31T16:27:41,2026-08-29T15:44:01
gen202quau8o1h7sf,2026-generic-ballot,2026,generic-ballot,Quantus Insights,,2025-12-04,2025-12-05,1000,rv,Dem,Rep,44.0,40.0,4.0,False,,https://drive.google.com/file/d/1cOyOMwoFoYuvZtAYFAuO1M9FIK7xenv7/view,2026-08-31T16:27:41,2026-08-29T15:44:01
gen202yal0858bkxy,2026-generic-ballot,2026,generic-ballot,Yale Youth Poll,,2025-10-29,2025-11-11,3426,rv,Dem,Rep,45.0,43.0,2.0,False,,https://youthpoll.yale.edu/fall-2025-results,2026-08-31T16:27:41,2026-08-29T15:44:01
gen202rmgzscdfzcq,2026-generic-ballot,2026,generic-ballot,RMG Research,Napolitan Institute,2025-12-01,2025-12-04,2000,rv,Dem,Rep,44.0,48.0,-4.0,False,,https://napolitannews.org/posts/generic-ballot-gop-45-percent-dem-41#12-04-2025,2026-08-31T16:27:41,2026-08-29T15:44:01
gen202higz24262eu,2026-generic-ballot,2026,generic-ballot,High Point University Survey Research Center,,2025-11-10,2025-11-14,837,rv,Dem,Rep,48.0,39.0,9.0,False,,https://www.highpoint.edu/src/files/2023/08/HPUPoll-115-and-116-Registered-Voters.pdf,2026-08-31T16:27:41,2026-08-29T15:44:01
gen202morq71dlrjx,2026-generic-ballot,2026,generic-ballot,Morning Consult,,2025-12-01,2025-12-07,21658,rv,Dem,Rep,44.0,43.0,1.0,False,,https://pro.morningconsult.com/trackers/2026-midterm-election-generic-ballot-polls#12-07-2025,2026-08-31T16:27:41,2026-08-29T15:44:01
gen202morr2avsbar,2026-generic-ballot,2026,generic-ballot,Morning Consult,,2025-12-05,2025-12-07,2201,rv,Dem,Rep,46.0,43.0,3.0,False,,https://pro.morningconsult.com/trackers/donald-trump-congress-policy-republicans-polling#12-07-2025,2026-08-31T16:27:41,2026-08-29T15:44:01
gen202youmxyis93n,2026-generic-ballot,2026,generic-ballot,YouGov,The Economist,2025-12-05,2025-12-08,1530,a,Dem,Rep,37.0,32.0,5.0,False,,https://d3nkl3psvxxpe9.cloudfront.net/documents/econtoplines_IoqnUWW.pdf,2026-08-31T16:27:41,2026-08-29T15:44:01
gen202youwb0wcges,2026-generic-ballot,2026,generic-ballot,YouGov,The Economist,2025-12-05,2025-12-08,1380,rv,Dem,Rep,42.0,37.0,5.0,False,,https://d3nkl3psvxxpe9.cloudfront.net/documents/econtoplines_IoqnUWW.pdf,2026-08-31T16:27:41,2026-08-29T15:44:01
gen202ipsw38dqmfx,2026-generic-ballot,2026,generic-ballot,Ipsos,Reuters,2025-12-03,2025-12-08,3521,rv,Dem,Rep,40.0,39.0,1.0,False,,https://www.reuters.com/data/which-party-do-americans-want-run-congress-2025-11-05#12-08-2025,2026-08-31T16:27:41,2026-08-29T15:44:01
gen202ipsgz4jzn1r,2026-generic-ballot,2026,generic-ballot,Ipsos,Reuters,2025-11-14,2025-11-17,,,Dem,Rep,38.0,36.0,2.0,False,,https://www.reuters.com/data/which-party-do-americans-want-run-congress-2025-11-05#11-17-2025,2026-08-31T16:27:41,2026-08-29T15:44:01
gen202ips4tl5wi4t,2026-generic-ballot,2026,generic-ballot,Ipsos,Reuters,2025-10-24,2025-10-26,,,Dem,Rep,39.0,39.0,0.0,False,,https://www.reuters.com/data/which-party-do-americans-want-run-congress-2025-11-05#10-26-2025,2026-08-31T16:27:41,2026-08-29T15:44:01
gen202ips7guhl7ea,2026-generic-ballot,2026,generic-ballot,Ipsos,Reuters,2025-10-15,2025-10-20,,,Dem,Rep,41.0,38.0,3.0,False,,https://www.reuters.com/data/which-party-do-americans-want-run-congress-2025-11-05#10-20-2025,2026-08-31T16:27:41,2026-08-29T15:44:01
gen202bigu771x3r1,2026-generic-ballot,2026,generic-ballot,Big Data Poll,Public Polling Project,2025-12-10,2025-12-12,3004,rv,Dem,Rep,44.1,40.6,3.5,False,,https://application.marketsight.com/app/ItemView.aspx?SharedFor=public%40bigdatapoll.com&SharedBy=34090&id=d44d9751-22bd-489a-a372-b3b3002c437f,2026-08-31T16:27:41,2026-08-29T15:44:01
gen202ech9vgw0ths,2026-generic-ballot,2026,generic-ballot,Echelon Insights,,2025-12-11,2025-12-15,1011,lv,Dem,Rep,48.0,45.0,3.0,False,,https://echelonin.wpenginepowered.com/wp-content/uploads/December-2025-Omnibus-Topline-External.pdf,2026-08-31T16:27:41,2026-08-29T15:44:01
gen202cyg7krp08wo,2026-generic-ballot,2026,generic-ballot,Cygnal,,2025-12-05,2025-12-07,1500,lv,Dem,Rep,48.0,44.1,3.9,False,,https://www.cygn.al/wp-content/uploads/2025/12/23448-Cygnal-National-Dec25-NVT-Deck-Public.pdf,2026-08-31T16:27:41,2026-08-29T15:44:01
gen202morav9t1tpv,2026-generic-ballot,2026,generic-ballot,Morning Consult,,2025-12-12,2025-12-15,2201,rv,Dem,Rep,45.0,44.0,1.0,False,,https://pro.morningconsult.com/trackers/donald-trump-congress-policy-republicans-polling#12-15-2025,2026-08-31T16:27:41,2026-08-29T15:44:01
gen202morhqrpcr9z,2026-generic-ballot,2026,generic-ballot,Morning Consult,,2025-12-08,2025-12-14,19954,rv,Dem,Rep,44.0,43.0,1.0,False,,https://pro.morningconsult.com/trackers/2026-midterm-election-generic-ballot-polls#12-14-2025,2026-08-31T16:27:41,2026-08-29T15:44:01
gen202youkht853yu,2026-generic-ballot,2026,generic-ballot,YouGov,The Economist,2025-12-12,2025-12-15,1632,a,Dem,Rep,37.0,33.0,4.0,False,,https://d3nkl3psvxxpe9.cloudfront.net/documents/econtoplines_Z19KY8S.pdf,2026-08-31T16:27:41,2026-08-29T15:44:01
gen202youtqbpl5wi,2026-generic-ballot,2026,generic-ballot,YouGov,The Economist,2025-12-12,2025-12-15,1453,rv,Dem,Rep,43.0,39.0,4.0,False,,https://d3nkl3psvxxpe9.cloudfront.net/documents/econtoplines_Z19KY8S.pdf,2026-08-31T16:27:41,2026-08-29T15:44:01
gen202theit3vqxax,2026-generic-ballot,2026,generic-ballot,The Argument/Verasight,,2025-12-05,2025-12-11,1521,rv,Dem,Rep,50.6,49.4,1.2,False,,https://www.theargumentmag.com/p/have-democrats-lost-their-education,2026-08-31T16:27:41,2026-08-29T15:44:01
gen202thet8h94b7k,2026-generic-ballot,2026,generic-ballot,The Argument/Verasight,,2025-12-05,2025-12-11,,lv,Dem,Rep,52.4,47.6,4.8,False,,https://www.theargumentmag.com/p/have-democrats-lost-their-education,2026-08-31T16:27:41,2026-08-29T15:44:01
gen202cla48neovgl,2026-generic-ballot,2026,generic-ballot,Clarity Campaign Labs,,2025-12-04,2025-12-11,1000,lv,Dem,Rep,49.0,44.0,5.0,False,,https://www.claritycampaigns.com/clarity-omnibus-dec-2025,2026-08-31T16:27:41,2026-08-29T15:44:01
gen202quisv6i8kb4,2026-generic-ballot,2026,generic-ballot,Quinnipiac University,,2025-12-11,2025-12-15,1035,rv,Dem,Rep,47.0,43.0,4.0,False,,https://poll.qu.edu/images/polling/us/us12172025_ugli25.pdf,2026-08-31T16:27:41,2026-08-29T15:44:01
gen202harf7u1dop3,2026-generic-ballot,2026,generic-ballot,Hart Research Associates/Public Opinion Strategies,CNBC,2025-12-04,2025-12-08,800,rv,Dem,Rep,50.0,46.0,4.0,False,,https://fm.cnbc.com/applications/cnbc.com/resources/editorialfiles/2025/12/16/TOPLINES_250313_CNBC_AAES_Q4_2025_new.pdf,2026-08-31T16:27:41,2026-08-29T15:44:01
gen202cla35wej9ad,2026-generic-ballot,2026,generic-ballot,Clarity Campaign Labs,,2026-01-15,2026-01-22,1147,lv,Dem,Rep,51.0,42.0,9.0,False,,https://www.claritycampaigns.com/clarity-omnibus-jan-2026,2026-08-31T16:27:41,2026-08-29T15:44:01
gen202quayrux711g,2026-generic-ballot,2026,generic-ballot,Quantus Insights,,2025-12-15,2025-12-16,1000,lv,Dem,Rep,43.0,41.0,2.0,False,,https://drive.google.com/file/d/14uRV2kwTVNEO4EIXGv7TCQZtmlMK0owX/view,2026-08-31T16:27:41,2026-08-29T15:44:01
gen202atli98ny44e,2026-generic-ballot,2026,generic-ballot,AtlasIntel,,2025-12-15,2025-12-19,2315,a,Dem,Rep,54.4,38.4,16.0,False,,https://cdn.atlasintel.org/b04a7568-81b3-478f-a785-d5e5902941d4.pdf?_gl=1*1fyq2oz*_ga*MTM0MTUwMDU0My4xNzY2MTk1NTU4*_ga_W78QD5CNP1*czE3NjYxOTU1NTckbzEkZzAkdDE3NjYxOTU5MzckajYwJGwwJGgw,2026-08-31T16:27:41,2026-08-29T15:44:01
gen202fabdmpzj8zo,2026-generic-ballot,2026,generic-ballot,"Fabrizio, Lee & Associates",Building America's Future,2025-12-15,2025-12-17,1000,rv,Dem,Rep,45.0,38.0,7.0,False,REP,https://www.politico.com/newsletters/playbook/2025/12/22/cbs-controversial-call-00702480,2026-08-31T16:27:41,2026-08-29T15:44:01
gen202morjndncmme,2026-generic-ballot,2026,generic-ballot,Morning Consult,,2025-12-15,2025-12-21,20240,rv,Dem,Rep,45.0,42.0,3.0,False,,https://pro.morningconsult.com/trackers/2026-midterm-election-generic-ballot-polls#12-21-2025,2026-08-31T16:27:41,2026-08-29T15:44:01
gen202you6j0eib4q,2026-generic-ballot,2026,generic-ballot,YouGov,The Economist,2025-12-20,2025-12-22,1592,a,Dem,Rep,38.0,34.0,4.0,False,,https://d3nkl3psvxxpe9.cloudfront.net/documents/econtoplines_s4jyXBa.pdf,2026-08-31T16:27:41,2026-08-29T15:44:01
gen202youfa0e23zn,2026-generic-ballot,2026,generic-ballot,YouGov,The Economist,2025-12-20,2025-12-22,1425,rv,Dem,Rep,43.0,40.0,3.0,False,,https://d3nkl3psvxxpe9.cloudfront.net/documents/econtoplines_s4jyXBa.pdf,2026-08-31T16:27:41,2026-08-29T15:44:01
gen202mclalveuwur,2026-generic-ballot,2026,generic-ballot,McLaughlin & Associates,,2025-12-12,2025-12-19,1000,lv,Dem,Rep,46.0,45.0,1.0,False,,https://mclaughlinonline.com/pols/wp-content/uploads/2025/12/National-December-Presentation-Release-12-19-25.pdf,2026-08-31T16:27:41,2026-08-29T15:44:01
gen202gba5ap9ebsy,2026-generic-ballot,2026,generic-ballot,GBAO Strategies,Third Way,2025-11-19,2025-11-26,2000,rv,Dem,Rep,48.0,42.0,6.0,False,,https://www.thirdway.org/memo/food-medicine-fuel-for-a-wave,2026-08-31T16:27:41,2026-08-29T15:44:01
gen202youbujtr0mn,2026-generic-ballot,2026,generic-ballot,YouGov,The Economist,2025-12-26,2025-12-29,1550,a,Dem,Rep,36.0,31.0,5.0,False,,https://d3nkl3psvxxpe9.cloudfront.net/documents/econTabReport_h1aYmmb.pdf,2026-08-31T16:27:41,2026-08-29T15:44:01
gen202yout11p2aja,2026-generic-ballot,2026,generic-ballot,YouGov,The Economist,2025-12-26,2025-12-29,1420,rv,Dem,Rep,42.0,38.0,4.0,False,,https://d3nkl3psvxxpe9.cloudfront.net/documents/econTabReport_h1aYmmb.pdf,2026-08-31T16:27:41,2026-08-29T15:44:01
gen202big9ff7jwwd,2026-generic-ballot,2026,generic-ballot,Big Data Poll,Public Polling Project,2025-12-26,2025-12-28,3412,lv,Dem,Rep,47.9,44.4,3.5,False,,https://www.bigdatapoll.com/blog/trump-improves-democrats-lead-generic-ballot-in-final-poll-for-2025/,2026-08-31T16:27:41,2026-08-29T15:44:01
gen202theup5bfb8s,2026-generic-ballot,2026,generic-ballot,The Bullfinch Group,The Independent Center,2025-12-30,2026-01-03,1200,a,Dem,Rep,40.0,30.0,10.0,False,,https://cdn.prod.website-files.com/68d1c32ec01e1d1f6a86e801/6957e70d6a2531a1b867adaa_ICV%202026%20Nationwide%20250th%20Study%20Toplines%20-%20FINAL.pdf,2026-08-31T16:27:41,2026-08-29T15:44:01
gen202the0qhxbf0f,2026-generic-ballot,2026,generic-ballot,The Bullfinch Group,The Independent Center,2025-12-30,2026-01-03,1000,rv,Dem,Rep,44.0,33.0,11.0,False,,https://cdn.prod.website-files.com/68d1c32ec01e1d1f6a86e801/6957e70d6a2531a1b867adaa_ICV%202026%20Nationwide%20250th%20Study%20Toplines%20-%20FINAL.pdf,2026-08-31T16:27:41,2026-08-29T15:44:01
gen202morp33r88gn,2026-generic-ballot,2026,generic-ballot,Morning Consult,,2025-12-29,2026-01-04,22709,rv,Dem,Rep,44.0,42.0,2.0,False,,https://pro.morningconsult.com/trackers/2026-midterm-election-generic-ballot-polls#01-04-2026,2026-08-31T16:27:41,2026-08-29T15:44:01
gen202morjcls6rqx,2026-generic-ballot,2026,generic-ballot,Morning Consult,,2026-01-02,2026-01-04,2201,rv,Dem,Rep,45.0,42.0,3.0,False,,https://pro.morningconsult.com/trackers/donald-trump-congress-policy-republicans-polling#01-04-2026,2026-08-31T16:27:41,2026-08-29T15:44:01
gen202youu3ai7u27,2026-generic-ballot,2026,generic-ballot,YouGov,The Economist,2026-01-02,2026-01-05,1551,a,Dem,Rep,39.0,32.0,7.0,False,,https://d3nkl3psvxxpe9.cloudfront.net/documents/econtoplines_EO7XvNO.pdf,2026-08-31T16:27:41,2026-08-29T15:44:01
gen202youurkrv24g,2026-generic-ballot,2026,generic-ballot,YouGov,The Economist,2026-01-02,2026-01-05,1389,rv,Dem,Rep,45.0,39.0,6.0,False,,https://d3nkl3psvxxpe9.cloudfront.net/documents/econtoplines_EO7XvNO.pdf,2026-08-31T16:27:41,2026-08-29T15:44:01
gen202rmg246nd3tm,2026-generic-ballot,2026,generic-ballot,RMG Research,Napolitan Institute,2026-01-05,2026-01-08,2000,rv,Dem,Rep,47.0,46.0,1.0,False,,https://napolitannews.org/posts/generic-ballot-gop-43-percent-dem-44#01-08-2026,2026-08-31T16:27:41,2026-08-29T15:44:01
gen202mor4n710c21,2026-generic-ballot,2026,generic-ballot,Morning Consult,,2026-01-09,2026-01-12,2201,rv,Dem,Rep,46.0,43.0,3.0,False,,https://pro.morningconsult.com/trackers/donald-trump-congress-policy-republicans-polling#01-12-2026,2026-08-31T16:27:41,2026-08-29T15:44:01
gen202you6o1nsb1w,2026-generic-ballot,2026,generic-ballot,YouGov,The Economist,2026-01-09,2026-01-12,1602,a,Dem,Rep,39.0,33.0,6.0,False,,https://d3nkl3psvxxpe9.cloudfront.net/documents/econtoplines_YpmxDW2.pdf,2026-08-31T16:27:41,2026-08-29T15:44:01
gen202you85czczs0,2026-generic-ballot,2026,generic-ballot,YouGov,The Economist,2026-01-09,2026-01-12,1437,rv,Dem,Rep,44.0,40.0,4.0,False,,https://d3nkl3psvxxpe9.cloudfront.net/documents/econtoplines_YpmxDW2.pdf,2026-08-31T16:27:41,2026-08-29T15:44:01
gen202moraq07xnwv,2026-generic-ballot,2026,generic-ballot,Morning Consult,,2026-01-05,2026-01-11,19675,rv,Dem,Rep,45.0,43.0,2.0,False,,https://pro.morningconsult.com/trackers/2026-midterm-election-generic-ballot-polls#01-11-2026,2026-08-31T16:27:41,2026-08-29T15:44:01
gen202ipshoed831k,2026-generic-ballot,2026,generic-ballot,Ipsos,Reuters,2026-01-12,2026-01-13,941,rv,Dem,Rep,40.0,38.0,2.0,False,,https://www.reuters.com/data/which-party-do-americans-want-run-congress-2025-11-05,2026-08-31T16:27:41,2026-08-29T15:44:01
gen202ips4ul5u7dr,2026-generic-ballot,2026,generic-ballot,Ipsos,Reuters,2026-01-12,2026-01-13,1217,a,Dem,Rep,35.0,32.0,3.0,False,,https://www.reuters.com/data/which-party-do-americans-want-run-congress-2025-11-05,2026-08-31T16:27:41,2026-08-29T15:44:01
gen202cyge6frdfy5,2026-generic-ballot,2026,generic-ballot,Cygnal,,2026-01-07,2026-01-08,1500,lv,Dem,Rep,48.0,45.0,3.0,False,,https://www.cygn.al/wp-content/uploads/2026/01/23520-Cygnal-National-Jan26-NVT-Deck-Public.pptx,2026-08-31T16:27:41,2026-08-29T15:44:01
gen202you0k6m7yg7,2026-generic-ballot,2026,generic-ballot,YouGov,Yahoo News,2026-01-08,2026-01-12,1148,rv,Dem,Rep,45.0,40.0,5.0,False,,https://www.scribd.com/document/980617250/Yahoo-YouGov-ICE-Poll-January-2026,2026-08-31T16:27:41,2026-08-29T15:44:01
gen202mord7yx3hp4,2026-generic-ballot,2026,generic-ballot,Morning Consult,,2026-01-19,2026-01-25,12505,rv,Dem,Rep,44.0,43.0,1.0,False,,https://pro.morningconsult.com/trackers/2026-midterm-election-generic-ballot-polls#01-25-2026,2026-08-31T16:27:41,2026-08-29T15:44:01
gen202younb0uckie,2026-generic-ballot,2026,generic-ballot,YouGov,The Economist,2026-01-23,2026-01-26,1684,a,Dem,Rep,38.0,35.0,3.0,False,,https://d3nkl3psvxxpe9.cloudfront.net/documents/econTabReport_8FWGyNz.pdf#page=83,2026-08-31T16:27:41,2026-08-29T15:44:01
gen202hary979p4hg,2026-generic-ballot,2026,generic-ballot,HarrisX/Harris Poll,Harvard CAPS,2026-01-28,2026-01-29,2000,lv,Dem,Rep,52.0,48.0,4.0,False,,https://harvardharrispoll.com/wp-content/uploads/2026/02/HHP_Jan2026_KeyResults.pdf,2026-08-31T16:27:41,2026-08-29T15:44:01
gen202pub1uzfis8x,2026-generic-ballot,2026,generic-ballot,Public Policy Polling,Progress Action Fund,2026-01-13,2026-01-14,597,rv,Dem,Rep,50.0,42.0,8.0,False,DEM,https://drive.google.com/file/d/1iHoieThBdqtE4vH3gDLGzOI334wGWU6_/view,2026-08-31T16:27:41,2026-08-29T15:44:01
gen202morfersg7h4,2026-generic-ballot,2026,generic-ballot,Morning Consult,,2026-01-30,2026-02-01,2201,rv,Dem,Rep,47.0,42.0,5.0,False,,https://pro.morningconsult.com/trackers/donald-trump-congress-policy-republicans-polling#02-01-2026,2026-08-31T16:27:41,2026-08-29T15:44:01
gen202joh415e61a2,2026-generic-ballot,2026,generic-ballot,John Zogby Strategies,,2026-02-04,2026-02-05,1000,lv,Dem,Rep,47.0,42.0,5.0,False,,https://johnzogbystrategies.com/democrats-lead-republicans-47-42-in-congressional-generic-poll,2026-08-31T16:27:41,2026-08-29T15:44:01
gen202mor52a53368,2026-generic-ballot,2026,generic-ballot,Morning Consult,,2026-02-02,2026-02-08,29303,rv,Dem,Rep,45.0,42.0,3.0,False,,https://pro.morningconsult.com/trackers/2026-midterm-election-generic-ballot-polls#02-08-2026,2026-08-31T16:27:41,2026-08-29T15:44:01
gen202youxi2k24mg,2026-generic-ballot,2026,generic-ballot,YouGov,The Economist,2026-02-06,2026-02-09,1730,a,Dem,Rep,39.0,31.0,8.0,False,,https://d3nkl3psvxxpe9.cloudfront.net/documents/econTabReport_vNnwPx2.pdf,2026-08-31T16:27:41,2026-08-29T15:44:01
gen202cyg0f4e4de6,2026-generic-ballot,2026,generic-ballot,Cygnal,,2026-02-03,2026-02-04,1500,lv,Dem,Rep,48.0,44.0,4.0,False,,https://www.cygn.al/wp-content/uploads/2026/02/23572-Cygnal-National-NVT-Feb26-Deck-Public.pdf,2026-08-31T16:27:41,2026-08-29T15:44:01
gen202foc331c995c,2026-generic-ballot,2026,generic-ballot,Focaldata,,2026-01-23,2026-01-26,2037,a,Dem,Rep,39.0,35.0,4.0,False,,https://www.focaldata.com/blog/cost-of-living-fuelling-democrat-strength-in-new-midterms-polling,2026-08-31T16:27:41,2026-08-29T15:44:01
gen202impbbhnd85v,2026-generic-ballot,2026,generic-ballot,Impact Research/National Research,The Wall Street Journal,2026-01-08,2026-01-13,1500,rv,Dem,Rep,47.0,43.0,4.0,False,,https://www.wsj.com/politics/elections/trump-approval-rating-economy-poll-b3a62e57,2026-08-31T16:27:41,2026-08-29T15:44:01
gen202cnnv1jpahum,2026-generic-ballot,2026,generic-ballot,CNN/SSRS,,2026-01-09,2026-01-12,968,rv,Dem,Rep,46.0,41.0,5.0,False,,https://s3.documentcloud.org/documents/26491962/cnn-poll-conducted-by-ssrs-2026-midterms-congress.pdf,2026-08-31T16:27:41,2026-08-29T15:44:01
gen202moreswt9ang,2026-generic-ballot,2026,generic-ballot,Morning Consult,,2026-01-12,2026-01-18,12505,rv,Dem,Rep,44.0,42.0,2.0,False,,https://pro.morningconsult.com/trackers/2026-midterm-election-generic-ballot-polls#01-18-2026,2026-08-31T16:27:41,2026-08-29T15:44:01
gen202youaopgshld,2026-generic-ballot,2026,generic-ballot,YouGov,The Economist,2026-01-16,2026-01-19,1722,a,Dem,Rep,39.0,34.0,5.0,False,,https://d3nkl3psvxxpe9.cloudfront.net/documents/econtoplines_ZEHeJBk.pdf,2026-08-31T16:27:41,2026-08-29T15:44:01
gen202youljd2lcjf,2026-generic-ballot,2026,generic-ballot,YouGov,The Economist,2026-01-16,2026-01-19,1549,rv,Dem,Rep,43.0,39.0,4.0,False,,https://d3nkl3psvxxpe9.cloudfront.net/documents/econtoplines_ZEHeJBk.pdf,2026-08-31T16:27:41,2026-08-29T15:44:01
gen202eme0v5i59it,2026-generic-ballot,2026,generic-ballot,Emerson College,,2026-01-17,2026-01-19,1000,lv,Dem,Rep,48.1,41.7,6.4,False,,https://docs.google.com/spreadsheets/d/1JN0akF_-HHyL8gVAeNm-y7r4cmyJqRsB/edit?rtpof=true&sd=true&gid=1734735931#gid=1734735931,2026-08-31T16:27:41,2026-08-29T15:44:01
gen202thebetxq9n0,2026-generic-ballot,2026,generic-ballot,The New York Times/Siena College,,2026-01-12,2026-01-17,1625,rv,Dem,Rep,48.0,43.0,5.0,False,,https://www.nytimes.com/interactive/2026/01/22/polls/times-siena-national-poll-crosstabs.html,2026-08-31T16:27:41,2026-08-29T15:44:01
gen202morhrb08nk6,2026-generic-ballot,2026,generic-ballot,Morning Consult,,2026-01-16,2026-01-18,2201,rv,Dem,Rep,45.0,43.0,2.0,False,,https://pro.morningconsult.com/trackers/donald-trump-congress-policy-republicans-polling#01-18-2026,2026-08-31T16:27:41,2026-08-29T15:44:01
gen202verd43ch8uz,2026-generic-ballot,2026,generic-ballot,Verasight,Strength In Numbers,2026-01-14,2026-01-20,,rv,Dem,Rep,51.0,43.0,8.0,False,,https://www.gelliottmorris.com/p/new-poll-trump-slips-on-immigration,2026-08-31T16:27:41,2026-08-29T15:44:01
gen202qua9n11067c,2026-generic-ballot,2026,generic-ballot,Quantus Insights,,2026-01-20,2026-01-22,1000,rv,Dem,Rep,47.2,40.7,6.5,False,,https://v0-quantus-insights-website.vercel.app/polls/2601412-weighted-ziw7630t?tab=toplines,2026-08-31T16:27:41,2026-08-29T15:44:01
gen202ras4513ks5s,2026-generic-ballot,2026,generic-ballot,Rasmussen Reports,,2026-01-07,2026-01-08,2273,lv,Dem,Rep,47.0,41.0,6.0,False,,https://data.ddhq.io/polls/2026/01/19/Rasmussen-Reports-National,2026-08-31T16:27:41,2026-08-29T15:44:01
gen202reszwfu9xpw,2026-generic-ballot,2026,generic-ballot,Research Co.,,2026-01-13,2026-01-15,1002,a,Dem,Rep,42.0,36.0,6.0,False,,https://researchco.ca/2026/01/26/amendment,2026-08-31T16:27:41,2026-08-29T15:44:01
gen202echg6wqrhp3,2026-generic-ballot,2026,generic-ballot,Echelon Insights,,2026-01-22,2026-01-26,1029,lv,Dem,Rep,49.0,44.0,5.0,False,,https://echelonin.wpenginepowered.com/wp-content/uploads/January-2026-Voter-Omnibus-Topline.pdf,2026-08-31T16:27:41,2026-08-29T15:44:01
gen202ipst0vqxwzr,2026-generic-ballot,2026,generic-ballot,Ipsos,Reuters,2026-01-23,2026-01-25,906,rv,Dem,Rep,41.0,37.0,4.0,False,,https://www.reuters.com/data/trumps-approval-rating-2025-01-21,2026-08-31T16:27:41,2026-08-29T15:44:01
gen202mor40wu93uh,2026-generic-ballot,2026,generic-ballot,Morning Consult,,2026-01-23,2026-01-25,2201,rv,Dem,Rep,45.0,43.0,2.0,False,,https://pro.morningconsult.com/trackers/donald-trump-congress-policy-republicans-polling#01-25-2026,2026-08-31T16:27:41,2026-08-29T15:44:01
gen202bea1zjzpg64,2026-generic-ballot,2026,generic-ballot,Beacon Research/Shaw & Co. Research,Fox News,2026-01-23,2026-01-26,1005,rv,Dem,Rep,52.0,46.0,6.0,False,,https://static.foxnews.com/foxnews.com/content/uploads/2026/01/fox_january-23-26_national_topline_january-28-release.pdf,2026-08-31T16:27:41,2026-08-29T15:44:01
gen202kffnllpfo8t,2026-generic-ballot,2026,generic-ballot,KFF,,2026-01-13,2026-01-20,1141,rv,Dem,Rep,49.0,42.0,7.0,False,,https://files.kff.org/attachment/topline-kff-health-tracking-poll-jan-2026.pdf,2026-08-31T16:27:41,2026-08-29T15:44:01
gen202thew0pr38sc,2026-generic-ballot,2026,generic-ballot,The Argument/Verasight,,2026-01-26,2026-01-27,,lv,Dem,Rep,55.0,45.0,10.0,False,,https://www.theargumentmag.com/p/immigration-is-turning-into-a-disaster,2026-08-31T16:27:41,2026-08-29T15:44:01
gen202theea14xh0m,2026-generic-ballot,2026,generic-ballot,The Argument/Verasight,,2026-01-26,2026-01-27,1515,rv,Dem,Rep,52.0,48.0,4.0,False,,https://www.theargumentmag.com/p/immigration-is-turning-into-a-disaster,2026-08-31T16:27:41,2026-08-29T15:44:01
gen202pub1eunsp9r,2026-generic-ballot,2026,generic-ballot,Public Policy Polling,,2026-01-29,2026-01-30,652,rv,Dem,Rep,48.0,41.0,7.0,False,,https://e1.nmcdn.io/assets/ppp/wp-content/uploads/2026/01/January2026NationalSurvey.pdf,2026-08-31T16:27:41,2026-08-29T15:44:01
gen202cyggq1ns3i7,2026-generic-ballot,2026,generic-ballot,Cygnal,,2026-01-27,2026-01-28,1004,lv,Dem,Rep,48.0,44.0,4.0,False,,https://www.cygn.al/wp-content/uploads/2026/02/Cygnal-Deportation-Poll-Data.pdf,2026-08-31T16:27:41,2026-08-29T15:44:01
gen202mar1mmhk54j,2026-generic-ballot,2026,generic-ballot,Marquette University Law School,,2026-01-21,2026-01-28,1003,a,Dem,Rep,45.0,39.0,6.0,False,,https://law.marquette.edu/assets/community/poll/MLSPSC30/MLSPSC30Crosstabs_NationalIssues.html,2026-08-31T16:27:41,2026-08-29T15:44:01
gen202marfa6kqh0m,2026-generic-ballot,2026,generic-ballot,Marquette University Law School,,2026-01-21,2026-01-28,869,rv,Dem,Rep,48.0,44.0,4.0,False,,https://law.marquette.edu/assets/community/poll/MLSPSC30/MLSPSC30Crosstabs_NationalIssues.html,2026-08-31T16:27:41,2026-08-29T15:44:01
gen202maro1vul0lx,2026-generic-ballot,2026,generic-ballot,Marquette University Law School,,2026-01-21,2026-01-28,577,lv,Dem,Rep,52.0,45.0,7.0,False,,https://law.marquette.edu/assets/community/poll/MLSPSC30/MLSPSC30Crosstabs_NationalIssues.html,2026-08-31T16:27:41,2026-08-29T15:44:01
gen202you8d2cimjg,2026-generic-ballot,2026,generic-ballot,YouGov,The Economist,2026-01-30,2026-02-02,1504,rv,Dem,Rep,44.0,40.0,4.0,False,,https://d3nkl3psvxxpe9.cloudfront.net/documents/econTabReport_DDIQ8jz.pdf,2026-08-31T16:27:41,2026-08-29T15:44:01
gen202yougccmqau9,2026-generic-ballot,2026,generic-ballot,YouGov,The Economist,2026-01-30,2026-02-02,1672,a,Dem,Rep,36.0,34.0,2.0,False,,https://d3nkl3psvxxpe9.cloudfront.net/documents/econTabReport_DDIQ8jz.pdf,2026-08-31T16:27:41,2026-08-29T15:44:01
gen202mcl0f670da2,2026-generic-ballot,2026,generic-ballot,McLaughlin & Associates,,2026-01-21,2026-01-27,1000,lv,Dem,Rep,46.0,44.0,2.0,False,,https://mclaughlinonline.com/pols/wp-content/uploads/2026/02/National-January-2026-Presentation-RELEASE-1-1.pdf,2026-08-31T16:27:41,2026-08-29T15:44:01
gen202mor8d572fd0,2026-generic-ballot,2026,generic-ballot,Morning Consult,,2026-01-26,2026-02-01,12505,rv,Dem,Rep,44.0,42.0,2.0,False,,https://pro.morningconsult.com/trackers/2026-midterm-election-generic-ballot-polls#02-01-2026,2026-08-31T16:27:41,2026-08-29T15:44:01
gen202youc4u7dikt,2026-generic-ballot,2026,generic-ballot,YouGov,The Economist,2026-02-06,2026-02-09,1551,rv,Dem,Rep,44.0,38.0,6.0,False,,https://d3nkl3psvxxpe9.cloudfront.net/documents/econTabReport_vNnwPx2.pdf,2026-08-31T16:27:41,2026-08-29T15:44:01
gen202ech6dc8bbee,2026-generic-ballot,2026,generic-ballot,Echelon Insights/GBAO,AARP,2025-12-09,2025-12-16,2023,lv,Dem,Rep,47.0,43.0,4.0,False,,https://www.aarp.org/content/dam/aarp/research/topics/work-finances-retirement/financial-security-retirement/shes-the-difference-financial-security-annotated-questionnaire.doi.10.26419-2fres.01033.002.pdf,2026-08-31T16:27:41,2026-08-29T15:44:01
gen202foc9688c25e,2026-generic-ballot,2026,generic-ballot,Focaldata,,2026-02-10,2026-02-10,,lv,Dem,Rep,51.0,44.0,7.0,False,,https://www.focaldata.com/blog/cost-of-living-fuelling-democrat-strength-in-new-midterms-polling,2026-08-31T16:27:41,2026-08-29T15:44:01
gen202focec036b61,2026-generic-ballot,2026,generic-ballot,Focaldata,,2026-02-10,2026-02-10,,rv,Dem,Rep,46.0,42.0,4.0,False,,https://www.focaldata.com/blog/cost-of-living-fuelling-democrat-strength-in-new-midterms-polling,2026-08-31T16:27:41,2026-08-29T15:44:01
gen202foc64195cbb,2026-generic-ballot,2026,generic-ballot,Focaldata,,2026-02-10,2026-02-10,1148,a,Dem,Rep,42.0,38.0,4.0,False,,https://www.focaldata.com/blog/cost-of-living-fuelling-democrat-strength-in-new-midterms-polling,2026-08-31T16:27:41,2026-08-29T15:44:01
gen202rmg8840c11c,2026-generic-ballot,2026,generic-ballot,RMG Research,,2026-02-09,2026-02-12,2000,rv,Dem,Rep,45.0,47.0,-2.0,False,,https://napolitannews.org/posts/generic-ballot-gop-44-percent-dem-41-but-dems-more-enthusiastic#02-12-2026,2026-08-31T16:27:41,2026-08-29T15:44:01
gen202qua250cbc5a,2026-generic-ballot,2026,generic-ballot,Quantus Insights,,2026-02-12,2026-02-13,1515,lv,Dem,Rep,48.0,42.0,6.0,False,,https://drive.google.com/file/d/1oJf00_QCTUCxMvNoNnRMRKj97lQ5S5pP/view,2026-08-31T16:27:41,2026-08-29T15:44:01
gen202tip00f8b387,2026-generic-ballot,2026,generic-ballot,TIPP Insights,Issues & Insights,2026-01-27,2026-01-29,1126,rv,Dem,Rep,45.0,42.0,3.0,False,,https://issuesinsights.com/2026/02/16/who-leads-in-2028-presidential-race-and-in-2026-midterm-elections-ii-tipp-poll,2026-08-31T16:27:41,2026-08-29T15:44:01
gen202thea1c3940a,2026-generic-ballot,2026,generic-ballot,The Argument/Verasight,,2026-02-04,2026-02-10,3003,rv,Dem,Rep,53.0,47.0,6.0,False,,https://www.theargumentmag.com/p/the-trans-rights-backlash-is-real,2026-08-31T16:27:41,2026-08-29T15:44:01
gen202the46f080ee,2026-generic-ballot,2026,generic-ballot,The Argument/Verasight,,2026-02-04,2026-02-10,,lv,Dem,Rep,53.0,47.0,6.0,False,,https://www.theargumentmag.com/p/the-trans-rights-backlash-is-real,2026-08-31T16:27:41,2026-08-29T15:44:01
gen202you396f2cec,2026-generic-ballot,2026,generic-ballot,YouGov,The Economist,2026-02-13,2026-02-16,1509,rv,Dem,Rep,47.0,40.0,7.0,False,,https://d3nkl3psvxxpe9.cloudfront.net/documents/econTabReport_usZL1Jt.pdf,2026-08-31T16:27:41,2026-08-29T15:44:01
gen202you519cb5b0,2026-generic-ballot,2026,generic-ballot,YouGov,The Economist,2026-02-13,2026-02-16,1682,a,Dem,Rep,39.0,33.0,6.0,False,,https://d3nkl3psvxxpe9.cloudfront.net/documents/econTabReport_usZL1Jt.pdf,2026-08-31T16:27:41,2026-08-29T15:44:01
gen202mor0b96b326,2026-generic-ballot,2026,generic-ballot,Morning Consult,,2026-02-06,2026-02-09,2200,rv,Dem,Rep,45.0,41.0,4.0,False,,https://pro.morningconsult.com/trackers/donald-trump-congress-policy-republicans-polling#02-09-2026,2026-08-31T16:27:41,2026-08-29T15:44:01
gen202ips5480e8db,2026-generic-ballot,2026,generic-ballot,Ipsos,Reuters,2026-02-13,2026-02-16,846,rv,Dem,Rep,41.0,37.0,4.0,False,,https://www.reuters.com/world/us/trumps-immigration-approval-hits-new-low-according-reutersipsos-poll-2026-02-17,2026-08-31T16:27:41,2026-08-29T15:44:01
gen202ips1b69c5aa,2026-generic-ballot,2026,generic-ballot,Ipsos,Reuters,2026-02-13,2026-02-16,1117,a,Dem,Rep,36.0,32.0,4.0,False,,https://www.reuters.com/world/us/trumps-immigration-approval-hits-new-low-according-reutersipsos-poll-2026-02-17,2026-08-31T16:27:41,2026-08-29T15:44:01
gen202you0acd1884,2026-generic-ballot,2026,generic-ballot,YouGov,Yahoo News,2026-02-09,2026-02-12,1149,rv,Dem,Rep,44.0,41.0,3.0,False,,https://www.yahoo.com/news/politics/article/poll-trumps-approval-rating-hits-new-low-as-immigration-backlash-grows-and-ice-withdraws-from-minnesota-204723473.html,2026-08-31T16:27:41,2026-08-29T15:44:01
gen202bigc1d4e27a,2026-generic-ballot,2026,generic-ballot,Big Data Poll,1776 Law Center,2026-02-16,2026-02-18,1805,lv,Dem,Rep,50.0,41.3,8.7,False,,https://application.marketsight.com/app/ItemView.aspx?SharedFor=public%40bigdatapoll.com&SharedBy=34090&id=85c98324-ccc5-43dc-93e6-b3f60172d1fe,2026-08-31T16:27:41,2026-08-29T15:44:01
gen202big82c2050f,2026-generic-ballot,2026,generic-ballot,Big Data Poll,1776 Law Center,2026-02-16,2026-02-18,2012,rv,Dem,Rep,48.2,40.0,8.2,False,,https://application.marketsight.com/app/ItemView.aspx?SharedFor=public%40bigdatapoll.com&SharedBy=34090&id=85c98324-ccc5-43dc-93e6-b3f60172d1fe,2026-08-31T16:27:41,2026-08-29T15:44:01
gen202ech2aa40d74,2026-generic-ballot,2026,generic-ballot,Echelon Insights,,2026-02-19,2026-02-23,1002,lv,Dem,Rep,50.0,46.0,4.0,False,,https://docs.google.com/spreadsheets/d/1m0IKbqTOxjH_xFQu7I8JTQeIqildMiyY/edit?rtpof=true&sd=true,2026-08-31T16:27:41,2026-08-29T15:44:01
gen202verb7bf02d2,2026-generic-ballot,2026,generic-ballot,Verasight,Strength In Numbers,2026-02-18,2026-02-20,1401,rv,Dem,Rep,52.0,42.0,10.0,False,,https://www.gelliottmorris.com/p/ahead-of-state-of-the-union-address,2026-08-31T16:27:41,2026-08-29T15:44:01
gen202verb8fa684b,2026-generic-ballot,2026,generic-ballot,Verasight,Strength In Numbers,2026-02-18,2026-02-20,1566,a,Dem,Rep,50.0,40.0,10.0,False,,https://www.gelliottmorris.com/p/ahead-of-state-of-the-union-address,2026-08-31T16:27:41,2026-08-29T15:44:01
gen202bow961d6eac,2026-generic-ballot,2026,generic-ballot,Bowling Green State University/YouGov,,2026-02-13,2026-02-18,1200,rv,Dem,Rep,49.0,41.0,8.0,False,,https://scholarworks.bgsu.edu/cgi/viewcontent.cgi?article=1017&context=depo,2026-08-31T16:27:41,2026-08-29T15:44:01
gen202ips899bee43,2026-generic-ballot,2026,generic-ballot,Ipsos,Reuters,2026-02-18,2026-02-23,3686,rv,Dem,Rep,40.0,38.0,2.0,False,,https://www.reuters.com/world/us/most-americans-say-trump-is-growing-erratic-with-age-reutersipsos-poll-finds-2026-02-24,2026-08-31T16:27:41,2026-08-29T15:44:01
gen202tald5d533fb,2026-generic-ballot,2026,generic-ballot,Talker Research,Scripps News,2026-02-13,2026-02-19,1000,a,Dem,Rep,42.0,36.0,6.0,False,,https://www.scrippsnews.com/politics/scripps-news-talker-research-poll-high-interest-in-state-of-the-union-amid-economic-worries,2026-08-31T16:27:41,2026-08-29T15:44:01
gen202ipsb162ebc2,2026-generic-ballot,2026,generic-ballot,Ipsos,ABC News|The Washington Post,2026-02-12,2026-02-17,2087,rv,Dem,Rep,47.0,45.0,2.0,False,,https://www.washingtonpost.com/politics/2026/02/25/poll-democrats-trump-republicans-midterms,2026-08-31T16:27:41,2026-08-29T15:44:01
gen202mor077806f2,2026-generic-ballot,2026,generic-ballot,Morning Consult,,2026-02-20,2026-02-22,2202,rv,Dem,Rep,46.0,42.0,4.0,False,,https://pro.morningconsult.com/trackers/donald-trump-congress-policy-republicans-polling#02-22-2026,2026-08-31T16:27:41,2026-08-29T15:44:01
gen202youf1935f54,2026-generic-ballot,2026,generic-ballot,YouGov,The Economist,2026-02-20,2026-02-23,1402,rv,Dem,Rep,45.0,41.0,4.0,False,,https://yougov.com/en-us/articles/54156-two-thirds-independents-disapprove-donald-trump-job-performance-february-20-23-2026-economist-yougov-poll,2026-08-31T16:27:41,2026-08-29T15:44:01
gen202emed204ed40,2026-generic-ballot,2026,generic-ballot,Emerson College,,2026-02-21,2026-02-22,1000,lv,Dem,Rep,50.4,42.4,8.0,False,,https://docs.google.com/spreadsheets/d/1SS_Vfa-SArcPFS60SmvpIB-kd_sakjcX/edit?rtpof=true&sd=true,2026-08-31T16:27:41,2026-08-29T15:44:01
gen202the940ca850,2026-generic-ballot,2026,generic-ballot,The Winston Group,Winning the Issues,2026-01-08,2026-01-12,1000,rv,Dem,Rep,46.0,43.0,3.0,False,REP,https://www.winningtheissues.org/wp-content/uploads/2026/01/January-2026-WTI-Survey.pdf,2026-08-31T16:27:41,2026-08-29T15:44:01
gen202mor18c3ca3c,2026-generic-ballot,2026,generic-ballot,Morning Consult,,2026-02-16,2026-02-22,26087,rv,Dem,Rep,45.0,42.0,3.0,False,,https://pro.morningconsult.com/trackers/2026-midterm-election-generic-ballot-polls#02-22-2026,2026-08-31T16:27:41,2026-08-29T15:44:01
gen202pen573f413b,2026-generic-ballot,2026,generic-ballot,Pennsylvania State University McCourtney Institute for Democracy/YouGov,,2026-05-19,2026-05-26,862,rv,Dem,Rep,41.0,37.0,4.0,False,,https://democracy.psu.edu/wp-content/uploads/sites/14/2026/06/MOTN-GoodJobJune2026v2.pdf,2026-08-31T16:27:41,2026-08-29T15:44:01
gen202youc7574fda,2026-generic-ballot,2026,generic-ballot,YouGov,The Economist,2026-02-20,2026-02-23,1402,rv,Dem,Rep,45.0,41.0,4.0,False,,https://yougov.com/en-us/articles/54156-two-thirds-independents-disapprove-donald-trump-job-performance-february-20-23-2026-economist-yougov-poll,2026-08-31T16:27:41,2026-08-29T15:44:01
gen202you4cb58744,2026-generic-ballot,2026,generic-ballot,YouGov,The Economist,2026-02-20,2026-02-23,1551,a,Dem,Rep,39.0,34.0,5.0,False,,https://yougov.com/en-us/articles/54156-two-thirds-independents-disapprove-donald-trump-job-performance-february-20-23-2026-economist-yougov-poll,2026-08-31T16:27:41,2026-08-29T15:44:01
gen202moredea7e96,2026-generic-ballot,2026,generic-ballot,Morning Consult,,2026-02-09,2026-02-15,12505,rv,Dem,Rep,45.0,42.0,3.0,False,,https://pro.morningconsult.com/trackers/2026-midterm-election-generic-ballot-polls#02-15-2026,2026-08-31T16:27:41,2026-08-29T15:44:01
gen202the06ea19a9,2026-generic-ballot,2026,generic-ballot,The Winston Group,Winning the Issues,2025-08-30,2025-09-01,1000,rv,Dem,Rep,47.0,43.0,4.0,False,REP,https://www.winningtheissues.org/wp-content/uploads/2026/01/August-2025-WTI-Survey.pdf,2026-08-31T16:27:41,2026-08-29T15:44:01
gen202the5055eb68,2026-generic-ballot,2026,generic-ballot,The Winston Group,Winning the Issues,2025-10-15,2025-10-16,1000,rv,Dem,Rep,47.0,43.0,4.0,False,REP,https://www.winningtheissues.org/wp-content/uploads/2026/01/October-2025-WTI-National-Survey.pdf,2026-08-31T16:27:41,2026-08-29T15:44:01
gen202theaccdd393,2026-generic-ballot,2026,generic-ballot,The Winston Group,Winning the Issues,2025-11-15,2025-11-17,1000,rv,Dem,Rep,47.0,42.0,5.0,False,REP,https://www.winningtheissues.org/wp-content/uploads/2026/01/November-2025-WTI-Survey.pdf,2026-08-31T16:27:41,2026-08-29T15:44:01
gen202thef6d37a30,2026-generic-ballot,2026,generic-ballot,The Public Sentiment Institute,,2026-02-28,2026-02-28,249,lv,Dem,Rep,50.0,41.0,9.0,False,,https://docs.google.com/spreadsheets/d/1m40rnoHyDTHRmVYF9mYbAjKrriNucbiqzlIO_4nAq_w/edit?gid=1327702577#gid=1327702577,2026-08-31T16:27:41,2026-08-29T15:44:01
gen202theb66b8abe,2026-generic-ballot,2026,generic-ballot,The Public Sentiment Institute,,2026-02-28,2026-02-28,316,rv,Dem,Rep,41.0,33.0,8.0,False,,https://docs.google.com/spreadsheets/d/1m40rnoHyDTHRmVYF9mYbAjKrriNucbiqzlIO_4nAq_w/edit?gid=1327702577#gid=1327702577,2026-08-31T16:27:41,2026-08-29T15:44:01
gen202qua5fec4b64,2026-generic-ballot,2026,generic-ballot,Quantus Insights,,2026-03-02,2026-03-03,1624,lv,Dem,Rep,48.0,42.0,6.0,False,,https://docs.google.com/spreadsheets/d/1XX2nY6R87uXlb0Ii-pcL9gFyM284UKRf/edit?gid=1938592910#gid=1938592910,2026-08-31T16:27:41,2026-08-29T15:44:01
gen202ips5a0ed2e7,2026-generic-ballot,2026,generic-ballot,Ipsos,Reuters,2026-02-18,2026-02-23,3686,rv,Dem,Rep,40.0,38.0,2.0,False,,https://www.ipsos.com/sites/default/files/ct/news/documents/2026-03/Reuters%20Ipsos%20Large%20Issue%20Topline%20Feb%202026.pdf,2026-08-31T16:27:41,2026-08-29T15:44:01
gen202ipse467faa1,2026-generic-ballot,2026,generic-ballot,Ipsos,Reuters,2026-02-18,2026-02-23,4638,a,Dem,Rep,35.0,32.0,3.0,False,,https://www.ipsos.com/sites/default/files/ct/news/documents/2026-03/Reuters%20Ipsos%20Large%20Issue%20Topline%20Feb%202026.pdf,2026-08-31T16:27:41,2026-08-29T15:44:01
gen202you70d22b71,2026-generic-ballot,2026,generic-ballot,YouGov,The Economist,2026-02-27,2026-03-02,1366,rv,Dem,Rep,45.0,41.0,4.0,False,,https://d3nkl3psvxxpe9.cloudfront.net/documents/econTabReport_ubu5DXD.pdf#page=62,2026-08-31T16:27:41,2026-08-29T15:44:01
gen202you38c2a9ca,2026-generic-ballot,2026,generic-ballot,YouGov,The Economist,2026-02-27,2026-03-02,1515,a,Dem,Rep,40.0,33.0,7.0,False,,https://d3nkl3psvxxpe9.cloudfront.net/documents/econTabReport_ubu5DXD.pdf#page=62,2026-08-31T16:27:41,2026-08-29T15:44:01
gen202you5d81f482,2026-generic-ballot,2026,generic-ballot,YouGov,CBS News,2026-02-25,2026-02-27,1523,rv,Dem,Rep,45.0,40.0,5.0,False,,https://assets1.cbsnewsstatic.com/hub/cms/prod_cms_alt/file/2026/03/02/19e472d6-ce4d-4193-b4cc-0e5086fb97f7/cbsnews_20260301_parties-tues.pdf,2026-08-31T16:27:41,2026-08-29T15:44:01
gen202harb82e0a2b,2026-generic-ballot,2026,generic-ballot,HarrisX/Harris,Harvard CAPS,2026-02-25,2026-02-26,,lv,Dem,Rep,50.0,50.0,0.0,False,,https://harvardharrispoll.com/wp-content/uploads/2026/03/HHP_Feb2026_KeyResults_Mon.pdf,2026-08-31T16:27:41,2026-08-29T15:44:01
gen202har6b357806,2026-generic-ballot,2026,generic-ballot,HarrisX/Harris,Harvard CAPS,2026-02-25,2026-02-26,1999,rv,Dem,Rep,50.0,50.0,0.0,False,,https://harvardharrispoll.com/wp-content/uploads/2026/03/HHP_Feb2026_KeyResults_Mon.pdf,2026-08-31T16:27:41,2026-08-29T15:44:01
gen202gra10f7957a,2026-generic-ballot,2026,generic-ballot,Grayhouse,America One Policies,2025-07-27,2025-07-29,2000,rv,Dem,Rep,47.0,44.0,3.0,False,REP,https://cdn.prod.website-files.com/5d02aaade6188137a65c8441/6894e3bfba25e36f2fad12de_OBBB%20Message%20Testing%20Full.pdf,2026-08-31T16:27:41,2026-08-29T15:44:01
gen202gra16882fe7,2026-generic-ballot,2026,generic-ballot,Grayhouse,America One Policies,2025-12-06,2025-12-08,2058,rv,Dem,Rep,45.0,41.0,4.0,False,REP,https://cdn.prod.website-files.com/5d02aaade6188137a65c8441/69407765111c88bd09a7f919_Senate%20Healthcare%20Polling%20Deck.pdf,2026-08-31T16:27:41,2026-08-29T15:44:01
gen202gra2275cae0,2026-generic-ballot,2026,generic-ballot,Grayhouse,America One Policies,2026-02-20,2026-02-23,1394,rv,Dem,Rep,43.0,40.0,3.0,False,REP,https://cdn.prod.website-files.com/5d02aaade6188137a65c8441/69a9b8dd9009aa1372749a66_Iran%20and%20Affordability%20Deck_0305.pdf,2026-08-31T16:27:41,2026-08-29T15:44:01
gen202rmg6e270e3b,2026-generic-ballot,2026,generic-ballot,RMG Research,Napolitan Institute,2026-03-02,2026-03-05,2000,rv,Dem,Rep,46.0,46.0,0.0,False,,https://napolitannews.org/posts/generic-ballot-dem-44-percent-gop-43-dems-also-more-enthusiastic,2026-08-31T16:27:41,2026-08-29T15:44:01
gen202cyg042f1e59,2026-generic-ballot,2026,generic-ballot,Cygnal,American Principles Project,2026-02-24,2026-02-26,1048,lv,Dem,Rep,48.0,45.0,3.0,False,REP,https://act.americanprinciplesproject.org/p/protect-kids-online/results?access=press,2026-08-31T16:27:41,2026-08-29T15:44:01
gen202hard90e1273,2026-generic-ballot,2026,generic-ballot,Hart Research Associates/Public Opinion Strategies,NBC News,2026-02-27,2026-03-03,1000,rv,Dem,Rep,50.0,44.0,6.0,False,,https://s3.documentcloud.org/documents/27777984/nbc-news-march-2026-poll-03-08-2024-release-final.pdf,2026-08-31T16:27:41,2026-08-29T15:44:01
gen202mar4e24ed15,2026-generic-ballot,2026,generic-ballot,Marist University,NPR|PBS News,2026-03-02,2026-03-04,1392,rv,Dem,Rep,53.0,44.0,9.0,False,,https://maristpoll.marist.edu/wp-content/uploads/2026/03/NPR_PBS-News_Marist-Poll_USA-NOS-and-Tables_202603091024.pdf,2026-08-31T16:27:41,2026-08-29T15:44:01
gen202pen388f5658,2026-generic-ballot,2026,generic-ballot,Pennsylvania State University McCourtney Institute for Democracy/YouGov,,2026-02-18,2026-02-23,824,rv,Dem,Rep,42.0,37.0,5.0,False,,https://democracy.psu.edu/wp-content/uploads/sites/14/2026/03/MOTN-GenericBallotFeb2026.pdf,2026-08-31T16:27:41,2026-08-29T15:44:01
gen202youa693623d,2026-generic-ballot,2026,generic-ballot,YouGov,The Economist,2026-03-06,2026-03-09,1405,rv,Dem,Rep,45.0,42.0,3.0,False,,https://d3nkl3psvxxpe9.cloudfront.net/documents/econTabReport_EcCnfRV.pdf#page=50,2026-08-31T16:27:41,2026-08-29T15:44:01
gen202you0dee45a4,2026-generic-ballot,2026,generic-ballot,YouGov,The Economist,2026-03-06,2026-03-09,1563,a,Dem,Rep,40.0,36.0,4.0,False,,https://d3nkl3psvxxpe9.cloudfront.net/documents/econTabReport_EcCnfRV.pdf#page=50,2026-08-31T16:27:41,2026-08-29T15:44:01
gen202cyg91511465,2026-generic-ballot,2026,generic-ballot,Cygnal,,2026-03-03,2026-03-04,1500,lv,Dem,Rep,49.0,45.0,4.0,False,,https://www.cygn.al/wp-content/uploads/2026/03/23673-Cygnal-National-Mar26-NVT-Deck-Public.pdf,2026-08-31T16:27:41,2026-08-29T15:44:01
gen202mor4108c1ef,2026-generic-ballot,2026,generic-ballot,Morning Consult,,2026-03-06,2026-03-08,2202,rv,Dem,Rep,47.0,43.0,4.0,False,,https://pro.morningconsult.com/trackers/donald-trump-congress-policy-republicans-polling#03-08-2026,2026-08-31T16:27:41,2026-08-29T15:44:01
gen202foccaecc3f9,2026-generic-ballot,2026,generic-ballot,Focaldata,,2026-03-06,2026-03-10,1534,rv,Dem,Rep,48.0,42.0,6.0,False,,https://www.focaldata.com/blog/democrats-increase-lead-and-rubio-stock-surges-amid-iran-war,2026-08-31T16:27:41,2026-08-29T15:44:01
gen202foc4dadf601,2026-generic-ballot,2026,generic-ballot,Focaldata,,2026-03-06,2026-03-10,1782,a,Dem,Rep,45.0,39.0,6.0,False,,https://www.focaldata.com/blog/democrats-increase-lead-and-rubio-stock-surges-amid-iran-war,2026-08-31T16:27:41,2026-08-29T15:44:01
gen202tipce47db1a,2026-generic-ballot,2026,generic-ballot,TIPP Insights,,2026-02-24,2026-02-27,1264,rv,Dem,Rep,46.0,44.0,2.0,False,,https://tippinsights.com/americas-stalemate,2026-08-31T16:27:41,2026-08-29T15:44:01
gen202mclb94b7c24,2026-generic-ballot,2026,generic-ballot,McLaughlin & Associates,,2026-03-04,2026-03-09,1000,lv,Dem,Rep,47.0,43.0,4.0,False,,https://mclaughlinonline.com/pols/wp-content/uploads/2026/03/National-March-Presentation-RELEASE-03-10-26.pdf,2026-08-31T16:27:41,2026-08-29T15:44:01
gen202nob842fb127,2026-generic-ballot,2026,generic-ballot,Noble Predictive Insights,The Center Square,2026-03-02,2026-03-05,2659,rv,Dem,Rep,44.0,43.0,1.0,False,,https://www.thecentersquare.com/national/article_c3795c17-be14-4566-a625-eb38b4ffc1bf.html,2026-08-31T16:27:41,2026-08-29T15:44:01
gen202cla8ed0b7c5,2026-generic-ballot,2026,generic-ballot,Clarity Campaign Labs,,2026-02-26,2026-03-07,1004,lv,Dem,Rep,47.0,43.0,4.0,False,,https://www.claritycampaigns.com/clarity-omnibus-2026-mar,2026-08-31T16:27:41,2026-08-29T15:44:01
gen202echa62b259e,2026-generic-ballot,2026,generic-ballot,Echelon Insights,,2026-03-12,2026-03-16,1033,lv,Dem,Rep,49.0,44.0,5.0,False,,https://docs.google.com/spreadsheets/d/1KWEl_e6oGvnVZFbCnbJjk9MHy9OAE0y_/edit?gid=537850620#gid=537850620,2026-08-31T16:27:41,2026-08-29T15:44:01
gen202the6afca19c,2026-generic-ballot,2026,generic-ballot,The Bullfinch Group,,2026-05-29,2026-06-02,1200,a,Dem,Rep,41.0,34.0,7.0,False,,https://www.thebullfinchgroup.com/post/public-release-of-bullfinch-q2-nationwide-survey-4,2026-08-31T16:27:41,2026-08-29T15:44:01
gen202rmg8b19cf0c,2026-generic-ballot,2026,generic-ballot,RMG Research,Napolitan Institute,2026-06-01,2026-06-04,2000,rv,Dem,Rep,49.0,45.0,4.0,False,,https://napolitannews.org/posts/generic-ballot-dem-49-percent-gop-45-dems-more-enthusiastic,2026-08-31T16:27:41,2026-08-29T15:44:01
gen202mor25e7b4e1,2026-generic-ballot,2026,generic-ballot,Morning Consult,,2026-03-13,2026-03-16,2201,rv,Dem,Rep,48.0,40.0,8.0,False,,https://pro.morningconsult.com/trackers/donald-trump-congress-policy-republicans-polling#03-16-2026,2026-08-31T16:27:41,2026-08-29T15:44:01
gen202morb582e7f4,2026-generic-ballot,2026,generic-ballot,Morning Consult,,2026-03-09,2026-03-15,26634,rv,Dem,Rep,45.0,42.0,3.0,False,,https://pro.morningconsult.com/trackers/2026-midterm-election-generic-ballot-polls#03-15-2026,2026-08-31T16:27:41,2026-08-29T15:44:01
gen202you5eb0a81f,2026-generic-ballot,2026,generic-ballot,YouGov,The Economist,2026-03-13,2026-03-16,1427,rv,Dem,Rep,43.0,41.0,2.0,False,,https://d3nkl3psvxxpe9.cloudfront.net/documents/econTabReport_CwWXhS2.pdf#page=58,2026-08-31T16:27:41,2026-08-29T15:44:01
gen202you3180bc85,2026-generic-ballot,2026,generic-ballot,YouGov,The Economist,2026-03-13,2026-03-16,1593,a,Dem,Rep,39.0,35.0,4.0,False,,https://d3nkl3psvxxpe9.cloudfront.net/documents/econTabReport_CwWXhS2.pdf#page=58,2026-08-31T16:27:41,2026-08-29T15:44:01
gen202ips67b7ec50,2026-generic-ballot,2026,generic-ballot,Ipsos,Reuters,2026-03-17,2026-03-19,1545,a,Dem,Rep,35.0,32.0,3.0,False,,https://www.ipsos.com/sites/default/files/ct/news/documents/2026-03/Reuters%20Ipsos%20Iran%20Poll%20March%202026%20Topline.pdf,2026-08-31T16:27:41,2026-08-29T15:44:01
gen202qua946fac3d,2026-generic-ballot,2026,generic-ballot,Quantus Insights,,2026-03-17,2026-03-18,1053,lv,Dem,Rep,47.0,42.0,5.0,False,,https://drive.google.com/file/d/1u6X2tjztzSMI-UNX00OA-CuWAhqPcxxj/view,2026-08-31T16:27:41,2026-08-29T15:44:01
gen202eme59d14015,2026-generic-ballot,2026,generic-ballot,Emerson College,,2026-03-16,2026-03-17,1000,lv,Dem,Rep,49.2,41.5,7.7,False,,https://docs.google.com/spreadsheets/d/1EfOmL-oir8Qp12WCByOuqB2fRRqtrr11/edit?rtpof=true&sd=true&gid=586600673#gid=586600673,2026-08-31T16:27:41,2026-08-29T15:44:01
gen202ips8f20b085,2026-generic-ballot,2026,generic-ballot,Ipsos,Reuters,2026-03-17,2026-03-19,1206,rv,Dem,Rep,40.0,37.0,3.0,False,,https://www.ipsos.com/sites/default/files/ct/news/documents/2026-03/Reuters%20Ipsos%20Iran%20Poll%20March%202026%20Topline.pdf,2026-08-31T16:27:41,2026-08-29T15:44:01
gen202ipse0d79dcd,2026-generic-ballot,2026,generic-ballot,Ipsos,Reuters,2026-03-17,2026-03-19,1545,a,Dem,Rep,35.0,32.0,3.0,False,,https://www.ipsos.com/sites/default/files/ct/news/documents/2026-03/Reuters%20Ipsos%20Iran%20Poll%20March%202026%20Topline.pdf,2026-08-31T16:27:41,2026-08-29T15:44:01
gen202joh3aca1eba,2026-generic-ballot,2026,generic-ballot,John Zogby Strategies,,2026-03-17,2026-03-18,1000,lv,Dem,Rep,46.0,46.0,0.0,False,,https://x.com/zogbystrategies/status/2036096236139245673?s=20,2026-08-31T16:27:41,2026-08-29T15:44:01
gen202theebe8cac7,2026-generic-ballot,2026,generic-ballot,The Argument/Verasight,,2026-03-12,2026-03-17,1519,rv,Dem,Rep,54.0,46.0,8.0,False,,https://substack.com/inbox/post/191802614,2026-08-31T16:27:41,2026-08-29T15:44:01
gen202bigb03ecf05,2026-generic-ballot,2026,generic-ballot,Big Data Poll,Public Polling Project,2026-03-22,2026-03-24,3003,rv,Dem,Rep,48.0,40.0,8.0,False,,https://www.bigdatapoll.com/blog/trump-disapproval-rating-hits-new-high-in-march-amid-unpopular-war/,2026-08-31T16:27:41,2026-08-29T15:44:01
gen202qui1a373f46,2026-generic-ballot,2026,generic-ballot,Quinnipiac University,,2026-03-19,2026-03-23,1191,rv,Dem,Rep,51.0,40.0,11.0,False,,https://poll.qu.edu/images/polling/us/us03252026_ueek31.pdf,2026-08-31T16:27:41,2026-08-29T15:44:01
gen202quaf01fa8df,2026-generic-ballot,2026,generic-ballot,Quantus Insights,,2026-03-25,2026-03-26,1470,lv,Dem,Rep,47.0,41.3,5.7,False,,https://docs.google.com/spreadsheets/d/1_Fz7pWK_RfSVQ__18QujNi-QPw5jJIqX/edit?gid=1786900467#gid=1786900467,2026-08-31T16:27:41,2026-08-29T15:44:01
gen202hara9a84ddc,2026-generic-ballot,2026,generic-ballot,HarrisX/Harris,Harvard CAPS,2026-03-25,2026-03-26,,lv,Dem,Rep,52.0,48.0,4.0,False,,https://x.com/IAPolls2022/status/2038696085267394990?s=20,2026-08-31T16:27:41,2026-08-29T15:44:01
gen202har6cb5564e,2026-generic-ballot,2026,generic-ballot,HarrisX/Harris,Harvard CAPS,2026-03-25,2026-03-26,2009,rv,Dem,Rep,51.0,49.0,2.0,False,,https://x.com/IAPolls2022/status/2038692771830063336?s=20,2026-08-31T16:27:41,2026-08-29T15:44:01
gen202you13c9e3ae,2026-generic-ballot,2026,generic-ballot,YouGov,The Economist,2026-03-27,2026-03-30,1502,rv,Dem,Rep,45.0,39.0,6.0,False,,https://d3nkl3psvxxpe9.cloudfront.net/documents/econTabReport_3wplfYX.pdf#page=50,2026-08-31T16:27:41,2026-08-29T15:44:01
gen202you5ba4707a,2026-generic-ballot,2026,generic-ballot,YouGov,The Economist,2026-03-27,2026-03-30,1674,a,Dem,Rep,39.0,33.0,6.0,False,,https://d3nkl3psvxxpe9.cloudfront.net/documents/econTabReport_3wplfYX.pdf#page=50,2026-08-31T16:27:41,2026-08-29T15:44:01
gen202mor21cd6c2a,2026-generic-ballot,2026,generic-ballot,Morning Consult,Gambling Is Not Investing,2026-03-17,2026-03-22,15029,a,Dem,Rep,47.0,42.0,5.0,False,,https://www.gamblingisnotinvesting.com/morning-consult-poll-reveals-americans-concerns-with-prediction-markets,2026-08-31T16:27:41,2026-08-29T15:44:01
gen202cnn96858d5d,2026-generic-ballot,2026,generic-ballot,CNN/SSRS,,2026-03-26,2026-03-30,951,rv,Dem,Rep,48.0,42.0,6.0,False,,https://embed.documentcloud.org/documents/28014525-cnn-poll-conducted-by-ssrs-2026-midterms-parties/?embed=1&responsive=1&title=1&onlyshoworg=1,2026-08-31T16:27:41,2026-08-29T15:44:01
gen202mor1a15291a,2026-generic-ballot,2026,generic-ballot,Morning Consult,,2026-03-23,2026-03-29,26725,rv,Dem,Rep,45.0,42.0,3.0,False,,https://pro.morningconsult.com/trackers/2026-midterm-election-generic-ballot-polls#03-29-2026,2026-08-31T16:27:41,2026-08-29T15:44:01
gen202cyg5dc20dbb,2026-generic-ballot,2026,generic-ballot,Cygnal,,2026-04-02,2026-04-03,1500,lv,Dem,Rep,49.0,43.0,6.0,False,,https://www.cygn.al/wp-content/uploads/2026/04/23738-Cygnal-National-Apr26-NVT-Deck-Public.pdf,2026-08-31T16:27:41,2026-08-29T15:44:01
gen202morb92de0d5,2026-generic-ballot,2026,generic-ballot,Morning Consult,,2026-04-03,2026-04-06,2200,rv,Dem,Rep,45.0,42.0,3.0,False,,https://pro.morningconsult.com/trackers/donald-trump-congress-policy-republicans-polling#04-06-2026,2026-08-31T16:27:41,2026-08-29T15:44:01
gen202mor2e2d0029,2026-generic-ballot,2026,generic-ballot,Morning Consult,,2026-03-23,2026-03-29,26725,rv,Dem,Rep,45.0,42.0,3.0,False,,https://pro.morningconsult.com/trackers/2026-midterm-election-generic-ballot-polls#03-29-2026,2026-08-31T16:27:41,2026-08-29T15:44:01
gen202you47b39b9a,2026-generic-ballot,2026,generic-ballot,YouGov,The Economist,2026-04-03,2026-04-06,1558,rv,Dem,Rep,44.0,42.0,2.0,False,,https://d3nkl3psvxxpe9.cloudfront.net/documents/econTabReport_SVRZJH8.pdf#page=30,2026-08-31T16:27:41,2026-08-29T15:44:01
gen202youd8d72505,2026-generic-ballot,2026,generic-ballot,YouGov,The Economist,2026-04-03,2026-04-06,1745,a,Dem,Rep,38.0,36.0,2.0,False,,https://d3nkl3psvxxpe9.cloudfront.net/documents/econTabReport_SVRZJH8.pdf#page=30,2026-08-31T16:27:41,2026-08-29T15:44:01
gen202rmga44f828f,2026-generic-ballot,2026,generic-ballot,RMG Research,Napolitan Institute,2026-04-06,2026-04-09,2000,rv,Dem,Rep,49.0,44.0,5.0,False,,https://napolitannews.org/posts/generic-ballot-dem-45-percent-gop-42-dems-also-more-enthusiastic,2026-08-31T16:27:41,2026-08-29T15:44:01
gen202the52f17495,2026-generic-ballot,2026,generic-ballot,The Winston Group,Winning the Issues,2026-03-15,2026-03-17,1000,rv,Dem,Rep,49.0,40.0,9.0,False,REP,https://www.winningtheissues.org/wp-content/uploads/2026/04/March-2026-Winning-the-Issues-Survey.pdf,2026-08-31T16:27:41,2026-08-29T15:44:01
gen202uniab038bd7,2026-generic-ballot,2026,generic-ballot,University of Massachusetts Lowell Center for Public Opinion/YouGov,,2026-03-26,2026-03-30,1000,a,Dem,Rep,38.0,35.0,3.0,False,,https://www.uml.edu/docs/2026-Nat-Pol-March-Topline_tcm18-417813.pdf,2026-08-31T16:27:41,2026-08-29T15:44:01
gen202you200a062e,2026-generic-ballot,2026,generic-ballot,YouGov,The Economist,2026-04-10,2026-04-13,1571,rv,Dem,Rep,45.0,40.0,5.0,False,,https://d3nkl3psvxxpe9.cloudfront.net/documents/econTabReport_G1zNgZq.pdf#page=49,2026-08-31T16:27:41,2026-08-29T15:44:01
gen202youc2d75ff6,2026-generic-ballot,2026,generic-ballot,YouGov,The Economist,2026-04-10,2026-04-13,1745,a,Dem,Rep,38.0,35.0,3.0,False,,https://d3nkl3psvxxpe9.cloudfront.net/documents/econTabReport_G1zNgZq.pdf#page=49,2026-08-31T16:27:41,2026-08-29T15:44:01
gen202morbad84d57,2026-generic-ballot,2026,generic-ballot,Morning Consult,,2026-04-06,2026-04-09,2200,rv,Dem,Rep,46.0,42.0,4.0,False,,https://drive.google.com/file/d/1J-vPAS1XXmBtiDUw4rDA4p3G7jHbQ6b7/view,2026-08-31T16:27:41,2026-08-29T15:44:01
gen202yalf028b2ff,2026-generic-ballot,2026,generic-ballot,Yale Youth Poll,,2026-03-09,2026-03-23,3429,rv,Dem,Rep,46.0,44.0,2.0,False,,https://youthpoll.yale.edu/spring-2026-results,2026-08-31T16:27:41,2026-08-29T15:44:01
gen202impb4bb4fec,2026-generic-ballot,2026,generic-ballot,Impact Research/BSP Research,Third Way|UnidosUS,2026-03-10,2026-03-20,1000,lv,Dem,Rep,45.0,41.0,4.0,False,,https://www.thirdway.org/memo/president-trumps-immigration-problem,2026-08-31T16:27:41,2026-08-29T15:44:01
gen202surc38b2f8a,2026-generic-ballot,2026,generic-ballot,Survey 160,,2026-03-09,2026-03-15,1546,rv,Dem,Rep,48.0,38.0,10.0,False,,https://www.survey160.com/methodological-research-blog/survey-160-tracking-poll-march-2026,2026-08-31T16:27:41,2026-08-29T15:44:01
gen202mcl73db4894,2026-generic-ballot,2026,generic-ballot,McLaughlin & Associates,,2026-04-08,2026-04-15,1000,lv,Dem,Rep,47.0,43.0,4.0,False,,https://mclaughlinonline.com/pols/wp-content/uploads/2026/04/National-April-Release-Presentation-4-16-26.pdf,2026-08-31T16:27:41,2026-08-29T15:44:01
gen202mor572d6544,2026-generic-ballot,2026,generic-ballot,Morning Consult,,2026-04-17,2026-04-20,2203,rv,Dem,Rep,45.0,42.0,3.0,False,,https://pro.morningconsult.com/trackers/donald-trump-congress-policy-republicans-polling#04-20-2026,2026-08-31T16:27:41,2026-08-29T15:44:01
gen202mor77813195,2026-generic-ballot,2026,generic-ballot,Morning Consult,,2026-03-30,2026-04-05,12505,rv,Dem,Rep,45.0,42.0,3.0,False,,https://pro.morningconsult.com/trackers/2026-midterm-election-generic-ballot-polls#04-05-2026,2026-08-31T16:27:41,2026-08-29T15:44:01
gen202mor32544209,2026-generic-ballot,2026,generic-ballot,Morning Consult,,2026-04-06,2026-04-12,12505,rv,Dem,Rep,46.0,42.0,4.0,False,,https://pro.morningconsult.com/trackers/2026-midterm-election-generic-ballot-polls#04-12-2026,2026-08-31T16:27:41,2026-08-29T15:44:01
gen202mor74921d58,2026-generic-ballot,2026,generic-ballot,Morning Consult,,2026-04-13,2026-04-19,27869,rv,Dem,Rep,45.0,42.0,3.0,False,,https://pro.morningconsult.com/trackers/2026-midterm-election-generic-ballot-polls#04-19-2026,2026-08-31T16:27:41,2026-08-29T15:44:01
gen202ver9645121a,2026-generic-ballot,2026,generic-ballot,Verasight,Strength In Numbers,2026-04-10,2026-04-14,1386,rv,Dem,Rep,50.0,43.0,7.0,False,,https://www.gelliottmorris.com/p/2026-04-21-april-strength-in-numbers-verasight-poll,2026-08-31T16:27:41,2026-08-29T15:44:01
gen202ver06de9dc4,2026-generic-ballot,2026,generic-ballot,Verasight,Strength In Numbers,2026-04-10,2026-04-14,1514,a,Dem,Rep,49.0,41.0,8.0,False,,https://www.gelliottmorris.com/p/2026-04-21-april-strength-in-numbers-verasight-poll,2026-08-31T16:27:41,2026-08-29T15:44:01
gen202ech657fa13f,2026-generic-ballot,2026,generic-ballot,Echelon Insights,NetChoice,2026-04-03,2026-04-09,2880,lv,Dem,Rep,50.0,45.0,5.0,False,,https://netchoice.org/wp-content/uploads/2026/04/NetChoice-Apr-2026-National-Antitrust-Survey-Topline.pdf,2026-08-31T16:27:41,2026-08-29T15:44:01
gen202you2142fbd8,2026-generic-ballot,2026,generic-ballot,YouGov,The Economist,2026-04-17,2026-04-20,1549,rv,Dem,Rep,45.0,40.0,5.0,False,,https://d3nkl3psvxxpe9.cloudfront.net/documents/econTabReport_I24AWdp.pdf#page=65,2026-08-31T16:27:41,2026-08-29T15:44:01
gen202you1706e723,2026-generic-ballot,2026,generic-ballot,YouGov,The Economist,2026-04-17,2026-04-20,1703,a,Dem,Rep,39.0,33.0,6.0,False,,https://d3nkl3psvxxpe9.cloudfront.net/documents/econTabReport_I24AWdp.pdf#page=65,2026-08-31T16:27:41,2026-08-29T15:44:01
gen202ips723b2f06,2026-generic-ballot,2026,generic-ballot,Ipsos,Reuters,2026-04-15,2026-04-20,3577,rv,Dem,Rep,41.0,38.0,3.0,False,,https://www.reuters.com/world/us/many-americans-question-trumps-temperament-amid-iran-war-pope-spat-reutersipsos-2026-04-21,2026-08-31T16:27:41,2026-08-29T15:44:01
gen202ech75567eb0,2026-generic-ballot,2026,generic-ballot,Echelon Insights,,2026-04-17,2026-04-20,1012,lv,Dem,Rep,50.0,44.0,6.0,False,,https://echeloninsights.com/hubfs/_Media%20for%20Insights%20Blog/April%202026%20Voter%20Omnibus%20Topline%20-%20External.pdf,2026-08-31T16:27:41,2026-08-29T15:44:01
gen202ipsf49cf96d,2026-generic-ballot,2026,generic-ballot,Ipsos,Reuters,2026-04-15,2026-04-20,3577,rv,Dem,Rep,41.0,38.0,3.0,False,,https://www.ipsos.com/sites/default/files/ct/news/documents/2026-04/Reuters%20Ipsos%20Large%20Issue%20April%202026%20Topline%204.21%20Release_1.pdf,2026-08-31T16:27:41,2026-08-29T15:44:01
gen202ipse8884e79,2026-generic-ballot,2026,generic-ballot,Ipsos,Reuters,2026-04-15,2026-04-20,4557,a,Dem,Rep,35.0,31.0,4.0,False,,https://www.ipsos.com/sites/default/files/ct/news/documents/2026-04/Reuters%20Ipsos%20Large%20Issue%20April%202026%20Topline%204.21%20Release_1.pdf,2026-08-31T16:27:41,2026-08-29T15:44:01
gen202marb1e8baaf,2026-generic-ballot,2026,generic-ballot,Marquette University Law School,,2026-04-08,2026-04-16,576,lv,Dem,Rep,53.0,43.0,10.0,False,,https://law.marquette.edu/assets/community/poll/MLSPSC31/MLSPSC31Crosstabs_NationalIssues.html,2026-08-31T16:27:41,2026-08-29T15:44:01
gen202mardb2854b7,2026-generic-ballot,2026,generic-ballot,Marquette University Law School,,2026-04-08,2026-04-16,870,rv,Dem,Rep,48.0,44.0,4.0,False,,https://law.marquette.edu/assets/community/poll/MLSPSC31/MLSPSC31Crosstabs_NationalIssues.html,2026-08-31T16:27:41,2026-08-29T15:44:01
gen202marea9f7806,2026-generic-ballot,2026,generic-ballot,Marquette University Law School,,2026-04-08,2026-04-16,982,a,Dem,Rep,44.0,41.0,3.0,False,,https://law.marquette.edu/assets/community/poll/MLSPSC31/MLSPSC31Crosstabs_NationalIssues.html,2026-08-31T16:27:41,2026-08-29T15:44:01
gen202sur62e6d9ea,2026-generic-ballot,2026,generic-ballot,Survey 160,,2026-04-08,2026-04-13,1539,rv,Dem,Rep,47.0,37.0,10.0,False,,https://www.survey160.com/methodological-research-blog/survey-160-tracking-poll-april-2026,2026-08-31T16:27:41,2026-08-29T15:44:01
gen202hare0f9b514,2026-generic-ballot,2026,generic-ballot,Hart Research Associates/Public Opinion Strategies,CNBC,2026-04-15,2026-04-19,1000,rv,Dem,Rep,49.0,45.0,4.0,False,,https://fm.cnbc.com/applications/cnbc.com/resources/editorialfiles/2026/04/23/Toplines_260142_CNBC_AAES_Q1_2026_Topline.pdf,2026-08-31T16:27:41,2026-08-29T15:44:01
gen202joh0a1e6aef,2026-generic-ballot,2026,generic-ballot,John Zogby Strategies,,2026-04-17,2026-04-18,1001,lv,Dem,Rep,48.0,44.0,4.0,False,,https://x.com/zogbystrategies/status/2047123700990767164?s=20,2026-08-31T16:27:41,2026-08-29T15:44:01
gen202beab54fecf9,2026-generic-ballot,2026,generic-ballot,Beacon Research/Shaw & Co. Research,Fox News,2026-04-17,2026-04-20,1001,rv,Dem,Rep,52.0,47.0,5.0,False,,https://static.foxnews.com/foxnews.com/content/uploads/2026/04/fox_april-17-20-2026_national_topline_april-22-release.pdf,2026-08-31T16:27:41,2026-08-29T15:44:01
gen202qua30319a4e,2026-generic-ballot,2026,generic-ballot,Quantus Insights,,2026-04-21,2026-04-23,1452,lv,Dem,Rep,47.0,42.0,5.0,False,,https://drive.google.com/file/d/1xc5TCNWqDfyPWJbTg5Esp61oyLKRqPms/view,2026-08-31T16:27:41,2026-08-29T15:44:01
gen202mor441d3c0c,2026-generic-ballot,2026,generic-ballot,Morning Consult,,2026-04-20,2026-04-26,28235,rv,Dem,Rep,45.0,42.0,3.0,False,,https://pro.morningconsult.com/trackers/2026-midterm-election-generic-ballot-polls#04-26-2026,2026-08-31T16:27:41,2026-08-29T15:44:01
gen202moraf812e1e,2026-generic-ballot,2026,generic-ballot,Morning Consult,,2026-04-24,2026-04-27,2201,rv,Dem,Rep,45.0,42.0,3.0,False,,https://pro.morningconsult.com/trackers/donald-trump-congress-policy-republicans-polling#04-27-2026,2026-08-31T16:27:41,2026-08-29T15:44:01
gen202you2ae6f378,2026-generic-ballot,2026,generic-ballot,YouGov,The Economist,2026-04-24,2026-04-27,1645,rv,Dem,Rep,46.0,41.0,5.0,False,,https://d3nkl3psvxxpe9.cloudfront.net/documents/econTabReport_Ty7ikPd.pdf#page=52,2026-08-31T16:27:41,2026-08-29T15:44:01
gen202you3de5efa3,2026-generic-ballot,2026,generic-ballot,YouGov,The Economist,2026-04-24,2026-04-27,1834,a,Dem,Rep,39.0,34.0,5.0,False,,https://d3nkl3psvxxpe9.cloudfront.net/documents/econTabReport_Ty7ikPd.pdf#page=52,2026-08-31T16:27:41,2026-08-29T15:44:01
gen202ips0bc2dcd0,2026-generic-ballot,2026,generic-ballot,Ipsos,Reuters,2026-04-24,2026-04-27,1014,rv,Dem,Rep,41.0,37.0,4.0,False,,https://www.ipsos.com/sites/default/files/ct/news/documents/2026-04/Reuters%20Ipsos%20Core%20Political%20April%202026%20Topline.pdf,2026-08-31T16:27:41,2026-08-29T15:44:01
gen202ipsefd2e293,2026-generic-ballot,2026,generic-ballot,Ipsos,Reuters,2026-04-24,2026-04-27,1269,a,Dem,Rep,36.0,31.0,5.0,False,,https://www.ipsos.com/sites/default/files/ct/news/documents/2026-04/Reuters%20Ipsos%20Core%20Political%20April%202026%20Topline.pdf,2026-08-31T16:27:41,2026-08-29T15:44:01
gen202har524f07a0,2026-generic-ballot,2026,generic-ballot,HarrisX/Harris,Harvard CAPS,2026-04-23,2026-04-26,,lv,Dem,Rep,50.0,50.0,0.0,False,,https://harvardharrispoll.com/wp-content/uploads/2026/04/HHP_Apr2026_KeyResults.pdf,2026-08-31T16:27:41,2026-08-29T15:44:01
gen202harc4ffc78c,2026-generic-ballot,2026,generic-ballot,HarrisX/Harris,Harvard CAPS,2026-04-23,2026-04-26,2745,rv,Dem,Rep,50.0,50.0,0.0,False,,https://harvardharrispoll.com/wp-content/uploads/2026/04/HHP_Apr2026_KeyResults.pdf,2026-08-31T16:27:41,2026-08-29T15:44:01
gen202eme52b01f0e,2026-generic-ballot,2026,generic-ballot,Emerson College,,2026-04-24,2026-04-26,1000,lv,Dem,Rep,50.3,40.2,10.1,False,,https://docs.google.com/spreadsheets/d/1FsVoQjT-tHeejavmtPp3dWF2UpdwGBOe/edit?gid=148203681#gid=148203681,2026-08-31T16:27:41,2026-08-29T15:44:01
gen202leg6734532b,2026-generic-ballot,2026,generic-ballot,Leger,338Canada|Maintenant Media,2026-04-17,2026-04-20,1004,a,Dem,Rep,52.0,42.0,10.0,False,,https://documents.leger360.com/hubfs/%C3%89tudes%20M%C3%A9diatiques/%C3%89tudes%20M%C3%A9diatiques%20-%202026/4.%20%C3%89M%20-%20Avril%202026/20260428%20-%20US%20Poll%20April%202026/US_POL_April_2026_338Canada_VF.pdf,2026-08-31T16:27:41,2026-08-29T15:44:01
gen202the055f2404,2026-generic-ballot,2026,generic-ballot,The Argument/Verasight,,2026-04-20,2026-04-23,1000,lv,Dem,Rep,53.0,47.0,6.0,False,,https://www.theargumentmag.com/p/why-democrats-cant-win-more-trump,2026-08-31T16:27:41,2026-08-29T15:44:01
gen202kff582c6691,2026-generic-ballot,2026,generic-ballot,KFF,,2026-04-14,2026-04-19,1107,rv,Dem,Rep,43.0,34.0,9.0,False,,https://www.kff.org/public-opinion/kff-health-tracking-poll-health-care-costs-and-the-midterms,2026-08-31T16:27:41,2026-08-29T15:44:01
gen202bigf4330694,2026-generic-ballot,2026,generic-ballot,Big Data Poll,,2026-04-25,2026-04-28,2874,lv,Dem,Rep,50.4,39.4,11.0,False,,https://www.bigdatapoll.com/blog/national-mood-worsens-for-republicans-in-april-2026-national-poll,2026-08-31T16:27:41,2026-08-29T15:44:01
gen202big0c0c7e6f,2026-generic-ballot,2026,generic-ballot,Big Data Poll,,2026-04-25,2026-04-28,3176,rv,Dem,Rep,47.7,37.1,10.6,False,,https://www.bigdatapoll.com/blog/national-mood-worsens-for-republicans-in-april-2026-national-poll,2026-08-31T16:27:41,2026-08-29T15:44:01
gen202ips5f46bb4b,2026-generic-ballot,2026,generic-ballot,Ipsos,The Washington Post|ABC News,2026-04-24,2026-04-28,2059,rv,Dem,Rep,49.0,44.0,5.0,False,,https://www.washingtonpost.com/documents/f7336b89-3d59-4df1-a322-60abcf0b2477.pdf?itid=lk_inline_manual_5,2026-08-31T16:27:41,2026-08-29T15:44:01
gen202cha2262f999,2026-generic-ballot,2026,generic-ballot,Change Research,,2026-03-08,2026-03-12,1540,rv,Dem,Rep,47.0,41.0,6.0,False,,https://portal.changeresearch.com/portal/projects/61cdcd30-3c32-4785-9ccb-5fe82cb36389,2026-08-31T16:27:41,2026-08-29T15:44:01
gen202pub024ad9fb,2026-generic-ballot,2026,generic-ballot,Public Opinion Strategies,CoinDesk,2026-04-21,2026-04-27,1000,rv,Dem,Rep,44.0,41.0,3.0,False,,https://www.coindesk.com/policy/2026/05/03/crypto-is-at-the-bottom-of-u-s-voters-priorities-heading-into-the-midterm-coindesk-survey-shows,2026-08-31T16:27:41,2026-08-29T15:44:01
gen202chaac421070,2026-generic-ballot,2026,generic-ballot,Change Research,,2026-02-05,2026-02-18,1741,rv,Dem,Rep,43.0,40.0,3.0,False,,https://portal.changeresearch.com/portal/projects/9c8a3c8a-70c6-47f8-80bf-596426bc3318,2026-08-31T16:27:41,2026-08-29T15:44:01
gen202you3b7f3c42,2026-generic-ballot,2026,generic-ballot,YouGov,The Economist,2026-05-01,2026-05-04,1406,rv,Dem,Rep,44.0,41.0,3.0,False,,https://d3nkl3psvxxpe9.cloudfront.net/documents/econTabReport_Zi1MEwp.pdf#page=32,2026-08-31T16:27:41,2026-08-29T15:44:01
gen202youb0c541de,2026-generic-ballot,2026,generic-ballot,YouGov,The Economist,2026-05-01,2026-05-04,1570,a,Dem,Rep,38.0,34.0,4.0,False,,https://d3nkl3psvxxpe9.cloudfront.net/documents/econTabReport_Zi1MEwp.pdf#page=32,2026-08-31T16:27:41,2026-08-29T15:44:01
gen202morfece680f,2026-generic-ballot,2026,generic-ballot,Morning Consult,,2026-04-30,2026-05-03,2200,rv,Dem,Rep,46.0,43.0,3.0,False,,https://pro.morningconsult.com/trackers/donald-trump-congress-policy-republicans-polling#05-03-2026,2026-08-31T16:27:41,2026-08-29T15:44:01
gen202claf159f7a2,2026-generic-ballot,2026,generic-ballot,Clarity Campaign Labs,,2026-04-15,2026-04-24,1000,lv,Dem,Rep,50.0,45.0,5.0,False,,https://www.claritycampaigns.com/clarity-omnibus-2026-april,2026-08-31T16:27:41,2026-08-29T15:44:01
gen202mar4b14738d,2026-generic-ballot,2026,generic-ballot,Marist University,,2026-04-27,2026-04-30,1155,rv,Dem,Rep,52.0,42.0,10.0,False,,https://maristpoll.marist.edu/wp-content/uploads/2026/05/NPR_PBS-News_Marist-Poll_USA-NOS-and-Tables_202605011058.pdf,2026-08-31T16:27:41,2026-08-29T15:44:01
gen202harfa03dff7,2026-generic-ballot,2026,generic-ballot,HarrisX,,2026-04-29,2026-05-05,1891,lv,Dem,Rep,48.0,46.0,2.0,False,,https://www.harrisx.com/posts/forbes-and-harrisx-partner-on-new-american-confidence-survey-as-gallup-ends-approval-polling,2026-08-31T16:27:41,2026-08-29T15:44:01
gen202har68e5c022,2026-generic-ballot,2026,generic-ballot,HarrisX,Forbes,2026-04-29,2026-05-05,2359,rv,Dem,Rep,46.0,45.0,1.0,False,,https://www.harrisx.com/posts/forbes-and-harrisx-partner-on-new-american-confidence-survey-as-gallup-ends-approval-polling,2026-08-31T16:27:41,2026-08-29T15:44:01
gen202har76cd5463,2026-generic-ballot,2026,generic-ballot,HarrisX,Forbes,2026-04-29,2026-05-05,2569,a,Dem,Rep,46.0,45.0,1.0,False,,https://www.harrisx.com/posts/forbes-and-harrisx-partner-on-new-american-confidence-survey-as-gallup-ends-approval-polling,2026-08-31T16:27:41,2026-08-29T15:44:01
gen202rmgedb864a5,2026-generic-ballot,2026,generic-ballot,RMG Research,Napolitan Institute,2026-05-04,2026-05-06,2000,rv,Dem,Rep,50.0,41.0,9.0,False,,https://napolitannews.org/posts/generic-ballot-dem-50-percent-gop-41-dems-also-more-enthusiastic,2026-08-31T16:27:41,2026-08-29T15:44:01
gen202foc15ef8992,2026-generic-ballot,2026,generic-ballot,Focaldata,Financial Times,2026-05-01,2026-05-05,3017,rv,Dem,Rep,51.862,44.4652,7.4,False,,https://www.focaldata.com/blog/democrats-lead-economy-focaldata-financial-times-poll,2026-08-31T16:27:41,2026-08-29T15:44:01
gen202foc290a9926,2026-generic-ballot,2026,generic-ballot,Focaldata,Financial Times,2026-05-01,2026-05-05,3612,a,Dem,Rep,46.436,38.7615,7.67,False,,https://www.focaldata.com/blog/democrats-lead-economy-focaldata-financial-times-poll,2026-08-31T16:27:41,2026-08-29T15:44:01
gen202ips56dfccb2,2026-generic-ballot,2026,generic-ballot,Ipsos,Reuters,2026-05-08,2026-05-11,993,rv,Dem,Rep,41.0,35.0,6.0,False,,https://www.ipsos.com/sites/default/files/ct/news/documents/2026-05/Reuters%20Ipsos%20May%20Political%20Update%20Poll%20Topline.pdf,2026-08-31T16:27:41,2026-08-29T15:44:01
gen202ips98484562,2026-generic-ballot,2026,generic-ballot,Ipsos,Reuters,2026-05-08,2026-05-11,1254,a,Dem,Rep,36.0,31.0,5.0,False,,https://www.ipsos.com/sites/default/files/ct/news/documents/2026-05/Reuters%20Ipsos%20May%20Political%20Update%20Poll%20Topline.pdf,2026-08-31T16:27:41,2026-08-29T15:44:01
gen202tav4385f790,2026-generic-ballot,2026,generic-ballot,Tavern Research,,2026-04-06,2026-04-09,502,lv,Dem,Rep,44.0,43.0,1.0,False,,https://www.tavernresearch.com/research-and-writings/cutting-room-floor-april-10-2026,2026-08-31T16:27:41,2026-08-29T15:44:01
gen202atlfaff628e,2026-generic-ballot,2026,generic-ballot,AtlasIntel,,2026-05-04,2026-05-07,2069,a,Dem,Rep,54.6,40.1,14.5,False,,https://www.atlasintel.org/poll/usa-national-2026-05-11,2026-08-31T16:27:41,2026-08-29T15:44:01
gen202cnn284290e8,2026-generic-ballot,2026,generic-ballot,CNN/SSRS,,2026-04-30,2026-05-04,,rv,Dem,Rep,45.0,42.0,3.0,False,,https://www.documentcloud.org/documents/28114951-cnn-poll-conducted-by-ssrs-affordability,2026-08-31T16:27:41,2026-08-29T15:44:01
gen202youb7220175,2026-generic-ballot,2026,generic-ballot,YouGov,The Economist,2026-05-09,2026-05-11,1408,rv,Dem,Rep,45.0,40.0,5.0,False,,https://d3nkl3psvxxpe9.cloudfront.net/documents/econTabReport_ONiR6Nb.pdf#page=60,2026-08-31T16:27:41,2026-08-29T15:44:01
gen202you91f64a9d,2026-generic-ballot,2026,generic-ballot,YouGov,The Economist,2026-05-09,2026-05-11,1547,a,Dem,Rep,37.0,34.0,3.0,False,,https://d3nkl3psvxxpe9.cloudfront.net/documents/econTabReport_ONiR6Nb.pdf#page=60,2026-08-31T16:27:41,2026-08-29T15:44:01
gen202gbaefbb746a,2026-generic-ballot,2026,generic-ballot,GBAO Strategies,Third Way,2026-04-08,2026-04-15,2000,rv,Dem,Rep,48.0,40.0,8.0,False,,https://www.thirdway.org/memo/the-cost-of-misplaced-priorities-trumps-coalition-frays,2026-08-31T16:27:41,2026-08-29T15:44:01
gen202cygf628d98b,2026-generic-ballot,2026,generic-ballot,Cygnal,,2026-05-05,2026-05-06,1500,lv,Dem,Rep,48.5,42.4,6.1,False,,https://www.cygn.al/wp-content/uploads/2026/05/23838-Cygnal-National-May26-NVT-Deck-Public.pdf#page=42,2026-08-31T16:27:41,2026-08-29T15:44:01
gen202cha3a50e664,2026-generic-ballot,2026,generic-ballot,Change Research,,2026-04-03,2026-04-07,2702,rv,Dem,Rep,47.0,42.0,5.0,False,,https://portal.changeresearch.com/portal/projects/25b5e88c-5e8c-4f1b-9d0e-340163792181,2026-08-31T16:27:41,2026-08-29T15:44:01
gen202thee6468149,2026-generic-ballot,2026,generic-ballot,The New York Times/Siena University,,2026-05-11,2026-05-15,1507,rv,Dem,Rep,49.5,39.1,10.4,False,,https://www.nytimes.com/interactive/2026/05/18/polls/times-siena-national-poll-crosstabs.html,2026-08-31T16:27:41,2026-08-29T15:44:01
gen202ips8e4643b0,2026-generic-ballot,2026,generic-ballot,Ipsos,Reuters,2026-05-15,2026-05-18,984,rv,Dem,Rep,39.0,38.0,1.0,False,,https://www.ipsos.com/sites/default/files/ct/news/documents/2026-05/Reuters%20Ipsos%20Core%20Political%20May%20Topline_1.pdf,2026-08-31T16:27:41,2026-08-29T15:44:01
gen202ipsb55f0d9f,2026-generic-ballot,2026,generic-ballot,Ipsos,Reuters,2026-05-15,2026-05-18,1271,a,Dem,Rep,35.0,31.0,4.0,False,,https://www.ipsos.com/sites/default/files/ct/news/documents/2026-05/Reuters%20Ipsos%20Core%20Political%20May%20Topline_1.pdf,2026-08-31T16:27:41,2026-08-29T15:44:01
gen202ech92b1793f,2026-generic-ballot,2026,generic-ballot,Echelon Insights,,2026-05-14,2026-05-18,1008,lv,Dem,Rep,51.0,43.0,8.0,False,,https://echeloninsights.com/hubfs/_Media%20for%20Insights%20Blog/May%202026%20Voter%20Omnibus%20Topline%20-%20External.pdf,2026-08-31T16:27:41,2026-08-29T15:44:01
gen202you10817016,2026-generic-ballot,2026,generic-ballot,YouGov,The Economist,2026-05-15,2026-05-18,1375,rv,Dem,Rep,46.0,43.0,3.0,False,,https://d3nkl3psvxxpe9.cloudfront.net/documents/econTabReport_YTE4G2g.pdf#page=49,2026-08-31T16:27:41,2026-08-29T15:44:01
gen202youedd3df25,2026-generic-ballot,2026,generic-ballot,YouGov,The Economist,2026-05-15,2026-05-18,1543,a,Dem,Rep,40.0,35.0,5.0,False,,https://d3nkl3psvxxpe9.cloudfront.net/documents/econTabReport_YTE4G2g.pdf#page=49,2026-08-31T16:27:41,2026-08-29T15:44:01
gen202you5072b560,2026-generic-ballot,2026,generic-ballot,YouGov,CBS News,2026-05-13,2026-05-15,1397,rv,Dem,Rep,45.0,40.0,5.0,False,,https://assets1.cbsnewsstatic.com/hub/cms/prod_cms_alt/file/2026/05/19/9b11ffab-4f11-440c-aec4-cb02ac525257/cbs_20260517_rv.pdf,2026-08-31T16:27:41,2026-08-29T15:44:01
gen202qui189d3bff,2026-generic-ballot,2026,generic-ballot,Quinnipiac University,,2026-05-14,2026-05-18,1106,rv,Dem,Rep,50.0,39.0,11.0,False,,https://poll.qu.edu/images/polling/us/us05202026_ugus99.pdf,2026-08-31T16:27:41,2026-08-29T15:44:01
gen202datf7176eb4,2026-generic-ballot,2026,generic-ballot,Data for Progress,,2026-05-15,2026-05-18,1149,lv,Dem,Rep,51.0,43.0,8.0,False,,https://www.dataforprogress.org/blog/2026/5/21/democrats-lead-the-generic-ballot-by-8-points-as-midterms-approach,2026-08-31T16:27:41,2026-08-29T15:44:01
gen202joh690fd4a0,2026-generic-ballot,2026,generic-ballot,John Zogby Strategies,,2026-05-21,2026-05-22,,lv,Dem,Rep,49.0,42.0,7.0,False,,https://johnzogbystrategies.com/the-latest-zogby-political-poll-trump-economic-concerns-war-trends-05-22-26,2026-08-31T16:27:41,2026-08-29T15:44:01
gen202morf843d467,2026-generic-ballot,2026,generic-ballot,Morning Consult,,2026-05-15,2026-05-17,2203,rv,Dem,Rep,47.0,41.0,6.0,False,,https://intel.morningconsult.com/mc-content/trackers/donald-trump-congress-policy-republicans-polling#05-17-2026,2026-08-31T16:27:41,2026-08-29T15:44:01
gen202mor0eb6c381,2026-generic-ballot,2026,generic-ballot,Morning Consult,,2026-05-11,2026-05-17,28525,rv,Dem,Rep,46.0,42.0,4.0,False,,https://intel.morningconsult.com/mc-content/trackers/2026-midterm-election-generic-ballot-polls#05-17-2026,2026-08-31T16:27:41,2026-08-29T15:44:01
gen202verfe20faa5,2026-generic-ballot,2026,generic-ballot,Verasight/Morris Predictive Insights,Unite Here,2026-05-18,2026-05-20,2000,a,Dem,Rep,52.0,41.0,11.0,False,,https://www.politico.com/newsletters/playbook/2026/05/22/pod-save-nobody-00933436,2026-08-31T16:27:41,2026-08-29T15:44:01
gen202impde2e7fda,2026-generic-ballot,2026,generic-ballot,Impact Research/National Research,The Wall Street Journal,2026-05-07,2026-05-18,1500,rv,Dem,Rep,48.0,40.0,8.0,False,,https://www.wsj.com/politics/policy/trump-republican-congress-control-98a13bd9,2026-08-31T16:27:41,2026-08-29T15:44:01
gen202mclac6f0649,2026-generic-ballot,2026,generic-ballot,McLaughlin & Associates,,2026-05-12,2026-05-18,1000,lv,Dem,Rep,46.0,42.0,4.0,False,,https://mclaughlinonline.com/pols/wp-content/uploads/2026/05/National-May-Presentation-RELEASE-05-19-26.pdf,2026-08-31T16:27:41,2026-08-29T15:44:01
gen202ras58d26adb,2026-generic-ballot,2026,generic-ballot,Rasmussen Reports,,2026-05-13,2026-05-20,2161,lv,Dem,Rep,47.0,41.0,6.0,False,,https://www.rasmussenreports.com/public_content/politics/mood_of_america/generic_congressional_ballot_may25,2026-08-31T16:27:41,2026-08-29T15:44:01
gen202vera78dda95,2026-generic-ballot,2026,generic-ballot,Verasight,Strength In Numbers,2026-05-18,2026-05-19,1413,rv,Dem,Rep,51.0,43.0,8.0,False,,https://www.gelliottmorris.com/p/2026-05-26-may-strength-in-numbers-verasight-poll,2026-08-31T16:27:41,2026-08-29T15:44:01
gen202vera1bb9c79,2026-generic-ballot,2026,generic-ballot,Verasight,Strength In Numbers,2026-05-18,2026-05-19,1520,a,Dem,Rep,51.0,41.0,10.0,False,,https://www.gelliottmorris.com/p/2026-05-26-may-strength-in-numbers-verasight-poll,2026-08-31T16:27:41,2026-08-29T15:44:01
gen202cyg62d7b594,2026-generic-ballot,2026,generic-ballot,Cygnal,Conservative Energy Network,2026-05-04,2026-05-07,1500,lv,Dem,Rep,48.0,41.0,7.0,False,REP,https://conservativeenergynetwork.org/new-national-poll-americans-demand-action-on-rising-energy-costs-support-modernizing-the-grid-and-expanding-domestic-energy-production,2026-08-31T16:27:41,2026-08-29T15:44:01
gen202youa845f411,2026-generic-ballot,2026,generic-ballot,YouGov,The Economist,2026-05-22,2026-05-26,1393,rv,Dem,Rep,46.0,41.0,5.0,False,,https://d3nkl3psvxxpe9.cloudfront.net/documents/econTabReport_aWdgoE7.pdf#page=51,2026-08-31T16:27:41,2026-08-29T15:44:01
gen202youa317f770,2026-generic-ballot,2026,generic-ballot,YouGov,The Economist,2026-05-22,2026-05-26,1514,a,Dem,Rep,39.0,33.0,6.0,False,,https://d3nkl3psvxxpe9.cloudfront.net/documents/econTabReport_aWdgoE7.pdf#page=51,2026-08-31T16:27:41,2026-08-29T15:44:01
gen202emefa66ea0d,2026-generic-ballot,2026,generic-ballot,Emerson College,,2026-05-24,2026-05-25,1000,lv,Dem,Rep,49.8,41.3,8.5,False,,https://docs.google.com/spreadsheets/d/1Tw_zIv2JLeRPiZVOfoLA82rZY_RpNY9-/edit?rtpof=true&sd=true&gid=1557082126#gid=1557082126,2026-08-31T16:27:41,2026-08-29T15:44:01
gen202bigb5540448,2026-generic-ballot,2026,generic-ballot,Big Data Poll,Public Polling Project,2026-05-24,2026-05-27,2874,lv,Dem,Rep,50.3,39.4,10.9,False,,https://www.bigdatapoll.com/blog/democrats-expand-lead-in-may-as-voters-sour-further-on-the-iran-war,2026-08-31T16:27:41,2026-08-29T15:44:01
gen202big0f51178f,2026-generic-ballot,2026,generic-ballot,Big Data Poll,Public Polling Project,2026-05-24,2026-05-27,3176,rv,Dem,Rep,48.3,38.0,10.3,False,,https://www.bigdatapoll.com/blog/democrats-expand-lead-in-may-as-voters-sour-further-on-the-iran-war,2026-08-31T16:27:41,2026-08-29T15:44:01
gen202mor1bc36679,2026-generic-ballot,2026,generic-ballot,Morning Consult,,2026-05-18,2026-05-24,24849,rv,Dem,Rep,46.0,42.0,4.0,False,,https://intel.morningconsult.com/mc-content/trackers/2026-midterm-election-generic-ballot-polls#05-24-2026,2026-08-31T16:27:41,2026-08-29T15:44:01
gen202morc2d053f1,2026-generic-ballot,2026,generic-ballot,Morning Consult,,2026-05-18,2026-05-24,29255,rv,Dem,Rep,46.0,42.0,4.0,False,,https://intel.morningconsult.com/mc-content/trackers/2026-midterm-election-generic-ballot-polls#05-24-2026,2026-08-31T16:27:41,2026-08-29T15:44:01
gen202mar7ecb1694,2026-generic-ballot,2026,generic-ballot,Marquette University Law School,,2026-05-20,2026-05-26,576,lv,Dem,Rep,49.0,48.0,1.0,False,,https://law.marquette.edu/assets/community/poll/MLSPSC32/MLSPSC32Toplines_NationalIssues.html,2026-08-31T16:27:41,2026-08-29T15:44:01
gen202mar6d2d2b89,2026-generic-ballot,2026,generic-ballot,Marquette University Law School,,2026-05-20,2026-05-26,857,rv,Dem,Rep,46.0,45.0,1.0,False,,https://law.marquette.edu/assets/community/poll/MLSPSC32/MLSPSC32Toplines_NationalIssues.html,2026-08-31T16:27:41,2026-08-29T15:44:01
gen202mar66597189,2026-generic-ballot,2026,generic-ballot,Marquette University Law School,,2026-05-20,2026-05-26,1001,a,Dem,Rep,45.0,41.0,4.0,False,,https://law.marquette.edu/assets/community/poll/MLSPSC32/MLSPSC32Toplines_NationalIssues.html,2026-08-31T16:27:41,2026-08-29T15:44:01
gen202har52d21b8c,2026-generic-ballot,2026,generic-ballot,HarrisX/Harris,Harvard CAPS,2026-05-29,2026-05-31,1725,rv,Dem,Rep,51.0,49.0,2.0,False,,https://harvardharrispoll.com/wp-content/uploads/2026/06/HHP_May2026_KeyResults.pdf,2026-08-31T16:27:41,2026-08-29T15:44:01
gen202you7b6454f4,2026-generic-ballot,2026,generic-ballot,YouGov,The Economist,2026-05-29,2026-06-01,1452,rv,Dem,Rep,46.0,42.0,4.0,False,,https://d3nkl3psvxxpe9.cloudfront.net/documents/econTabReport_AvLU7vY.pdf#page=58,2026-08-31T16:27:41,2026-08-29T15:44:01
gen202youdb34af58,2026-generic-ballot,2026,generic-ballot,YouGov,The Economist,2026-05-29,2026-06-01,1603,a,Dem,Rep,41.0,35.0,6.0,False,,https://d3nkl3psvxxpe9.cloudfront.net/documents/econTabReport_AvLU7vY.pdf#page=58,2026-08-31T16:27:41,2026-08-29T15:44:01
gen202thea1a0afb2,2026-generic-ballot,2026,generic-ballot,The Bullfinch Group,,2026-05-29,2026-06-02,1000,rv,Dem,Rep,42.0,36.0,6.0,False,,https://www.thebullfinchgroup.com/post/public-release-of-bullfinch-q2-nationwide-survey-4,2026-08-31T16:27:41,2026-08-29T15:44:01
gen202you7e155176,2026-generic-ballot,2026,generic-ballot,YouGov,The Economist,2026-06-05,2026-06-08,1437,rv,Dem,Rep,45.0,41.0,4.0,False,,https://d3nkl3psvxxpe9.cloudfront.net/documents/econTabReport_nvajahp.pdf#page=31,2026-08-31T16:27:41,2026-08-29T15:44:01
gen202you2ea3a450,2026-generic-ballot,2026,generic-ballot,YouGov,The Economist,2026-06-05,2026-06-08,1567,a,Dem,Rep,37.0,33.0,4.0,False,,https://d3nkl3psvxxpe9.cloudfront.net/documents/econTabReport_nvajahp.pdf#page=31,2026-08-31T16:27:41,2026-08-29T15:44:01
gen202ips094ac646,2026-generic-ballot,2026,generic-ballot,Ipsos,Reuters,2026-06-03,2026-06-08,3578,rv,Dem,Rep,41.0,37.0,4.0,False,,https://www.ipsos.com/sites/default/files/ct/news/documents/2026-06/Reuters%20Ipsos%20Large%20Issue%20Topline%20June%202026%206.8%20release.pdf,2026-08-31T16:27:41,2026-08-29T15:44:01
gen202ipsc03e0960,2026-generic-ballot,2026,generic-ballot,Ipsos,Reuters,2026-06-03,2026-06-08,4531,a,Dem,Rep,35.0,31.0,4.0,False,,https://www.ipsos.com/sites/default/files/ct/news/documents/2026-06/Reuters%20Ipsos%20Large%20Issue%20Topline%20June%202026%206.8%20release.pdf,2026-08-31T16:27:41,2026-08-29T15:44:01
gen202focde986d92,2026-generic-ballot,2026,generic-ballot,Focaldata,Financial Times,2026-05-29,2026-06-01,1537,rv,Dem,Rep,48.0,43.0,5.0,False,,http://focaldata.com/blog/trump-inflation-approval-crashes-to-record-low,2026-08-31T16:27:41,2026-08-29T15:44:01
gen202foc42312cd7,2026-generic-ballot,2026,generic-ballot,Focaldata,Financial Times,2026-05-29,2026-06-01,1719,a,Dem,Rep,45.0,42.0,3.0,False,,http://focaldata.com/blog/trump-inflation-approval-crashes-to-record-low,2026-08-31T16:27:41,2026-08-29T15:44:01
gen202morf4eb5111,2026-generic-ballot,2026,generic-ballot,Morning Consult,,2026-05-25,2026-05-31,,rv,Dem,Rep,45.0,42.0,3.0,False,,https://intel.morningconsult.com/mc-content/trackers/2026-midterm-election-generic-ballot-polls#05-31-2026,2026-08-31T16:27:41,2026-08-29T15:44:01
gen202mor2b525ceb,2026-generic-ballot,2026,generic-ballot,Morning Consult,,2026-06-01,2026-06-07,24849,rv,Dem,Rep,46.0,42.0,4.0,False,,https://intel.morningconsult.com/mc-content/trackers/2026-midterm-election-generic-ballot-polls#06-07-2026,2026-08-31T16:27:41,2026-08-29T15:44:01
gen202the4b712378,2026-generic-ballot,2026,generic-ballot,The Argument/Verasight,,2026-05-29,2026-06-03,3008,rv,Dem,Rep,53.0,47.0,6.0,False,,https://www.theargumentmag.com/p/the-biggest-issue-in-american-politics,2026-08-31T16:27:41,2026-08-29T15:44:01
gen202cygbfde610f,2026-generic-ballot,2026,generic-ballot,Cygnal,,2026-06-02,2026-06-03,1500,lv,Dem,Rep,49.0,44.0,5.0,False,,https://www.cygn.al/news/poll-independents-arent-who-you-think-they-are-the-left-americas-250-and-who-trump-has-lost-since-the-inauguration,2026-08-31T16:27:41,2026-08-29T15:44:01
gen202eme29000092,2026-generic-ballot,2026,generic-ballot,Emerson College,,2026-06-07,2026-06-08,1200,lv,Dem,Rep,50.3,39.5,10.8,False,,https://docs.google.com/spreadsheets/d/1OdhDSPbsk575neEvXB2v103QdfEAE8l-/edit?gid=1710999602#gid=1710999602,2026-08-31T16:27:41,2026-08-29T15:44:01
gen202har3111816f,2026-generic-ballot,2026,generic-ballot,HarrisX,Forbes,2026-05-20,2026-06-07,1137,lv,Dem,Rep,46.0,45.0,1.0,False,,https://www.harrisx.com/content/forbes-harrisx-american-confidence-tracker-june-2026#06-07-2026,2026-08-31T16:27:41,2026-08-29T15:44:01
gen202nob5477cc24,2026-generic-ballot,2026,generic-ballot,Noble Predictive Insights,The Center Square,2026-06-01,2026-06-04,2585,rv,Dem,Rep,47.0,41.0,6.0,False,,https://www.thecentersquare.com/national/article_068f34af-cac1-4328-b582-915d04044322.html,2026-08-31T16:27:41,2026-08-29T15:44:01
gen202har8f24bc9e,2026-generic-ballot,2026,generic-ballot,HarrisX,Forbes,2026-05-20,2026-06-07,1392,rv,Dem,Rep,44.0,43.0,1.0,False,,https://www.harrisx.com/content/forbes-harrisx-american-confidence-tracker-june-2026#06-07-2026,2026-08-31T16:27:41,2026-08-29T15:44:01
gen202harde8dec3f,2026-generic-ballot,2026,generic-ballot,HarrisX,Forbes,2026-05-20,2026-06-07,2010,a,Dem,Rep,43.0,42.0,1.0,False,,https://www.harrisx.com/content/forbes-harrisx-american-confidence-tracker-june-2026#06-07-2026,2026-08-31T16:27:41,2026-08-29T15:44:01
gen202cla167fdc50,2026-generic-ballot,2026,generic-ballot,Clarity Campaign Labs,,2026-05-28,2026-06-05,1045,lv,Dem,Rep,48.0,45.0,3.0,False,,https://www.claritycampaigns.com/clarity-omnibus-2026-may,2026-08-31T16:27:41,2026-08-29T15:44:01
gen202har3b4dc744,2026-generic-ballot,2026,generic-ballot,Hart Research Associates/Public Opinion Strategies,NBC News|More Perfect,2026-05-29,2026-06-07,2400,rv,Dem,Rep,49.0,44.0,5.0,False,,https://www.documentcloud.org/documents/28246606-260216-nbc-june-2026-poll-61426-release,2026-08-31T16:27:41,2026-08-29T15:44:01
gen202tip4415de70,2026-generic-ballot,2026,generic-ballot,TIPP Insights,Issues & Insights,2026-05-26,2026-05-28,1332,rv,Dem,Rep,46.0,41.0,5.0,False,,https://issuesinsights.com/2026/06/15/does-either-party-have-an-edge-in-2026-midterms-and-2028-presidential-election-ii-tipp-poll,2026-08-31T16:27:41,2026-08-29T15:44:01
gen202the289bae57,2026-generic-ballot,2026,generic-ballot,The Public Sentiment Institute,,2026-06-12,2026-06-13,1023,lv,Dem,Rep,50.0,41.0,9.0,False,,https://tpsiofficial.substack.com/p/tpsi-junes-national-benchmark-poll,2026-08-31T16:27:41,2026-08-29T15:44:01
gen202thecaa1c332,2026-generic-ballot,2026,generic-ballot,The Public Sentiment Institute,,2026-06-12,2026-06-13,1042,rv,Dem,Rep,43.0,34.0,9.0,False,,https://tpsiofficial.substack.com/p/tpsi-junes-national-benchmark-poll,2026-08-31T16:27:41,2026-08-29T15:44:01
gen202chaa87e051f,2026-generic-ballot,2026,generic-ballot,Change Research,,2026-05-05,2026-05-10,2244,rv,Dem,Rep,45.0,42.0,3.0,False,,https://portal.changeresearch.com/portal/projects/07dc6ff6-bb96-4bc5-a138-90b0ab3b22db,2026-08-31T16:27:41,2026-08-29T15:44:01
gen202res9438765a,2026-generic-ballot,2026,generic-ballot,Research Co.,,2026-06-04,2026-06-06,1001,a,Dem,Rep,38.0,33.0,5.0,False,,https://researchco.ca/wp-content/uploads/2026/06/Tables_Politics_USA_15Jun2026.pdf,2026-08-31T16:27:41,2026-08-29T15:44:01
gen202ips6e1b4a09,2026-generic-ballot,2026,generic-ballot,Ipsos,Reuters,2026-06-12,2026-06-15,1195,rv,Dem,Rep,41.0,38.0,3.0,False,,https://www.ipsos.com/sites/default/files/ct/news/documents/2026-06/Reuters%20Ipsos%20America%20250%20Poll%20Topline%20June%202026_0.pdf,2026-08-31T16:27:41,2026-08-29T15:44:01
gen202ipsc3892df0,2026-generic-ballot,2026,generic-ballot,Ipsos,,2026-06-12,2026-06-15,1537,a,Dem,Rep,35.0,31.0,4.0,False,,https://www.ipsos.com/sites/default/files/ct/news/documents/2026-06/Reuters%20Ipsos%20America%20250%20Poll%20Topline%20June%202026_0.pdf,2026-08-31T16:27:41,2026-08-29T15:44:01
gen202youda6c5c1c,2026-generic-ballot,2026,generic-ballot,YouGov,The Economist,2026-06-13,2026-06-15,1402,rv,Dem,Rep,46.0,44.0,2.0,False,,https://d3nkl3psvxxpe9.cloudfront.net/documents/econTabReport_GpnDRNm.pdf#page=74,2026-08-31T16:27:41,2026-08-29T15:44:01
gen202you92365a96,2026-generic-ballot,2026,generic-ballot,YouGov,The Economist,2026-06-13,2026-06-15,1547,a,Dem,Rep,39.0,36.0,3.0,False,,https://d3nkl3psvxxpe9.cloudfront.net/documents/econTabReport_GpnDRNm.pdf#page=74,2026-08-31T16:27:41,2026-08-29T15:44:01
gen202ech6ea2c23e,2026-generic-ballot,2026,generic-ballot,Echelon Insights,,2026-06-11,2026-06-14,1012,lv,Dem,Rep,50.0,44.0,6.0,False,,https://echeloninsights.com/hubfs/_Media%20for%20Insights%20Blog/June%202026%20Voter%20Omnibus%20Topline%20-%20External.pdf,2026-08-31T16:27:41,2026-08-29T15:44:01
gen202mcl812e2f8e,2026-generic-ballot,2026,generic-ballot,McLaughlin & Associates,America's New Majority Project,2026-05-14,2026-05-18,2000,rv,Dem,Rep,39.0,36.0,3.0,False,REP,https://www.americasnewmajorityproject.net/p/democrat-lawmakers-are-taking-positions,2026-08-31T16:27:41,2026-08-29T15:44:01
gen202qua445d984b,2026-generic-ballot,2026,generic-ballot,Quantus Insights,,2026-06-16,2026-06-17,1000,lv,Dem,Rep,47.0,43.0,4.0,False,,https://polls.quantusinsights.org/polls/national-approval-june-17?tab=toplines,2026-08-31T16:27:41,2026-08-29T15:44:01
gen202thed828b959,2026-generic-ballot,2026,generic-ballot,The Rainey Center,,2026-05-17,2026-05-18,1010,rv,Dem,Rep,45.0,43.0,2.0,False,,https://cdn.prod.website-files.com/663a60b91deeae06e8ae1d1c/6a317d6b6a131bd58ddfc7b9_Rainey_Center_May_Omnibus_Toplines.pdf,2026-08-31T16:27:41,2026-08-29T15:44:01
gen202the175e2ddd,2026-generic-ballot,2026,generic-ballot,The Bullfinch Group,The Independent Center,2026-06-12,2026-06-16,1000,rv,Dem,Rep,44.0,36.0,8.0,False,,https://cdn.prod.website-files.com/68f64c3625044325e169d107/6a3583631f77734f69af70c8_2026%20IC%20Nationwide%20News%20Survey%20Toplines%20(1).pdf,2026-08-31T16:27:41,2026-08-29T15:44:01
gen202the035c13b4,2026-generic-ballot,2026,generic-ballot,The Bullfinch Group,The Independent Center,2026-06-12,2026-06-16,1200,a,Dem,Rep,43.0,34.0,9.0,False,,https://cdn.prod.website-files.com/68f64c3625044325e169d107/6a3583631f77734f69af70c8_2026%20IC%20Nationwide%20News%20Survey%20Toplines%20(1).pdf,2026-08-31T16:27:41,2026-08-29T15:44:01
genconyouc499c5b3,2026-generic-ballot,2026,generic-ballot,YouGov,The Economist,2026-06-19,2026-06-22,1517,rv,Dem,Rep,45.0,43.0,2.0,False,,https://d3nkl3psvxxpe9.cloudfront.net/documents/econTabReport_v8p0Pe8.pdf#page=58,2026-08-31T16:27:41,2026-08-29T15:44:01
genconyou0df1e8df,2026-generic-ballot,2026,generic-ballot,YouGov,The Economist,2026-06-19,2026-06-22,1679,a,Dem,Rep,38.0,35.0,3.0,False,,https://d3nkl3psvxxpe9.cloudfront.net/documents/econTabReport_v8p0Pe8.pdf#page=58,2026-08-31T16:27:41,2026-08-29T15:44:01
genconips46ba18f1,2026-generic-ballot,2026,generic-ballot,Ipsos,,2026-06-18,2026-06-22,978,rv,Dem,Rep,41.0,36.0,5.0,False,,https://www.reuters.com/data/trumps-approval-rating-2025-01-21/,2026-08-31T16:27:41,2026-08-29T15:44:01
genconechc98db130,2026-generic-ballot,2026,generic-ballot,Echelon Insights,,2026-06-18,2026-06-22,1003,lv,Dem,Rep,51.0,45.0,6.0,False,,https://echeloninsights.com/insights/june-2026-america-250-verified-voter-omnibus,2026-08-31T16:27:41,2026-08-29T15:44:01
genconver13f348b3,2026-generic-ballot,2026,generic-ballot,Verasight,Strength in Numbers,2026-06-17,2026-06-22,1896,rv,Dem,Rep,50.0,43.0,7.0,False,,https://www.gelliottmorris.com/p/poll,2026-08-31T16:27:41,2026-08-29T15:44:01
genconmor6c6e87b1,2026-generic-ballot,2026,generic-ballot,Morning Consult,,2026-06-19,2026-06-22,,rv,Dem,Rep,46.0,42.0,4.0,False,,https://pro-assets.morningconsult.com/wp-uploads/2026/06/MCPI-PI-Weekly_260622.html,2026-08-31T16:27:41,2026-08-29T15:44:01
genconmar0fdfbf72,2026-generic-ballot,2026,generic-ballot,Marquette University Law School,,2026-06-09,2026-06-15,827,lv,Dem,Rep,53.0,45.0,8.0,False,,https://law.marquette.edu/assets/community/poll/MLSPSC33/PressRelease_America250pt2.pdf,2026-08-31T16:27:41,2026-08-29T15:44:01
genconmor4f257b9c,2026-generic-ballot,2026,generic-ballot,Morning Consult,,2026-06-08,2026-06-14,24000,rv,Dem,Rep,45.8,41.9,3.9,False,,https://pro-assets.morningconsult.com/wp-uploads/2026/06/MCPI-Midterm-Ballot_260622.html,2026-08-31T16:27:41,2026-08-29T15:44:01
gen202youa37aee72,2026-generic-ballot,2026,generic-ballot,YouGov,The Economist,2026-06-26,2026-06-29,1426,rv,Dem,Rep,45.0,42.0,3.0,False,,https://d3nkl3psvxxpe9.cloudfront.net/documents/econTabReport_1tbbxVr.pdf#page=58,2026-08-31T16:27:41,2026-08-29T15:44:01
gen202big285b1b90,2026-generic-ballot,2026,generic-ballot,Big Data Poll,Public Polling Project,2026-06-26,2026-06-28,2604,lv,Dem,Rep,50.2,41.0,9.2,False,,https://www.bigdatapoll.com/blog/trump-bump-voters-overwhelmingly-support-iran-peace-deal/,2026-08-31T16:27:41,2026-08-29T15:44:01
gen202bed25e3a0e3,2026-generic-ballot,2026,generic-ballot,Bedrock Polling,Rainey Center,2026-05-17,2026-05-18,1010,rv,Dem,Rep,45.0,43.0,2.0,False,,https://cdn.prod.website-files.com/663a60b91deeae06e8ae1d1c/6a317d6b6a131bd58ddfc7b9_Rainey_Center_May_Omnibus_Toplines.pdf,2026-08-31T16:27:41,2026-08-29T15:44:01
gen202thef222ecc9,2026-generic-ballot,2026,generic-ballot,The Winston Group,Winning the Issues,2026-05-30,2026-06-02,1000,rv,Dem,Rep,48.0,41.0,7.0,False,REP,https://www.winningtheissues.org/wp-content/uploads/2026/06/May-2026-Winning-the-Issues-Survey.pdf,2026-08-31T16:27:41,2026-08-29T15:44:01
gen202foc8381e6bc,2026-generic-ballot,2026,generic-ballot,Focaldata,Financial Times,2026-06-26,2026-06-30,1795,rv,Dem,Rep,50.0,43.0,7.0,False,,https://www.focaldata.com/blog/ossoffism-and-the-gops-elite-problem,2026-08-31T16:27:41,2026-08-29T15:44:01
gen202mor486fec38,2026-generic-ballot,2026,generic-ballot,Morning Consult,,2025-12-22,2025-12-28,24000,rv,Dem,Rep,44.0,44.0,0.0,False,,https://pro-assets.morningconsult.com/wp-uploads/2026/08/MCPI-PI-Weekly.html#12-28-2026,2026-08-31T16:27:41,2026-08-29T15:44:01
gen202mor950d8ecd,2026-generic-ballot,2026,generic-ballot,Morning Consult,,2026-04-27,2026-05-03,24000,rv,Dem,Rep,46.0,43.0,3.0,False,,https://pro-assets.morningconsult.com/wp-uploads/2026/08/MCPI-PI-Weekly.html#05-03-2026,2026-08-31T16:27:41,2026-08-29T15:44:01
gen202morb2eb12dc,2026-generic-ballot,2026,generic-ballot,Morning Consult,,2026-05-04,2026-05-10,24000,rv,Dem,Rep,45.0,42.0,3.0,False,,https://pro-assets.morningconsult.com/wp-uploads/2026/08/MCPI-PI-Weekly.html#05-10-2026,2026-08-31T16:27:41,2026-08-29T15:44:01
gen202mora1cc2932,2026-generic-ballot,2026,generic-ballot,Morning Consult,,2026-07-06,2026-07-12,24000,rv,Dem,Rep,46.0,43.0,3.0,False,,https://pro-assets.morningconsult.com/wp-uploads/2026/08/MCPI-PI-Weekly.html#07-12-2026,2026-08-31T16:27:41,2026-08-29T15:44:01
gen202nob71129946,2026-generic-ballot,2026,generic-ballot,Noble Predictive Insights,The Center Square,2026-08-12,2026-08-16,2533,rv,Dem,Rep,47.0,42.0,5.0,False,,https://www.thecentersquare.com/polls#08-16-2026,2026-08-31T16:27:41,2026-08-29T15:44:01
gen202ipsc06cf7d6,2026-generic-ballot,2026,generic-ballot,Ipsos,Reuters,2026-08-21,2026-08-24,951,rv,Dem,Rep,41.0,35.0,6.0,False,,https://www.ipsos.com/en-us/americans-continue-expect-extended-us-military-involvement-iran,2026-08-31T16:27:41,2026-08-29T15:44:01
gen202ips32a4331e,2026-generic-ballot,2026,generic-ballot,Ipsos,Reuters,2026-08-21,2026-08-24,1215,a,Dem,Rep,35.0,29.0,6.0,False,,https://www.ipsos.com/en-us/americans-continue-expect-extended-us-military-involvement-iran,2026-08-31T16:27:41,2026-08-29T15:44:01
gen202you3f6356b0,2026-generic-ballot,2026,generic-ballot,YouGov,The Economist,2026-08-21,2026-08-24,1377,rv,Dem,Rep,46.0,40.0,6.0,False,,https://d3nkl3psvxxpe9.cloudfront.net/documents/econTabReport_v7iliA1.pdf#page=17,2026-08-31T16:27:41,2026-08-29T15:44:01
gen202youc1d6d31f,2026-generic-ballot,2026,generic-ballot,YouGov,The Economist,2026-08-21,2026-08-24,1534,a,Dem,Rep,37.0,31.0,6.0,False,,https://d3nkl3psvxxpe9.cloudfront.net/documents/econTabReport_v7iliA1.pdf#page=17,2026-08-31T16:27:41,2026-08-29T15:44:01
